sm_count,sm_ratio,seq_len,batch_size,context_len,latency_ms,latency_p99_ms,achieved_bandwidth_GBs,theoretical_bw_GBs,bw_utilization_pct,model_name,layer_type
11,0.10185185185185185,256,1,0,0.04915200173854828,0.0583782411366701,85.33333031502046,2000,4.266666515751023,zamba2,attn
11,0.10185185185185185,256,4,0,0.0798719972372055,0.08419327862560728,210.05128931701407,2000,10.502564465850703,zamba2,attn
11,0.10185185185185185,256,16,0,0.08806400001049042,0.08908800035715103,762.0465115371301,2000,38.10232557685651,zamba2,attn
11,0.10185185185185185,512,1,0,0.04915200173854828,0.06348799914121628,170.66666063004092,2000,8.533333031502046,zamba2,attn
11,0.10185185185185185,512,4,0,0.07884799689054489,0.08089599758386612,425.55845834079395,2000,21.277922917039696,zamba2,attn
11,0.10185185185185185,512,16,0,0.2027519941329956,0.20483071491122243,661.9798171354092,2000,33.09899085677046,zamba2,attn
11,0.10185185185185185,1024,1,0,0.09625600278377533,0.09732096306979653,174.2978672996374,2000,8.71489336498187,zamba2,attn
11,0.10185185185185185,1024,4,0,0.19660800695419312,0.19865599274635315,341.33332126008185,2000,17.066666063004092,zamba2,attn
11,0.10185185185185185,1024,16,0,0.48844799399375916,0.4916531080007552,549.5681409297174,2000,27.47840704648587,zamba2,attn
11,0.10185185185185185,2048,1,0,0.187391996383667,0.18943999707698822,179.06011274515987,2000,8.953005637257993,zamba2,attn
11,0.10185185185185185,2048,4,0,0.4792320132255554,0.48127999901771545,280.06836833921835,2000,14.003418416960917,zamba2,attn
11,0.10185185185185185,2048,16,0,1.6517119407653809,1.6547839641571045,325.03906931327344,2000,16.25195346566367,zamba2,attn
11,0.10185185185185185,4096,1,0,0.5406720042228699,0.5468159914016724,124.12121115177462,2000,6.206060557588731,zamba2,attn
11,0.10185185185185185,4096,4,0,1.6046080589294434,1.6076799631118774,167.29035760863238,2000,8.364517880431618,zamba2,attn
11,0.10185185185185185,4096,16,0,5.965824127197266,5.96889591217041,179.98214514990107,2000,8.999107257495053,zamba2,attn
22,0.2037037037037037,256,1,0,0.04608000069856644,0.057395200766622974,91.02222084233793,2000,4.551111042116897,zamba2,attn
22,0.2037037037037037,256,4,0,0.0727040022611618,0.07680000364780426,230.7605562034145,2000,11.538027810170725,zamba2,attn
22,0.2037037037037037,256,16,0,0.07577600330114365,0.07680000364780426,885.6215830399591,2000,44.28107915199796,zamba2,attn
22,0.2037037037037037,512,1,0,0.050175998359918594,0.06348799914121628,167.18367893404903,2000,8.359183946702451,zamba2,attn
22,0.2037037037037037,512,4,0,0.06656000018119812,0.06758400052785873,504.1230755506889,2000,25.206153777534446,zamba2,attn
22,0.2037037037037037,512,16,0,0.16793599724769592,0.16999423801898955,799.2195252935354,2000,39.96097626467677,zamba2,attn
22,0.2037037037037037,1024,1,0,0.0798719972372055,0.08089599758386612,210.05128931701407,2000,10.502564465850703,zamba2,attn
22,0.2037037037037037,1024,4,0,0.16383999586105347,0.1658879965543747,409.6000103473666,2000,20.480000517368328,zamba2,attn
22,0.2037037037037037,1024,16,0,0.48844799399375916,0.4925439953804016,549.5681409297174,2000,27.47840704648587,zamba2,attn
22,0.2037037037037037,2048,1,0,0.1884160041809082,0.19046400487422943,178.08695257003015,2000,8.904347628501508,zamba2,attn
22,0.2037037037037037,2048,4,0,0.4782080054283142,0.48127999901771545,280.6680910324491,2000,14.033404551622455,zamba2,attn
22,0.2037037037037037,2048,16,0,1.651199996471405,1.6537701964378357,325.13984565606034,2000,16.25699228280302,zamba2,attn
22,0.2037037037037037,4096,1,0,0.5406720042228699,0.5468262314796448,124.12121115177462,2000,6.206060557588731,zamba2,attn
22,0.2037037037037037,4096,4,0,1.6035840511322021,1.6066559553146362,167.3971849560817,2000,8.369859247804085,zamba2,attn
22,0.2037037037037037,4096,16,0,5.964799880981445,5.967872142791748,180.01305080218836,2000,9.000652540109417,zamba2,attn
33,0.3055555555555556,256,1,0,0.04608000069856644,0.06964224122464656,91.02222084233793,2000,4.551111042116897,zamba2,attn
33,0.3055555555555556,256,4,0,0.0727040022611618,0.07578624330461024,230.7605562034145,2000,11.538027810170725,zamba2,attn
33,0.3055555555555556,256,16,0,0.07475200295448303,0.07680000364780426,897.7533891749097,2000,44.887669458745485,zamba2,attn
33,0.3055555555555556,512,1,0,0.050175998359918594,0.062494718804955454,167.18367893404903,2000,8.359183946702451,zamba2,attn
33,0.3055555555555556,512,4,0,0.0655359998345375,0.06758400052785873,512.0000012926757,2000,25.60000006463379,zamba2,attn
33,0.3055555555555556,512,16,0,0.16896000504493713,0.17100800573825836,794.3757338566784,2000,39.718786692833916,zamba2,attn
33,0.3055555555555556,1024,1,0,0.08089599758386612,0.08294399827718735,207.39241125751377,2000,10.369620562875689,zamba2,attn
33,0.3055555555555556,1024,4,0,0.16383999586105347,0.1658879965543747,409.6000103473666,2000,20.480000517368328,zamba2,attn
33,0.3055555555555556,1024,16,0,0.48691199719905853,0.49050624936819076,551.3017907633496,2000,27.56508953816748,zamba2,attn
33,0.3055555555555556,2048,1,0,0.187391996383667,0.18943999707698822,179.06011274515987,2000,8.953005637257993,zamba2,attn
33,0.3055555555555556,2048,4,0,0.4792320132255554,0.48127999901771545,280.06836833921835,2000,14.003418416960917,zamba2,attn
33,0.3055555555555556,2048,16,0,1.6517119407653809,1.6537599563598633,325.03906931327344,2000,16.25195346566367,zamba2,attn
33,0.3055555555555556,4096,1,0,0.5396479964256287,0.5468467116355896,124.35673706656407,2000,6.217836853328204,zamba2,attn
33,0.3055555555555556,4096,4,0,1.6035840511322021,1.6066559553146362,167.3971849560817,2000,8.369859247804085,zamba2,attn
33,0.3055555555555556,4096,16,0,5.976064205169678,6.034442176818848,179.67374297470644,2000,8.983687148735322,zamba2,attn
44,0.4074074074074074,256,1,0,0.04505600035190582,0.06351871915161607,93.09090836383095,2000,4.654545418191548,zamba2,attn
44,0.4074074074074074,256,4,0,0.0727040022611618,0.07577600330114365,230.7605562034145,2000,11.538027810170725,zamba2,attn
44,0.4074074074074074,256,16,0,0.07577600330114365,0.07680000364780426,885.6215830399591,2000,44.28107915199796,zamba2,attn
44,0.4074074074074074,512,1,0,0.04966400004923344,0.06452223949134349,168.9072163274025,2000,8.445360816370124,zamba2,attn
44,0.4074074074074074,512,4,0,0.06656000018119812,0.06758400052785873,504.1230755506889,2000,25.206153777534446,zamba2,attn
44,0.4074074074074074,512,16,0,0.16896000504493713,0.17100800573825836,794.3757338566784,2000,39.718786692833916,zamba2,attn
44,0.4074074074074074,1024,1,0,0.08089599758386612,0.08191999793052673,207.39241125751377,2000,10.369620562875689,zamba2,attn
44,0.4074074074074074,1024,4,0,0.16383999586105347,0.1658879965543747,409.6000103473666,2000,20.480000517368328,zamba2,attn
44,0.4074074074074074,1024,16,0,0.48844799399375916,0.492554235458374,549.5681409297174,2000,27.47840704648587,zamba2,attn
44,0.4074074074074074,2048,1,0,0.1884160041809082,0.19046400487422943,178.08695257003015,2000,8.904347628501508,zamba2,attn
44,0.4074074074074074,2048,4,0,0.477183997631073,0.48026623129844664,281.27038766243004,2000,14.063519383121504,zamba2,attn
44,0.4074074074074074,2048,16,0,1.6343040466308594,1.6568524599075318,328.50124375985416,2000,16.425062187992708,zamba2,attn
44,0.4074074074074074,4096,1,0,0.5386239886283875,0.5427302598953248,124.59315852398913,2000,6.229657926199456,zamba2,attn
44,0.4074074074074074,4096,4,0,1.6046080589294434,1.6312320232391357,167.29035760863238,2000,8.364517880431618,zamba2,attn
44,0.4074074074074074,4096,16,0,5.975039958953857,6.0887143468856815,179.704542794053,2000,8.98522713970265,zamba2,attn
54,0.5,256,1,0,0.04608000069856644,0.058429441116750185,91.02222084233793,2000,4.551111042116897,zamba2,attn
54,0.5,256,4,0,0.0727040022611618,0.07598080329596978,230.7605562034145,2000,11.538027810170725,zamba2,attn
54,0.5,256,16,0,0.07526400312781334,0.07680000364780426,891.6462214484623,2000,44.58231107242312,zamba2,attn
54,0.5,512,1,0,0.050175998359918594,0.06657024018466472,167.18367893404903,2000,8.359183946702451,zamba2,attn
54,0.5,512,4,0,0.06656000018119812,0.06860800087451935,504.1230755506889,2000,25.206153777534446,zamba2,attn
54,0.5,512,16,0,0.16896000504493713,0.17100800573825836,794.3757338566784,2000,39.718786692833916,zamba2,attn
54,0.5,1024,1,0,0.08089599758386612,0.08200191795825951,207.39241125751377,2000,10.369620562875689,zamba2,attn
54,0.5,1024,4,0,0.16281600296497345,0.16487424358725547,412.17609312296594,2000,20.608804656148298,zamba2,attn
54,0.5,1024,16,0,0.4904960095882416,0.492554235458374,547.2734757319321,2000,27.363673786596603,zamba2,attn
54,0.5,2048,1,0,0.187391996383667,0.18943999707698822,179.06011274515987,2000,8.953005637257993,zamba2,attn
54,0.5,2048,4,0,0.477183997631073,0.48025599122047424,281.27038766243004,2000,14.063519383121504,zamba2,attn
54,0.5,2048,16,0,1.6537599563598633,1.670143961906433,324.6365410743899,2000,16.231827053719496,zamba2,attn
54,0.5,4096,1,0,0.5437440276145935,0.5468159914016724,123.41995606720825,2000,6.170997803360413,zamba2,attn
54,0.5,4096,4,0,1.602560043334961,1.6220159530639648,167.5041488251387,2000,8.375207441256936,zamba2,attn
54,0.5,4096,16,0,5.974016189575195,6.12045835018158,179.73533882845948,2000,8.986766941422973,zamba2,attn
65,0.6018518518518519,256,1,0,0.04608000069856644,0.057364480793476086,91.02222084233793,2000,4.551111042116897,zamba2,attn
65,0.6018518518518519,256,4,0,0.07372800260782242,0.07578624330461024,227.55554750672124,2000,11.377777375336063,zamba2,attn
65,0.6018518518518519,256,16,0,0.07577600330114365,0.07681024357676505,885.6215830399591,2000,44.28107915199796,zamba2,attn
65,0.6018518518518519,512,1,0,0.050175998359918594,0.06561791986227028,167.18367893404903,2000,8.359183946702451,zamba2,attn
65,0.6018518518518519,512,4,0,0.06656000018119812,0.06860800087451935,504.1230755506889,2000,25.206153777534446,zamba2,attn
65,0.6018518518518519,512,16,0,0.16998399794101715,0.17203199863433838,789.5903710099363,2000,39.47951855049682,zamba2,attn
65,0.6018518518518519,1024,1,0,0.08089599758386612,0.08191999793052673,207.39241125751377,2000,10.369620562875689,zamba2,attn
65,0.6018518518518519,1024,4,0,0.16281600296497345,0.16486400365829468,412.17609312296594,2000,20.608804656148298,zamba2,attn
65,0.6018518518518519,1024,16,0,0.48844799399375916,0.4904960095882416,549.5681409297174,2000,27.47840704648587,zamba2,attn
65,0.6018518518518519,2048,1,0,0.187391996383667,0.18943999707698822,179.06011274515987,2000,8.953005637257993,zamba2,attn
65,0.6018518518518519,2048,4,0,0.4792320132255554,0.48127999901771545,280.06836833921835,2000,14.003418416960917,zamba2,attn
65,0.6018518518518519,2048,16,0,1.6537599563598633,1.6701542019844056,324.6365410743899,2000,16.231827053719496,zamba2,attn
65,0.6018518518518519,4096,1,0,0.5427200198173523,0.5458022236824036,123.65282567351193,2000,6.182641283675596,zamba2,attn
65,0.6018518518518519,4096,4,0,1.6189440488815308,1.6220159530639648,165.8089766508313,2000,8.290448832541566,zamba2,attn
65,0.6018518518518519,4096,16,0,5.972991943359375,6.215700602531433,179.76615977085984,2000,8.988307988542992,zamba2,attn
87,0.8055555555555556,256,1,0,0.04505600035190582,0.05940224148333072,93.09090836383095,2000,4.654545418191548,zamba2,attn
87,0.8055555555555556,256,4,0,0.0727040022611618,0.0759091232717036,230.7605562034145,2000,11.538027810170725,zamba2,attn
87,0.8055555555555556,256,16,0,0.07475200295448303,0.07680000364780426,897.7533891749097,2000,44.887669458745485,zamba2,attn
87,0.8055555555555556,512,1,0,0.050175998359918594,0.06860800087451935,167.18367893404903,2000,8.359183946702451,zamba2,attn
87,0.8055555555555556,512,4,0,0.06656000018119812,0.06860800087451935,504.1230755506889,2000,25.206153777534446,zamba2,attn
87,0.8055555555555556,512,16,0,0.16998399794101715,0.1722367987036703,789.5903710099363,2000,39.47951855049682,zamba2,attn
87,0.8055555555555556,1024,1,0,0.08089599758386612,0.08294399827718735,207.39241125751377,2000,10.369620562875689,zamba2,attn
87,0.8055555555555556,1024,4,0,0.16383999586105347,0.1658879965543747,409.6000103473666,2000,20.480000517368328,zamba2,attn
87,0.8055555555555556,1024,16,0,0.48844799399375916,0.49050624936819076,549.5681409297174,2000,27.47840704648587,zamba2,attn
87,0.8055555555555556,2048,1,0,0.187391996383667,0.18943999707698822,179.06011274515987,2000,8.953005637257993,zamba2,attn
87,0.8055555555555556,2048,4,0,0.4792320132255554,0.4843622326850891,280.06836833921835,2000,14.003418416960917,zamba2,attn
87,0.8055555555555556,2048,16,0,1.6537599563598633,1.6558079719543457,324.6365410743899,2000,16.231827053719496,zamba2,attn
87,0.8055555555555556,4096,1,0,0.5416960120201111,0.5457919836044312,123.88657570089055,2000,6.194328785044528,zamba2,attn
87,0.8055555555555556,4096,4,0,1.6102399826049805,1.6209919452667236,166.70524822376854,2000,8.335262411188427,zamba2,attn
87,0.8055555555555556,4096,16,0,6.028287887573242,6.08564208984375,178.1172107280111,2000,8.905860536400555,zamba2,attn
108,1.0,256,1,0,0.04505600035190582,0.05637120041996236,93.09090836383095,2000,4.654545418191548,zamba2,attn
108,1.0,256,4,0,0.0727040022611618,0.07681024357676505,230.7605562034145,2000,11.538027810170725,zamba2,attn
108,1.0,256,16,0,0.07475200295448303,0.07680000364780426,897.7533891749097,2000,44.887669458745485,zamba2,attn
108,1.0,512,1,0,0.050175998359918594,0.062463998794555664,167.18367893404903,2000,8.359183946702451,zamba2,attn
108,1.0,512,4,0,0.06656000018119812,0.06759424053132533,504.1230755506889,2000,25.206153777534446,zamba2,attn
108,1.0,512,16,0,0.16896000504493713,0.17100800573825836,794.3757338566784,2000,39.718786692833916,zamba2,attn
108,1.0,1024,1,0,0.0798719972372055,0.08191999793052673,210.05128931701407,2000,10.502564465850703,zamba2,attn
108,1.0,1024,4,0,0.16383999586105347,0.16486400365829468,409.6000103473666,2000,20.480000517368328,zamba2,attn
108,1.0,1024,16,0,0.4935680031776428,0.4946022507548332,543.867216415538,2000,27.193360820776903,zamba2,attn
108,1.0,2048,1,0,0.18943999707698822,0.19150847777724264,177.12432705730836,2000,8.856216352865417,zamba2,attn
108,1.0,2048,4,0,0.477183997631073,0.4824473667144774,281.27038766243004,2000,14.063519383121504,zamba2,attn
108,1.0,2048,16,0,1.652735948562622,1.656831979751587,324.8376804939195,2000,16.241884024695974,zamba2,attn
108,1.0,4096,1,0,0.5401600003242493,0.5458841437101364,124.23886248466316,2000,6.211943124233158,zamba2,attn
108,1.0,4096,4,0,1.6117759943008423,1.6220261931419373,166.5463792420126,2000,8.32731896210063,zamba2,attn
108,1.0,4096,16,0,6.028287887573242,6.089727878570557,178.1172107280111,2000,8.905860536400555,zamba2,attn
