sm_count,sm_ratio,seq_len,batch_size,latency_ms,latency_p99_ms,achieved_bandwidth_GBs,theoretical_bw_GBs,bw_utilization_pct,model_name,layer_type,n_blocks,waves,analytical
14,0.12962962962962962,512,1,5.113855838775635,7.677972292900085,31.57722491423655,1000.0,3.157722491423655,zamba2,ssm,128,,False
14,0.12962962962962962,512,4,22.648832321166992,22.801429233551026,8.102027927881492,1000.0,0.8102027927881492,zamba2,ssm,512,,False
14,0.12962962962962962,512,16,81.79251480102539,90.0775449371338,3.3203754238474072,1000.0,0.3320375423847407,zamba2,ssm,2048,,False
14,0.12962962962962962,512,32,153.68498992919922,177.5811161804199,2.531297091402471,1000.0,0.2531297091402471,zamba2,ssm,4096,,False
14,0.12962962962962962,512,64,282.58099365234375,344.43478057861324,2.207874577607231,1000.0,0.2207874577607231,zamba2,ssm,8192,,False
14,0.12962962962962962,1024,1,10.13862419128418,12.71196671485901,16.651313315778076,1000.0,1.6651313315778076,zamba2,ssm,256,,False
14,0.12962962962962962,1024,4,42.55436706542969,45.17194648742676,5.0021094115373295,1000.0,0.500210941153733,zamba2,ssm,1024,,False
14,0.12962962962962962,1024,16,158.29759979248047,177.5680255126953,2.4575380075881577,1000.0,0.24575380075881575,zamba2,ssm,4096,,False
14,0.12962962962962962,1024,32,282.55128479003906,343.214814453125,2.2081067246380286,1000.0,0.22081067246380284,zamba2,ssm,8192,,False
14,0.12962962962962962,1024,64,599.889404296875,626.5714221191406,1.8231117805487422,1000.0,0.18231117805487423,zamba2,ssm,16384,,False
14,0.12962962962962962,2048,1,22.705663681030273,22.832200202941895,8.081748878950785,1000.0,0.8081748878950785,zamba2,ssm,512,,False
14,0.12962962962962962,2048,4,81.72339248657227,90.25742858886719,3.3231838245655654,1000.0,0.33231838245655654,zamba2,ssm,2048,,False
14,0.12962962962962962,2048,16,287.5765838623047,335.931689453125,2.1695208407466615,1000.0,0.21695208407466615,zamba2,ssm,8192,,False
14,0.12962962962962962,2048,32,600.5969848632812,626.6167016601562,1.8209639201717938,1000.0,0.18209639201717936,zamba2,ssm,16384,,False
14,0.12962962962962962,2048,64,1179.826171875,1214.4971948242187,1.7232958417669446,1000.0,0.17232958417669447,zamba2,ssm,32768,,False
14,0.12962962962962962,4096,1,42.61427307128906,45.27821990966797,4.995077579849963,1000.0,0.4995077579849963,zamba2,ssm,1024,,False
14,0.12962962962962962,4096,4,156.03456115722656,177.71170944213867,2.493180774277346,1000.0,0.2493180774277346,zamba2,ssm,4096,,False
14,0.12962962962962962,4096,16,598.68212890625,626.883793334961,1.8267881855736192,1000.0,0.18267881855736193,zamba2,ssm,16384,,False
14,0.12962962962962962,4096,32,1182.5372314453125,1215.1856323242187,1.71934505056979,1000.0,0.171934505056979,zamba2,ssm,32768,,False
14,0.12962962962962962,4096,64,2359.4189453125,2427.0531762695314,1.6581360998954904,1000.0,0.16581360998954905,zamba2,ssm,65536,,False
14,0.12962962962962962,8192,1,83.43756866455078,90.38677703857422,3.254910951346837,1000.0,0.3254910951346837,zamba2,ssm,2048,,False
14,0.12962962962962962,8192,4,284.9623107910156,344.55586608886716,2.1894242444487877,1000.0,0.21894242444487877,zamba2,ssm,8192,,False
14,0.12962962962962962,8192,16,1182.4010620117188,1215.0347143554689,1.7195430563473642,1000.0,0.1719543056347364,zamba2,ssm,32768,,False
14,0.12962962962962962,8192,32,2365.482421875,2421.9917041015624,1.653885774766808,1000.0,0.16538857747668081,zamba2,ssm,65536,,False
14,0.12962962962962962,16384,1,156.95001983642578,178.13010803222656,2.478638539870472,1000.0,0.24786385398704722,zamba2,ssm,4096,,False
14,0.12962962962962962,16384,4,598.9386291503906,629.7887066650391,1.8260058489655138,1000.0,0.18260058489655137,zamba2,ssm,16384,,False
14,0.12962962962962962,32768,1,286.0800018310547,347.55307861328123,2.1808703439831763,1000.0,0.21808703439831761,zamba2,ssm,8192,,False
27,0.25,512,1,1.3322240114212036,3.9004158973693848,121.2118792452429,1000.0,12.12118792452429,zamba2,ssm,128,,False
27,0.25,512,4,10.169856071472168,12.739604454040528,18.043664601581394,1000.0,1.8043664601581393,zamba2,ssm,512,,False
27,0.25,512,16,42.656768798828125,45.292555541992186,6.36667669979403,1000.0,0.6366676699794029,zamba2,ssm,2048,,False
27,0.25,512,32,81.9599380493164,90.44899047851563,4.746494168479239,1000.0,0.4746494168479239,zamba2,ssm,4096,,False
27,0.25,512,64,156.51532745361328,178.14030029296876,3.9862127380777284,1000.0,0.39862127380777285,zamba2,ssm,8192,,False
27,0.25,1024,1,5.1220479011535645,7.685130343437195,32.95974798712422,1000.0,3.295974798712422,zamba2,ssm,256,,False
27,0.25,1024,4,22.601216316223145,22.73801290512085,9.418147989106588,1000.0,0.9418147989106588,zamba2,ssm,1024,,False
27,0.25,1024,16,82.07462310791016,90.43406524658204,4.739861765658318,1000.0,0.47398617656583186,zamba2,ssm,4096,,False
27,0.25,1024,32,158.0031967163086,178.19038925170898,3.948675754454547,1000.0,0.3948675754454547,zamba2,ssm,8192,,False
27,0.25,2048,1,10.22105598449707,12.79088628768921,17.95327921873517,1000.0,1.7953279218735168,zamba2,ssm,512,,False
27,0.25,2048,4,42.71104049682617,45.36126529693603,6.358586745742733,1000.0,0.6358586745742734,zamba2,ssm,2048,,False
27,0.25,2048,16,158.89971160888672,178.23237655639647,3.92639725826354,1000.0,0.392639725826354,zamba2,ssm,8192,,False
27,0.25,4096,1,22.69388771057129,22.83623384475708,9.379688606674678,1000.0,0.9379688606674678,zamba2,ssm,1024,,False
27,0.25,4096,4,83.60550308227539,90.61581680297851,4.653071312987217,1000.0,0.4653071312987217,zamba2,ssm,4096,,False
27,0.25,8192,1,42.89484786987305,45.56699512481689,6.331339764250428,1000.0,0.6331339764250428,zamba2,ssm,2048,,False
27,0.25,8192,4,158.39027404785156,178.50269592285156,3.939025901372653,1000.0,0.3939025901372653,zamba2,ssm,8192,,False
27,0.25,16384,1,84.93516540527344,91.00915870666503,4.580227355109695,1000.0,0.4580227355109695,zamba2,ssm,4096,,False
27,0.25,32768,1,159.94316864013672,179.26966873168945,3.9007817420683226,1000.0,0.3900781742068322,zamba2,ssm,8192,,False
40,0.37037037037037035,512,1,1.0362880229949951,3.611668562889099,155.82673196714146,1000.0,15.582673196714145,zamba2,ssm,128,,False
40,0.37037037037037035,512,4,8.780287742614746,8.847431344985962,20.899254942339024,1000.0,2.0899254942339027,zamba2,ssm,512,,False
40,0.37037037037037035,512,16,31.798784255981445,31.997039890289308,8.54063645370073,1000.0,0.8540636453700728,zamba2,ssm,2048,,False
40,0.37037037037037035,512,32,59.484670639038086,63.70124858856201,6.539875968392701,1000.0,0.6539875968392701,zamba2,ssm,4096,,False
40,0.37037037037037035,512,64,118.55462265014648,127.14228057861328,5.26258173703722,1000.0,0.526258173703722,zamba2,ssm,8192,,False
40,0.37037037037037035,1024,1,4.483583927154541,4.529151916503906,37.65322802982317,1000.0,3.765322802982317,zamba2,ssm,256,,False
40,0.37037037037037035,1024,4,14.816255569458008,17.428603019714355,14.366760819028359,1000.0,1.436676081902836,zamba2,ssm,1024,,False
40,0.37037037037037035,1024,16,59.96646499633789,63.71130290985107,6.4873320117128355,1000.0,0.6487332011712835,zamba2,ssm,4096,,False
40,0.37037037037037035,1024,32,118.6344985961914,127.12159088134766,5.259038470113529,1000.0,0.5259038470113528,zamba2,ssm,8192,,False
40,0.37037037037037035,2048,1,8.814591884613037,8.894555702209473,20.81792037590811,1000.0,2.081792037590811,zamba2,ssm,512,,False
40,0.37037037037037035,2048,4,31.86892795562744,32.036947135925296,8.52183846215774,1000.0,0.8521838462157739,zamba2,ssm,2048,,False
40,0.37037037037037035,2048,16,118.66726684570312,127.18303039550781,5.257586262698956,1000.0,0.5257586262698957,zamba2,ssm,8192,,False
40,0.37037037037037035,4096,1,14.917119979858398,17.523896484375,14.269617747086096,1000.0,1.4269617747086096,zamba2,ssm,1024,,False
40,0.37037037037037035,4096,4,59.95622444152832,63.83720539093017,6.488440051447702,1000.0,0.6488440051447701,zamba2,ssm,4096,,False
40,0.37037037037037035,8192,1,32.106496810913086,32.272405128479,8.458781959285218,1000.0,0.845878195928522,zamba2,ssm,2048,,False
40,0.37037037037037035,8192,4,116.4134407043457,127.47475738525391,5.359375929661958,1000.0,0.5359375929661958,zamba2,ssm,8192,,False
40,0.37037037037037035,16384,1,60.26393508911133,64.27961013793946,6.45530975408026,1000.0,0.6455309754080261,zamba2,ssm,4096,,False
40,0.37037037037037035,32768,1,119.84947204589844,128.31449478149415,5.205724992773146,1000.0,0.5205724992773146,zamba2,ssm,8192,,False
54,0.5,512,1,0.8499199748039246,3.4458009719848635,189.995977018017,1000.0,18.999597701801697,zamba2,ssm,128,,False
54,0.5,512,4,5.346303939819336,7.927828288078308,34.323052723074504,1000.0,3.4323052723074503,zamba2,ssm,512,,False
54,0.5,512,16,23.30265522003174,25.907312507629396,11.654545520054693,1000.0,1.1654545520054693,zamba2,ssm,2048,,False
54,0.5,512,32,46.423553466796875,49.12846897125244,8.379848997949654,1000.0,0.8379848997949654,zamba2,ssm,4096,,False
54,0.5,512,64,84.02073669433594,95.4061435699463,7.425588212463972,1000.0,0.7425588212463972,zamba2,ssm,8192,,False
54,0.5,1024,1,4.064256191253662,4.097034206390381,41.53808226048991,1000.0,4.153808226048991,zamba2,ssm,256,,False
54,0.5,1024,4,10.590208053588867,13.152276487350465,20.099850628323047,1000.0,2.0099850628323046,zamba2,ssm,1024,,False
54,0.5,1024,16,46.414846420288086,49.158145904541016,8.381420989253925,1000.0,0.8381420989253926,zamba2,ssm,4096,,False
54,0.5,1024,32,87.14854431152344,95.41843719482422,7.159079901206138,1000.0,0.7159079901206138,zamba2,ssm,8192,,False
54,0.5,2048,1,5.395455837249756,7.9658085012435915,34.01037419917736,1000.0,3.4010374199177367,zamba2,ssm,512,,False
54,0.5,2048,4,23.362560272216797,25.967799453735353,11.624661545462994,1000.0,1.1624661545462993,zamba2,ssm,2048,,False
54,0.5,2048,16,87.18745422363281,95.44715965270996,7.155884955646362,1000.0,0.7155884955646363,zamba2,ssm,8192,,False
54,0.5,4096,1,10.974207878112793,13.261926059722901,19.39653434345234,1000.0,1.9396534343452339,zamba2,ssm,1024,,False
54,0.5,4096,4,46.53414344787598,49.25236389160156,8.35993400062802,1000.0,0.835993400062802,zamba2,ssm,4096,,False
54,0.5,8192,1,23.573503494262695,26.186772804260254,11.520640369222056,1000.0,1.1520640369222057,zamba2,ssm,2048,,False
54,0.5,8192,4,89.46073532104492,95.70317420959472,6.974047214803428,1000.0,0.6974047214803428,zamba2,ssm,8192,,False
54,0.5,16384,1,47.003135681152344,49.70292163848877,8.276519478167346,1000.0,0.8276519478167346,zamba2,ssm,4096,,False
54,0.5,32768,1,90.66752243041992,96.5949811553955,6.881222462859244,1000.0,0.6881222462859244,zamba2,ssm,8192,,False
68,0.6296296296296297,512,1,0.6850559711456299,3.2778239250183105,235.71997442771305,1000.0,23.571997442771305,zamba2,ssm,128,,False
68,0.6296296296296297,512,4,4.834815979003906,7.402495861053467,37.95417918632054,1000.0,3.795417918632054,zamba2,ssm,512,,False
68,0.6296296296296297,512,16,18.745344161987305,21.312583122253418,14.487963179183796,1000.0,1.4487963179183796,zamba2,ssm,2048,,False
68,0.6296296296296297,512,32,37.19731140136719,39.88278217315674,10.45834640580237,1000.0,1.045834640580237,zamba2,ssm,4096,,False
68,0.6296296296296297,512,64,70.32883071899414,76.8901138305664,8.871232261671864,1000.0,0.8871232261671864,zamba2,ssm,8192,,False
68,0.6296296296296297,1024,1,1.2339199781417847,3.8318490481376646,136.81714453982318,1000.0,13.68171445398232,zamba2,ssm,256,,False
68,0.6296296296296297,1024,4,9.455103874206543,12.052489986419678,22.512878000281408,1000.0,2.2512878000281407,zamba2,ssm,1024,,False
68,0.6296296296296297,1024,16,37.23776054382324,39.92173686981201,10.44698613232069,1000.0,1.044698613232069,zamba2,ssm,4096,,False
68,0.6296296296296297,1024,32,70.96422576904297,76.87616729736328,8.791801576621555,1000.0,0.8791801576621556,zamba2,ssm,8192,,False
68,0.6296296296296297,2048,1,4.885503768920898,7.455856432914734,37.56039922993069,1000.0,3.7560399229930685,zamba2,ssm,512,,False
68,0.6296296296296297,2048,4,18.80780792236328,21.375118579864502,14.439846319202232,1000.0,1.4439846319202232,zamba2,ssm,2048,,False
68,0.6296296296296297,2048,16,70.78041458129883,76.93313095092773,8.814633196071219,1000.0,0.8814633196071219,zamba2,ssm,8192,,False
68,0.6296296296296297,4096,1,9.565183639526367,12.146739654541015,22.253791251888618,1000.0,2.225379125188862,zamba2,ssm,1024,,False
68,0.6296296296296297,4096,4,37.354496002197266,40.037376403808594,10.414338557187786,1000.0,1.0414338557187786,zamba2,ssm,4096,,False
68,0.6296296296296297,8192,1,18.99775981903076,21.638174266815184,14.295467391262962,1000.0,1.4295467391262962,zamba2,ssm,2048,,False
68,0.6296296296296297,8192,4,71.24633407592773,77.18107444763183,8.756989395904942,1000.0,0.8756989395904943,zamba2,ssm,8192,,False
68,0.6296296296296297,16384,1,37.79225540161133,40.48385116577148,10.293706048128936,1000.0,1.0293706048128937,zamba2,ssm,4096,,False
68,0.6296296296296297,32768,1,72.14591979980469,78.05342643737794,8.64779870755337,1000.0,0.864779870755337,zamba2,ssm,8192,,False
81,0.75,512,1,0.579584002494812,3.200010287761688,278.61599924239704,1000.0,27.861599924239705,zamba2,ssm,128,,False
81,0.75,512,4,4.442624092102051,4.520007762908936,41.304748769139124,1000.0,4.130474876913913,zamba2,ssm,512,,False
81,0.75,512,16,14.738944053649902,17.458226871490478,18.426140638802845,1000.0,1.8426140638802844,zamba2,ssm,2048,,False
81,0.75,512,32,31.330815315246582,32.20511711120606,12.41660531606687,1000.0,1.2416605316066869,zamba2,ssm,4096,,False
81,0.75,512,64,61.03449630737305,64.19260467529297,10.222143701456773,1000.0,1.0222143701456772,zamba2,ssm,8192,,False
81,0.75,1024,1,1.0321919918060303,3.641456708908081,163.55620789559947,1000.0,16.355620789559946,zamba2,ssm,256,,False
81,0.75,1024,4,8.744447708129883,8.875120277404784,24.342486467395585,1000.0,2.4342486467395585,zamba2,ssm,1024,,False
81,0.75,1024,16,31.854592323303223,32.257227668762205,12.212442214035516,1000.0,1.2212442214035515,zamba2,ssm,4096,,False
81,0.75,1024,32,60.16512107849121,64.33333427429199,10.369851847984446,1000.0,1.0369851847984446,zamba2,ssm,8192,,False
81,0.75,2048,1,4.490239858627319,4.562995138168335,40.866741594534105,1000.0,4.086674159453411,zamba2,ssm,512,,False
81,0.75,2048,4,14.79526424407959,17.539368991851806,18.35599902236792,1000.0,1.8355999022367921,zamba2,ssm,2048,,False
81,0.75,2048,16,61.11846351623535,64.26837982177734,10.208100074935096,1000.0,1.0208100074935096,zamba2,ssm,8192,,False
81,0.75,4096,1,8.84275197982788,8.96717809677124,24.071872702703942,1000.0,2.407187270270394,zamba2,ssm,1024,,False
81,0.75,4096,4,32.02508735656738,32.4134603500366,12.147425662532134,1000.0,1.2147425662532134,zamba2,ssm,4096,,False
81,0.75,8192,1,15.010303974151611,17.702194347381592,18.093028393540575,1000.0,1.8093028393540576,zamba2,ssm,2048,,False
81,0.75,8192,4,61.144575119018555,64.69852813720703,10.203740737188305,1000.0,1.0203740737188305,zamba2,ssm,8192,,False
81,0.75,16384,1,32.418304443359375,35.33849754333496,12.000083739101541,1000.0,1.2000083739101541,zamba2,ssm,4096,,False
81,0.75,32768,1,62.29248046875,67.7379401397705,10.015709557640603,1000.0,1.0015709557640604,zamba2,ssm,8192,,False
94,0.8703703703703703,512,1,0.52019202709198,3.0914559364318848,310.42647251386455,1000.0,31.042647251386455,zamba2,ssm,128,,False
94,0.8703703703703703,512,4,4.237823963165283,4.3287345409393305,43.30087176696704,1000.0,4.330087176696704,zamba2,ssm,512,,False
94,0.8703703703703703,512,16,14.011903762817383,17.003560028076173,19.382223900272695,1000.0,1.9382223900272693,zamba2,ssm,2048,,False
94,0.8703703703703703,512,32,27.92908763885498,31.011205444335936,13.928932195364363,1000.0,1.3928932195364363,zamba2,ssm,4096,,False
94,0.8703703703703703,512,64,55.34464073181152,58.81796501159668,11.273058849967144,1000.0,1.1273058849967144,zamba2,ssm,8192,,False
94,0.8703703703703703,1024,1,0.9379839897155762,3.5717734575271605,179.98325115462956,1000.0,17.998325115462958,zamba2,ssm,256,,False
94,0.8703703703703703,1024,4,5.86137580871582,8.527954006195069,36.315978866851786,1000.0,3.6315978866851784,zamba2,ssm,1024,,False
94,0.8703703703703703,1024,16,27.924992561340332,30.75563501358032,13.93097481209599,1000.0,1.393097481209599,zamba2,ssm,4096,,False
94,0.8703703703703703,1024,32,55.32979202270508,58.87609004974365,11.276084170784081,1000.0,1.1276084170784082,zamba2,ssm,8192,,False
94,0.8703703703703703,2048,1,4.263423919677734,4.404275121688843,43.04086937098917,1000.0,4.304086937098917,zamba2,ssm,512,,False
94,0.8703703703703703,2048,4,14.07590389251709,16.83794008255005,19.294097066432514,1000.0,1.9294097066432512,zamba2,ssm,2048,,False
94,0.8703703703703703,2048,16,55.48800086975098,58.90688148498535,11.243933503110183,1000.0,1.1243933503110184,zamba2,ssm,8192,,False
94,0.8703703703703703,4096,1,6.010879993438721,8.672358865737914,35.41271830952419,1000.0,3.5412718309524185,zamba2,ssm,1024,,False
94,0.8703703703703703,4096,4,28.020224571228027,31.131913356781006,13.883627770758817,1000.0,1.3883627770758817,zamba2,ssm,4096,,False
94,0.8703703703703703,8192,1,14.280191898345947,17.053941440582275,19.018081684984704,1000.0,1.9018081684984705,zamba2,ssm,2048,,False
94,0.8703703703703703,8192,4,55.628286361694336,59.094241828918456,11.215578131301564,1000.0,1.1215578131301565,zamba2,ssm,8192,,False
94,0.8703703703703703,16384,1,28.470784187316895,31.35338550567627,13.663914749959746,1000.0,1.3663914749959747,zamba2,ssm,4096,,False
94,0.8703703703703703,32768,1,56.64460754394531,60.15136894226072,11.014347509001118,1000.0,1.101434750900112,zamba2,ssm,8192,,False
108,1.0,512,1,0.5191680192947388,3.1703245401382447,311.0387581641943,1000.0,31.10387581641943,zamba2,ssm,128,,False
108,1.0,512,4,4.146176099777222,4.245811104774475,44.25800245432405,1000.0,4.425800245432405,zamba2,ssm,512,,False
108,1.0,512,16,13.392384052276611,13.864079780578614,20.278828245956177,1000.0,2.027882824595618,zamba2,ssm,2048,,False
108,1.0,512,32,24.08908748626709,27.319316368103028,16.149319405385413,1000.0,1.6149319405385412,zamba2,ssm,4096,,False
108,1.0,512,64,48.80998420715332,51.506464042663566,12.782290388624304,1000.0,1.2782290388624304,zamba2,ssm,8192,,False
108,1.0,1024,1,0.9318400025367737,3.5235941290855406,181.16995142987298,1000.0,18.1169951429873,zamba2,ssm,256,,False
108,1.0,1024,4,5.632512092590332,8.268451375961304,37.79159218850558,1000.0,3.7791592188505585,zamba2,ssm,1024,,False
108,1.0,1024,16,24.077312469482422,27.287971725463866,16.157217234817182,1000.0,1.615721723481718,zamba2,ssm,4096,,False
108,1.0,1024,32,47.95494270324707,53.743873519897456,13.010199925809836,1000.0,1.3010199925809836,zamba2,ssm,8192,,False
108,1.0,2048,1,4.179455995559692,4.310118556022644,43.90558775949653,1000.0,4.3905587759496525,zamba2,ssm,512,,False
108,1.0,2048,4,13.459455966949463,13.886750841140747,20.177773653473533,1000.0,2.017777365347353,zamba2,ssm,2048,,False
108,1.0,2048,16,50.35673713684082,51.90153038024902,12.389670726770627,1000.0,1.2389670726770627,zamba2,ssm,8192,,False
108,1.0,4096,1,5.685248136520386,8.370227508544922,37.441039491775,1000.0,3.7441039491774997,zamba2,ssm,1024,,False
108,1.0,4096,4,24.207871437072754,27.39007459640503,16.070077413094566,1000.0,1.6070077413094568,zamba2,ssm,4096,,False
108,1.0,8192,1,13.675519943237305,14.080511922836303,19.85897846131256,1000.0,1.985897846131256,zamba2,ssm,2048,,False
108,1.0,8192,4,50.64243125915527,53.70578014373779,12.319775660202117,1000.0,1.2319775660202117,zamba2,ssm,8192,,False
108,1.0,16384,1,25.116671562194824,27.9418888092041,15.488611500002639,1000.0,1.548861150000264,zamba2,ssm,4096,,False
108,1.0,32768,1,51.60396766662598,54.92384887695312,12.090221357213572,1000.0,1.2090221357213573,zamba2,ssm,8192,,False
