"# value_kind: measured=solo_prefill_ms,solo_decode_ms,prefill_stream_ms,decode_stream_ms,concurrent_ms; derived=overlap_ratio,speedup_vs_seq,decode_inflation_pct,combined_tok_per_ms; metadata=model,device,config_status,prefill_layer,decode_layer,decode_batch,context_len,prefill_tokens,chunk,backend,prefill_sm_frac,prefill_sm,decode_sm,status"
model__metadata,device__metadata,config_status__metadata,prefill_layer__metadata,decode_layer__metadata,decode_batch__metadata,context_len__metadata,prefill_tokens__metadata,chunk__metadata,backend__metadata,prefill_sm_frac__metadata,prefill_sm__metadata,decode_sm__metadata,status__metadata,solo_prefill_ms__measured,solo_decode_ms__measured,prefill_stream_ms__measured,decode_stream_ms__measured,concurrent_ms__measured,overlap_ratio__derived,speedup_vs_seq__derived,decode_inflation_pct__derived,combined_tok_per_ms__derived
zamba2_2.7b,a100_sxm4_80gb,verified,ssm,attn,1,4096,256,256,sequential,,108,108,ok,0.5238,0.087,0.5238,0.087,0.6108,1.0,1.0,0.0,420.7486
zamba2_2.7b,a100_sxm4_80gb,verified,ssm,attn,1,4096,256,256,two_stream,,108,108,ok,0.5238,0.087,0.5228,0.1024,0.5228,0.8558,1.1685,17.6471,491.6289
zamba2_2.7b,a100_sxm4_80gb,verified,ssm,attn,1,4096,256,256,green_ctx,0.5,54,54,ok,0.5238,0.087,0.535,0.1219,0.535,0.8759,1.1416,40.0,480.3379
zamba2_2.7b,a100_sxm4_80gb,verified,ssm,attn,1,4096,256,256,green_ctx,0.7,76,32,ok,0.5238,0.087,0.5258,0.1546,0.5258,0.8609,1.1616,77.6471,488.7567
zamba2_2.7b,a100_sxm4_80gb,verified,ssm,attn,2,4096,256,256,sequential,,108,108,ok,0.5166,0.1403,0.5166,0.1403,0.6569,1.0,1.0,0.0,392.7562
zamba2_2.7b,a100_sxm4_80gb,verified,ssm,attn,2,4096,256,256,two_stream,,108,108,ok,0.5166,0.1403,0.5217,0.1567,0.5217,0.7942,1.2591,11.6788,494.5106
zamba2_2.7b,a100_sxm4_80gb,verified,ssm,attn,2,4096,256,256,green_ctx,0.5,54,54,ok,0.5166,0.1403,0.5294,0.1884,0.5294,0.8059,1.2408,34.3066,487.3368
zamba2_2.7b,a100_sxm4_80gb,verified,ssm,attn,2,4096,256,256,green_ctx,0.7,76,32,ok,0.5166,0.1403,0.5294,0.254,0.5294,0.8059,1.2408,81.0219,487.3368
zamba2_2.7b,a100_sxm4_80gb,verified,ssm,attn,4,4096,256,256,sequential,,108,108,ok,0.5135,0.2401,0.5135,0.2401,0.7537,1.0,1.0,0.0,344.9813
zamba2_2.7b,a100_sxm4_80gb,verified,ssm,attn,4,4096,256,256,two_stream,,108,108,ok,0.5135,0.2401,0.5222,0.2458,0.5222,0.6929,1.4431,2.3454,497.8554
zamba2_2.7b,a100_sxm4_80gb,verified,ssm,attn,4,4096,256,256,green_ctx,0.5,54,54,ok,0.5135,0.2401,0.534,0.3236,0.534,0.7086,1.4113,34.7548,486.8768
zamba2_2.7b,a100_sxm4_80gb,verified,ssm,attn,4,4096,256,256,green_ctx,0.7,76,32,ok,0.5135,0.2401,0.5386,0.4618,0.5386,0.7147,1.3992,92.3241,482.7115
zamba2_2.7b,a100_sxm4_80gb,verified,ssm,attn,8,4096,256,256,sequential,,108,108,ok,0.5094,0.6154,0.5094,0.6154,1.1249,1.0,1.0,0.0,234.695
zamba2_2.7b,a100_sxm4_80gb,verified,ssm,attn,8,4096,256,256,two_stream,,108,108,ok,0.5094,0.6154,0.5268,0.6287,0.6287,0.5589,1.7891,2.1631,419.8901
zamba2_2.7b,a100_sxm4_80gb,verified,ssm,attn,8,4096,256,256,green_ctx,0.5,54,54,ok,0.5094,0.6154,0.5468,0.9636,0.9636,0.8566,1.1674,56.5724,273.9772
zamba2_2.7b,a100_sxm4_80gb,verified,ssm,attn,8,4096,256,256,green_ctx,0.7,76,32,ok,0.5094,0.6154,0.5458,1.4817,1.4817,1.3173,0.7592,140.7654,178.1704
zamba2_2.7b,a100_sxm4_80gb,verified,ssm,attn,16,4096,256,256,sequential,,108,108,ok,0.5135,0.9779,0.5135,0.9779,1.4915,1.0,1.0,0.0,182.3721
zamba2_2.7b,a100_sxm4_80gb,verified,ssm,attn,16,4096,256,256,two_stream,,108,108,ok,0.5135,0.9779,0.5315,0.9953,0.9953,0.6674,1.4985,1.7801,273.2767
zamba2_2.7b,a100_sxm4_80gb,verified,ssm,attn,16,4096,256,256,green_ctx,0.5,54,54,ok,0.5135,0.9779,0.5458,1.8447,1.8447,1.2369,0.8085,88.6387,147.4466
zamba2_2.7b,a100_sxm4_80gb,verified,ssm,attn,16,4096,256,256,green_ctx,0.7,76,32,ok,0.5135,0.9779,0.5432,2.9235,2.9235,1.9602,0.5102,198.9529,93.0385
zamba2_2.7b,a100_sxm4_80gb,verified,ssm,attn,32,4096,256,256,sequential,,108,108,ok,0.5089,1.879,0.5089,1.879,2.388,1.0,1.0,0.0,120.6046
zamba2_2.7b,a100_sxm4_80gb,verified,ssm,attn,32,4096,256,256,two_stream,,108,108,ok,0.5089,1.879,0.5294,1.9589,1.9589,0.8203,1.219,4.2507,147.0204
zamba2_2.7b,a100_sxm4_80gb,verified,ssm,attn,32,4096,256,256,green_ctx,0.5,54,54,ok,0.5089,1.879,0.5514,3.4842,3.4842,1.459,0.6854,85.4223,82.6598
zamba2_2.7b,a100_sxm4_80gb,verified,ssm,attn,32,4096,256,256,green_ctx,0.7,76,32,ok,0.5089,1.879,0.5437,5.7759,5.7759,2.4187,0.4134,207.3842,49.8626
zamba2_2.7b,a100_sxm4_80gb,verified,ssm,attn,64,4096,256,256,sequential,,108,108,ok,0.512,3.9644,0.512,3.9644,4.4764,1.0,1.0,0.0,71.4858
zamba2_2.7b,a100_sxm4_80gb,verified,ssm,attn,64,4096,256,256,two_stream,,108,108,ok,0.512,3.9644,0.5391,3.9537,3.9537,0.8832,1.1322,-0.2712,80.9376
zamba2_2.7b,a100_sxm4_80gb,verified,ssm,attn,64,4096,256,256,green_ctx,0.5,54,54,ok,0.512,3.9644,0.5468,6.914,6.914,1.5445,0.6474,74.4027,46.2826
zamba2_2.7b,a100_sxm4_80gb,verified,ssm,attn,64,4096,256,256,green_ctx,0.7,76,32,ok,0.512,3.9644,0.5422,11.5046,11.5046,2.5701,0.3891,190.1976,27.8149
zamba2_2.7b,a100_sxm4_80gb,verified,ssm,attn,128,4096,256,256,sequential,,108,108,ok,0.5115,7.9539,0.5115,7.9539,8.4654,1.0,1.0,0.0,45.3611
zamba2_2.7b,a100_sxm4_80gb,verified,ssm,attn,128,4096,256,256,two_stream,,108,108,ok,0.5115,7.9539,0.5371,7.6503,7.6503,0.9037,1.1065,-3.8172,50.1941
zamba2_2.7b,a100_sxm4_80gb,verified,ssm,attn,128,4096,256,256,green_ctx,0.5,54,54,ok,0.5115,7.9539,0.5489,13.6177,13.6177,1.6086,0.6216,71.207,28.1987
zamba2_2.7b,a100_sxm4_80gb,verified,ssm,attn,128,4096,256,256,green_ctx,0.7,76,32,ok,0.5115,7.9539,0.5524,22.8654,22.8654,2.701,0.3702,187.4735,16.7939
zamba2_2.7b,a100_sxm4_80gb,verified,ssm,attn,256,4096,256,256,sequential,,108,108,ok,0.5094,15.6887,0.5094,15.6887,16.1981,1.0,1.0,0.0,31.6086
zamba2_2.7b,a100_sxm4_80gb,verified,ssm,attn,256,4096,256,256,two_stream,,108,108,ok,0.5094,15.6887,0.5335,15.4798,15.4798,0.9557,1.0464,-1.3315,33.0753
zamba2_2.7b,a100_sxm4_80gb,verified,ssm,attn,256,4096,256,256,green_ctx,0.5,54,54,ok,0.5094,15.6887,0.5494,27.0715,27.0715,1.6713,0.5983,72.554,18.9129
zamba2_2.7b,a100_sxm4_80gb,verified,ssm,attn,256,4096,256,256,green_ctx,0.7,76,32,ok,0.5094,15.6887,0.553,45.609,45.609,2.8157,0.3552,190.7121,11.2259
zamba2_2.7b,a100_sxm4_80gb,verified,ssm,attn,512,4096,256,256,sequential,,108,108,ok,0.5151,31.4424,0.5151,31.4424,31.9575,1.0,1.0,0.0,24.0319
zamba2_2.7b,a100_sxm4_80gb,verified,ssm,attn,512,4096,256,256,two_stream,,108,108,ok,0.5151,31.4424,0.553,31.1695,31.1695,0.9753,1.0253,-0.8679,24.6394
zamba2_2.7b,a100_sxm4_80gb,verified,ssm,attn,512,4096,256,256,green_ctx,0.5,54,54,ok,0.5151,31.4424,0.5545,53.9812,53.9812,1.6892,0.592,71.6826,14.2272
zamba2_2.7b,a100_sxm4_80gb,verified,ssm,attn,512,4096,256,256,green_ctx,0.7,76,32,ok,0.5151,31.4424,0.556,91.029,91.029,2.8484,0.3511,189.51,8.4369
zamba2_2.7b,a100_sxm4_80gb,verified,ssm,ssm,1,4096,256,256,sequential,,108,108,ok,0.5212,0.5176,0.5212,0.5176,1.0388,1.0,1.0,0.0,247.3894
zamba2_2.7b,a100_sxm4_80gb,verified,ssm,ssm,1,4096,256,256,two_stream,,108,108,ok,0.5212,0.5176,0.5059,0.4956,0.5069,0.4879,2.0495,-4.2532,507.0234
zamba2_2.7b,a100_sxm4_80gb,verified,ssm,ssm,1,4096,256,256,green_ctx,0.5,54,54,ok,0.5212,0.5176,0.5125,0.5033,0.5151,0.4958,2.0169,-2.7695,498.9594
zamba2_2.7b,a100_sxm4_80gb,verified,ssm,ssm,1,4096,256,256,green_ctx,0.7,76,32,ok,0.5212,0.5176,0.5053,0.5007,0.5089,0.4899,2.0412,-3.2641,504.983
zamba2_2.7b,a100_sxm4_80gb,verified,ssm,ssm,2,4096,256,256,sequential,,108,108,ok,0.5094,0.5156,0.5094,0.5156,1.025,1.0,1.0,0.0,251.7014
zamba2_2.7b,a100_sxm4_80gb,verified,ssm,ssm,2,4096,256,256,two_stream,,108,108,ok,0.5094,0.5156,0.5079,0.5007,0.5089,0.4965,2.0141,-2.8798,506.9479
zamba2_2.7b,a100_sxm4_80gb,verified,ssm,ssm,2,4096,256,256,green_ctx,0.5,54,54,ok,0.5094,0.5156,0.5171,0.5059,0.5187,0.506,1.9763,-1.8868,497.4395
zamba2_2.7b,a100_sxm4_80gb,verified,ssm,ssm,2,4096,256,256,green_ctx,0.7,76,32,ok,0.5094,0.5156,0.513,0.5217,0.5217,0.509,1.9647,1.1917,494.5106
zamba2_2.7b,a100_sxm4_80gb,verified,ssm,ssm,4,4096,256,256,sequential,,108,108,ok,0.5089,0.5064,0.5089,0.5064,1.0153,1.0,1.0,0.0,256.083
zamba2_2.7b,a100_sxm4_80gb,verified,ssm,ssm,4,4096,256,256,two_stream,,108,108,ok,0.5089,0.5064,0.5048,0.5018,0.5069,0.4992,2.003,-0.91,512.9419
zamba2_2.7b,a100_sxm4_80gb,verified,ssm,ssm,4,4096,256,256,green_ctx,0.5,54,54,ok,0.5089,0.5064,0.5217,0.5325,0.533,0.525,1.9049,5.1567,487.8122
zamba2_2.7b,a100_sxm4_80gb,verified,ssm,ssm,4,4096,256,256,green_ctx,0.7,76,32,ok,0.5089,0.5064,0.5084,0.5683,0.5683,0.5598,1.7865,12.2346,457.4887
zamba2_2.7b,a100_sxm4_80gb,verified,ssm,ssm,8,4096,256,256,sequential,,108,108,ok,0.5115,0.534,0.5115,0.534,1.0455,1.0,1.0,0.0,252.5098
zamba2_2.7b,a100_sxm4_80gb,verified,ssm,ssm,8,4096,256,256,two_stream,,108,108,ok,0.5115,0.534,0.5048,0.5309,0.5309,0.5078,1.9691,-0.5753,497.2276
zamba2_2.7b,a100_sxm4_80gb,verified,ssm,ssm,8,4096,256,256,green_ctx,0.5,54,54,ok,0.5115,0.534,0.5181,0.5919,0.5919,0.5661,1.7664,10.8341,446.0424
zamba2_2.7b,a100_sxm4_80gb,verified,ssm,ssm,8,4096,256,256,green_ctx,0.7,76,32,ok,0.5115,0.534,0.5151,0.6728,0.6728,0.6435,1.554,25.9827,392.4087
zamba2_2.7b,a100_sxm4_80gb,verified,ssm,ssm,16,4096,256,256,sequential,,108,108,ok,0.511,0.6077,0.511,0.6077,1.1187,1.0,1.0,0.0,243.135
zamba2_2.7b,a100_sxm4_80gb,verified,ssm,ssm,16,4096,256,256,two_stream,,108,108,ok,0.511,0.6077,0.512,0.6006,0.6006,0.5368,1.8627,-1.1794,452.8986
zamba2_2.7b,a100_sxm4_80gb,verified,ssm,ssm,16,4096,256,256,green_ctx,0.5,54,54,ok,0.511,0.6077,0.5176,0.7137,0.7137,0.638,1.5674,17.4389,381.0976
zamba2_2.7b,a100_sxm4_80gb,verified,ssm,ssm,16,4096,256,256,green_ctx,0.7,76,32,ok,0.511,0.6077,0.5202,0.8745,0.8745,0.7817,1.2793,43.8922,311.0363
zamba2_2.7b,a100_sxm4_80gb,verified,ssm,ssm,32,4096,256,256,sequential,,108,108,ok,0.512,0.725,0.512,0.725,1.237,1.0,1.0,0.0,232.8228
zamba2_2.7b,a100_sxm4_80gb,verified,ssm,ssm,32,4096,256,256,two_stream,,108,108,ok,0.512,0.725,0.513,0.7178,0.7178,0.5803,1.7233,-0.9887,401.2126
zamba2_2.7b,a100_sxm4_80gb,verified,ssm,ssm,32,4096,256,256,green_ctx,0.5,54,54,ok,0.512,0.725,0.5248,0.9585,0.9585,0.7748,1.2906,32.2034,300.4808
zamba2_2.7b,a100_sxm4_80gb,verified,ssm,ssm,32,4096,256,256,green_ctx,0.7,76,32,ok,0.512,0.725,0.5289,1.2795,1.2795,1.0344,0.9668,76.483,225.09
zamba2_2.7b,a100_sxm4_80gb,verified,ssm,ssm,64,4096,256,256,sequential,,108,108,ok,0.5181,0.9667,0.5181,0.9667,1.4848,1.0,1.0,0.0,215.5172
zamba2_2.7b,a100_sxm4_80gb,verified,ssm,ssm,64,4096,256,256,two_stream,,108,108,ok,0.5181,0.9667,0.514,0.9549,0.9549,0.6431,1.555,-1.2182,335.1206
zamba2_2.7b,a100_sxm4_80gb,verified,ssm,ssm,64,4096,256,256,green_ctx,0.5,54,54,ok,0.5181,0.9667,0.533,1.4674,1.4674,0.9883,1.0119,51.8008,218.074
zamba2_2.7b,a100_sxm4_80gb,verified,ssm,ssm,64,4096,256,256,green_ctx,0.7,76,32,ok,0.5181,0.9667,0.5345,2.2528,2.2528,1.5172,0.6591,133.0508,142.0455
zamba2_2.7b,a100_sxm4_80gb,verified,ssm,ssm,128,4096,256,256,sequential,,108,108,ok,0.513,1.6353,0.513,1.6353,2.1484,1.0,1.0,0.0,178.7417
zamba2_2.7b,a100_sxm4_80gb,verified,ssm,ssm,128,4096,256,256,two_stream,,108,108,ok,0.513,1.6353,0.5176,1.6261,1.6261,0.7569,1.3212,-0.5636,236.1461
zamba2_2.7b,a100_sxm4_80gb,verified,ssm,ssm,128,4096,256,256,green_ctx,0.5,54,54,ok,0.513,1.6353,0.5376,2.73,2.73,1.2707,0.7869,66.938,140.6602
zamba2_2.7b,a100_sxm4_80gb,verified,ssm,ssm,128,4096,256,256,green_ctx,0.7,76,32,ok,0.513,1.6353,0.535,4.288,4.288,1.9959,0.501,162.2104,89.5522
zamba2_2.7b,a100_sxm4_80gb,verified,ssm,ssm,256,4096,256,256,sequential,,108,108,ok,0.511,3.074,0.511,3.074,3.585,1.0,1.0,0.0,142.8163
zamba2_2.7b,a100_sxm4_80gb,verified,ssm,ssm,256,4096,256,256,two_stream,,108,108,ok,0.511,3.074,0.5279,3.0874,3.0874,0.8612,1.1612,0.433,165.8375
zamba2_2.7b,a100_sxm4_80gb,verified,ssm,ssm,256,4096,256,256,green_ctx,0.5,54,54,ok,0.511,3.074,0.5386,5.2495,5.2495,1.4643,0.6829,70.7695,97.5324
zamba2_2.7b,a100_sxm4_80gb,verified,ssm,ssm,256,4096,256,256,green_ctx,0.7,76,32,ok,0.511,3.074,0.5371,8.3589,8.3589,2.3316,0.4289,171.9187,61.252
zamba2_2.7b,a100_sxm4_80gb,verified,ssm,ssm,512,4096,256,256,sequential,,108,108,ok,0.5089,5.9428,0.5089,5.9428,6.4517,1.0,1.0,0.0,119.0382
zamba2_2.7b,a100_sxm4_80gb,verified,ssm,ssm,512,4096,256,256,two_stream,,108,108,ok,0.5089,5.9428,0.5233,5.9617,5.9617,0.9241,1.0822,0.3188,128.8217
zamba2_2.7b,a100_sxm4_80gb,verified,ssm,ssm,512,4096,256,256,green_ctx,0.5,54,54,ok,0.5089,5.9428,0.5386,10.2851,10.2851,1.5942,0.6273,73.068,74.6714
zamba2_2.7b,a100_sxm4_80gb,verified,ssm,ssm,512,4096,256,256,green_ctx,0.7,76,32,ok,0.5089,5.9428,0.5412,16.5228,16.5228,2.561,0.3905,178.0305,46.4814
zamba2_2.7b,a100_sxm4_80gb,verified,attn,attn,1,4096,256,256,sequential,,108,108,ok,0.0594,0.0901,0.0594,0.0901,0.1495,1.0,1.0,0.0,1719.0175
zamba2_2.7b,a100_sxm4_80gb,verified,attn,attn,1,4096,256,256,two_stream,,108,108,ok,0.0594,0.0901,0.0594,0.0993,0.0993,0.6644,1.5052,10.2273,2587.3873
zamba2_2.7b,a100_sxm4_80gb,verified,attn,attn,1,4096,256,256,green_ctx,0.5,54,54,ok,0.0594,0.0901,0.0748,0.1167,0.1167,0.7808,1.2807,29.5455,2201.5488
zamba2_2.7b,a100_sxm4_80gb,verified,attn,attn,1,4096,256,256,green_ctx,0.7,76,32,ok,0.0594,0.0901,0.064,0.1444,0.1444,0.9658,1.0355,60.2273,1779.9757
zamba2_2.7b,a100_sxm4_80gb,verified,attn,attn,2,4096,256,256,sequential,,108,108,ok,0.0594,0.1393,0.0594,0.1393,0.1987,1.0,1.0,0.0,1298.7274
zamba2_2.7b,a100_sxm4_80gb,verified,attn,attn,2,4096,256,256,two_stream,,108,108,ok,0.0594,0.1393,0.0584,0.1495,0.1495,0.7526,1.3288,7.3529,1725.7063
zamba2_2.7b,a100_sxm4_80gb,verified,attn,attn,2,4096,256,256,green_ctx,0.5,54,54,ok,0.0594,0.1393,0.0748,0.1823,0.1823,0.9175,1.0899,30.8824,1415.467
zamba2_2.7b,a100_sxm4_80gb,verified,attn,attn,2,4096,256,256,green_ctx,0.7,76,32,ok,0.0594,0.1393,0.064,0.2427,0.2427,1.2216,0.8186,74.2647,1063.0934
zamba2_2.7b,a100_sxm4_80gb,verified,attn,attn,4,4096,256,256,sequential,,108,108,ok,0.0594,0.2406,0.0594,0.2406,0.3,1.0,1.0,0.0,866.5742
zamba2_2.7b,a100_sxm4_80gb,verified,attn,attn,4,4096,256,256,two_stream,,108,108,ok,0.0594,0.2406,0.0594,0.2473,0.2473,0.8242,1.2133,2.766,1051.3716
zamba2_2.7b,a100_sxm4_80gb,verified,attn,attn,4,4096,256,256,green_ctx,0.5,54,54,ok,0.0594,0.2406,0.0758,0.3164,0.3164,1.0546,0.9482,31.4894,821.7031
zamba2_2.7b,a100_sxm4_80gb,verified,attn,attn,4,4096,256,256,green_ctx,0.7,76,32,ok,0.0594,0.2406,0.0645,0.4506,0.4506,1.5017,0.6659,87.234,577.0597
zamba2_2.7b,a100_sxm4_80gb,verified,attn,attn,8,4096,256,256,sequential,,108,108,ok,0.0594,0.6175,0.0594,0.6175,0.6769,1.0,1.0,0.0,390.034
zamba2_2.7b,a100_sxm4_80gb,verified,attn,attn,8,4096,256,256,two_stream,,108,108,ok,0.0594,0.6175,0.0604,0.6262,0.6262,0.9251,1.0809,1.4096,421.6067
zamba2_2.7b,a100_sxm4_80gb,verified,attn,attn,8,4096,256,256,green_ctx,0.5,54,54,ok,0.0594,0.6175,0.0758,0.9482,0.9482,1.4009,0.7138,53.5655,278.4152
zamba2_2.7b,a100_sxm4_80gb,verified,attn,attn,8,4096,256,256,green_ctx,0.7,76,32,ok,0.0594,0.6175,0.0645,1.4694,1.4694,2.171,0.4606,137.9768,179.6603
zamba2_2.7b,a100_sxm4_80gb,verified,attn,attn,16,4096,256,256,sequential,,108,108,ok,0.0584,0.9769,0.0584,0.9769,1.0353,1.0,1.0,0.0,262.7349
zamba2_2.7b,a100_sxm4_80gb,verified,attn,attn,16,4096,256,256,two_stream,,108,108,ok,0.0584,0.9769,0.0614,1.0184,1.0184,0.9837,1.0166,4.2453,267.094
zamba2_2.7b,a100_sxm4_80gb,verified,attn,attn,16,4096,256,256,green_ctx,0.5,54,54,ok,0.0584,0.9769,0.0788,1.8903,1.8903,1.8259,0.5477,93.501,143.8922
zamba2_2.7b,a100_sxm4_80gb,verified,attn,attn,16,4096,256,256,green_ctx,0.7,76,32,ok,0.0584,0.9769,0.0655,2.9276,2.9276,2.8279,0.3536,199.6855,92.9084
zamba2_2.7b,a100_sxm4_80gb,verified,attn,attn,32,4096,256,256,sequential,,108,108,ok,0.0594,1.879,0.0594,1.879,1.9384,1.0,1.0,0.0,148.5737
zamba2_2.7b,a100_sxm4_80gb,verified,attn,attn,32,4096,256,256,two_stream,,108,108,ok,0.0594,1.879,0.064,2.0388,2.0388,1.0518,0.9508,8.5014,141.2607
zamba2_2.7b,a100_sxm4_80gb,verified,attn,attn,32,4096,256,256,green_ctx,0.5,54,54,ok,0.0594,1.879,0.0778,3.5374,3.5374,1.8249,0.548,88.2561,81.4155
zamba2_2.7b,a100_sxm4_80gb,verified,attn,attn,32,4096,256,256,green_ctx,0.7,76,32,ok,0.0594,1.879,0.0655,5.7585,5.7585,2.9707,0.3366,206.4578,50.0133
zamba2_2.7b,a100_sxm4_80gb,verified,attn,attn,64,4096,256,256,sequential,,108,108,ok,0.0584,3.9076,0.0584,3.9076,3.966,1.0,1.0,0.0,80.6868
zamba2_2.7b,a100_sxm4_80gb,verified,attn,attn,64,4096,256,256,two_stream,,108,108,ok,0.0584,3.9076,0.0645,3.9235,3.9235,0.9893,1.0108,0.4062,81.5607
zamba2_2.7b,a100_sxm4_80gb,verified,attn,attn,64,4096,256,256,green_ctx,0.5,54,54,ok,0.0584,3.9076,0.0778,6.8403,6.8403,1.7248,0.5798,75.0524,46.7814
zamba2_2.7b,a100_sxm4_80gb,verified,attn,attn,64,4096,256,256,green_ctx,0.7,76,32,ok,0.0584,3.9076,0.0655,11.5405,11.5405,2.9099,0.3437,195.3354,27.7285
zamba2_2.7b,a100_sxm4_80gb,verified,attn,attn,128,4096,256,256,sequential,,108,108,ok,0.0594,7.9524,0.0594,7.9524,8.0118,1.0,1.0,0.0,47.9294
zamba2_2.7b,a100_sxm4_80gb,verified,attn,attn,128,4096,256,256,two_stream,,108,108,ok,0.0594,7.9524,0.0655,7.7599,7.7599,0.9686,1.0325,-2.4208,49.4854
zamba2_2.7b,a100_sxm4_80gb,verified,attn,attn,128,4096,256,256,green_ctx,0.5,54,54,ok,0.0594,7.9524,0.0768,13.6765,13.6765,1.7071,0.5858,71.9804,28.0773
zamba2_2.7b,a100_sxm4_80gb,verified,attn,attn,128,4096,256,256,green_ctx,0.7,76,32,ok,0.0594,7.9524,0.0666,22.8495,22.8495,2.852,0.3506,187.3294,16.8056
zamba2_2.7b,a100_sxm4_80gb,verified,attn,attn,256,4096,256,256,sequential,,108,108,ok,0.0584,15.679,0.0584,15.679,15.7373,1.0,1.0,0.0,32.5341
zamba2_2.7b,a100_sxm4_80gb,verified,attn,attn,256,4096,256,256,two_stream,,108,108,ok,0.0584,15.679,0.0666,15.6242,15.6242,0.9928,1.0072,-0.3494,32.7697
zamba2_2.7b,a100_sxm4_80gb,verified,attn,attn,256,4096,256,256,green_ctx,0.5,54,54,ok,0.0584,15.679,0.0778,27.0525,27.0525,1.719,0.5817,72.5403,18.9261
zamba2_2.7b,a100_sxm4_80gb,verified,attn,attn,256,4096,256,256,green_ctx,0.7,76,32,ok,0.0584,15.679,0.0666,45.7252,45.7252,2.9055,0.3442,191.6337,11.1973
zamba2_2.7b,a100_sxm4_80gb,verified,attn,attn,512,4096,256,256,sequential,,108,108,ok,0.0584,31.1844,0.0584,31.1844,31.2428,1.0,1.0,0.0,24.5817
zamba2_2.7b,a100_sxm4_80gb,verified,attn,attn,512,4096,256,256,two_stream,,108,108,ok,0.0584,31.1844,0.0676,31.1547,31.1547,0.9972,1.0028,-0.0952,24.6512
zamba2_2.7b,a100_sxm4_80gb,verified,attn,attn,512,4096,256,256,green_ctx,0.5,54,54,ok,0.0584,31.1844,0.0783,53.9633,53.9633,1.7272,0.579,73.0458,14.2319
zamba2_2.7b,a100_sxm4_80gb,verified,attn,attn,512,4096,256,256,green_ctx,0.7,76,32,ok,0.0584,31.1844,0.0686,90.8887,90.8887,2.9091,0.3437,191.4558,8.4499
zamba2_2.7b,a100_sxm4_80gb,verified,attn,ssm,1,4096,256,256,sequential,,108,108,ok,0.0604,0.5222,0.0604,0.5222,0.5827,1.0,1.0,0.0,441.0836
zamba2_2.7b,a100_sxm4_80gb,verified,attn,ssm,1,4096,256,256,two_stream,,108,108,ok,0.0604,0.5222,0.0727,0.5151,0.5151,0.884,1.1312,-1.3725,498.9594
zamba2_2.7b,a100_sxm4_80gb,verified,attn,ssm,1,4096,256,256,green_ctx,0.5,54,54,ok,0.0604,0.5222,0.0835,0.513,0.513,0.8805,1.1357,-1.7647,500.9512
zamba2_2.7b,a100_sxm4_80gb,verified,attn,ssm,1,4096,256,256,green_ctx,0.7,76,32,ok,0.0604,0.5222,0.0768,0.5181,0.5181,0.8893,1.1245,-0.7843,496.0011
zamba2_2.7b,a100_sxm4_80gb,verified,attn,ssm,2,4096,256,256,sequential,,108,108,ok,0.0594,0.5094,0.0594,0.5094,0.5688,1.0,1.0,0.0,453.561
zamba2_2.7b,a100_sxm4_80gb,verified,attn,ssm,2,4096,256,256,two_stream,,108,108,ok,0.0594,0.5094,0.0717,0.5064,0.5064,0.8902,1.1234,-0.603,509.5109
zamba2_2.7b,a100_sxm4_80gb,verified,attn,ssm,2,4096,256,256,green_ctx,0.5,54,54,ok,0.0594,0.5094,0.085,0.5238,0.5238,0.9208,1.086,2.8141,492.577
zamba2_2.7b,a100_sxm4_80gb,verified,attn,ssm,2,4096,256,256,green_ctx,0.7,76,32,ok,0.0594,0.5094,0.0768,0.5417,0.5417,0.9523,1.0501,6.3317,476.2819
zamba2_2.7b,a100_sxm4_80gb,verified,attn,ssm,4,4096,256,256,sequential,,108,108,ok,0.0594,0.5094,0.0594,0.5094,0.5688,1.0,1.0,0.0,457.077
zamba2_2.7b,a100_sxm4_80gb,verified,attn,ssm,4,4096,256,256,two_stream,,108,108,ok,0.0594,0.5094,0.0707,0.5166,0.5166,0.9082,1.1011,1.407,503.283
zamba2_2.7b,a100_sxm4_80gb,verified,attn,ssm,4,4096,256,256,green_ctx,0.5,54,54,ok,0.0594,0.5094,0.0845,0.5504,0.5504,0.9676,1.0335,8.0402,472.3837
zamba2_2.7b,a100_sxm4_80gb,verified,attn,ssm,4,4096,256,256,green_ctx,0.7,76,32,ok,0.0594,0.5094,0.0778,0.5898,0.5898,1.0369,0.9644,15.7789,440.8094
zamba2_2.7b,a100_sxm4_80gb,verified,attn,ssm,8,4096,256,256,sequential,,108,108,ok,0.0594,0.5396,0.0594,0.5396,0.599,1.0,1.0,0.0,440.7051
zamba2_2.7b,a100_sxm4_80gb,verified,attn,ssm,8,4096,256,256,two_stream,,108,108,ok,0.0594,0.5396,0.0727,0.5473,0.5473,0.9137,1.0945,1.4231,482.3433
zamba2_2.7b,a100_sxm4_80gb,verified,attn,ssm,8,4096,256,256,green_ctx,0.5,54,54,ok,0.0594,0.5396,0.085,0.6164,0.6164,1.0291,0.9718,14.2315,428.26
zamba2_2.7b,a100_sxm4_80gb,verified,attn,ssm,8,4096,256,256,green_ctx,0.7,76,32,ok,0.0594,0.5396,0.0778,0.6886,0.6886,1.1496,0.8699,27.6091,383.3643
zamba2_2.7b,a100_sxm4_80gb,verified,attn,ssm,16,4096,256,256,sequential,,108,108,ok,0.0594,0.598,0.0594,0.598,0.6574,1.0,1.0,0.0,413.7461
zamba2_2.7b,a100_sxm4_80gb,verified,attn,ssm,16,4096,256,256,two_stream,,108,108,ok,0.0594,0.598,0.0686,0.6072,0.6072,0.9237,1.0826,1.5411,447.9342
zamba2_2.7b,a100_sxm4_80gb,verified,attn,ssm,16,4096,256,256,green_ctx,0.5,54,54,ok,0.0594,0.598,0.085,0.7322,0.7322,1.1137,0.8979,22.4315,371.5035
zamba2_2.7b,a100_sxm4_80gb,verified,attn,ssm,16,4096,256,256,green_ctx,0.7,76,32,ok,0.0594,0.598,0.0773,0.8919,0.8919,1.3567,0.7371,49.1438,304.9656
zamba2_2.7b,a100_sxm4_80gb,verified,attn,ssm,32,4096,256,256,sequential,,108,108,ok,0.0594,0.725,0.0594,0.725,0.7844,1.0,1.0,0.0,367.1671
zamba2_2.7b,a100_sxm4_80gb,verified,attn,ssm,32,4096,256,256,two_stream,,108,108,ok,0.0594,0.725,0.0686,0.7316,0.7316,0.9328,1.0721,0.9181,393.6319
zamba2_2.7b,a100_sxm4_80gb,verified,attn,ssm,32,4096,256,256,green_ctx,0.5,54,54,ok,0.0594,0.725,0.085,0.9764,0.9764,1.2448,0.8034,34.6751,294.9659
zamba2_2.7b,a100_sxm4_80gb,verified,attn,ssm,32,4096,256,256,green_ctx,0.7,76,32,ok,0.0594,0.725,0.0768,1.2979,1.2979,1.6547,0.6043,79.0254,221.8935
zamba2_2.7b,a100_sxm4_80gb,verified,attn,ssm,64,4096,256,256,sequential,,108,108,ok,0.0594,0.9569,0.0594,0.9569,1.0163,1.0,1.0,0.0,314.8615
zamba2_2.7b,a100_sxm4_80gb,verified,attn,ssm,64,4096,256,256,two_stream,,108,108,ok,0.0594,0.9569,0.0696,0.9723,0.9723,0.9567,1.0453,1.6051,329.1206
zamba2_2.7b,a100_sxm4_80gb,verified,attn,ssm,64,4096,256,256,green_ctx,0.5,54,54,ok,0.0594,0.9569,0.086,1.4776,1.4776,1.4539,0.6878,54.4141,216.5627
zamba2_2.7b,a100_sxm4_80gb,verified,attn,ssm,64,4096,256,256,green_ctx,0.7,76,32,ok,0.0594,0.9569,0.0758,2.2579,2.2579,2.2217,0.4501,135.9551,141.7234
zamba2_2.7b,a100_sxm4_80gb,verified,attn,ssm,128,4096,256,256,sequential,,108,108,ok,0.0594,1.6328,0.0594,1.6328,1.6922,1.0,1.0,0.0,226.9289
zamba2_2.7b,a100_sxm4_80gb,verified,attn,ssm,128,4096,256,256,two_stream,,108,108,ok,0.0594,1.6328,0.0696,1.6415,1.6415,0.97,1.0309,0.5331,233.9364
zamba2_2.7b,a100_sxm4_80gb,verified,attn,ssm,128,4096,256,256,green_ctx,0.5,54,54,ok,0.0594,1.6328,0.085,2.7453,2.7453,1.6224,0.6164,68.1405,139.8732
zamba2_2.7b,a100_sxm4_80gb,verified,attn,ssm,128,4096,256,256,green_ctx,0.7,76,32,ok,0.0594,1.6328,0.0773,4.2998,4.2998,2.541,0.3935,163.3427,89.307
zamba2_2.7b,a100_sxm4_80gb,verified,attn,ssm,256,4096,256,256,sequential,,108,108,ok,0.0604,3.0761,0.0604,3.0761,3.1365,1.0,1.0,0.0,163.2387
zamba2_2.7b,a100_sxm4_80gb,verified,attn,ssm,256,4096,256,256,two_stream,,108,108,ok,0.0604,3.0761,0.0696,3.0833,3.0833,0.983,1.0173,0.233,166.0578
zamba2_2.7b,a100_sxm4_80gb,verified,attn,ssm,256,4096,256,256,green_ctx,0.5,54,54,ok,0.0604,3.0761,0.087,5.2521,5.2521,1.6745,0.5972,70.739,97.4849
zamba2_2.7b,a100_sxm4_80gb,verified,attn,ssm,256,4096,256,256,green_ctx,0.7,76,32,ok,0.0604,3.0761,0.0753,8.3712,8.3712,2.669,0.3747,172.1371,61.1621
zamba2_2.7b,a100_sxm4_80gb,verified,attn,ssm,512,4096,256,256,sequential,,108,108,ok,0.0594,5.9315,0.0594,5.9315,5.9909,1.0,1.0,0.0,128.1942
zamba2_2.7b,a100_sxm4_80gb,verified,attn,ssm,512,4096,256,256,two_stream,,108,108,ok,0.0594,5.9315,0.0707,5.9904,5.9904,0.9999,1.0001,0.9927,128.2051
zamba2_2.7b,a100_sxm4_80gb,verified,attn,ssm,512,4096,256,256,green_ctx,0.5,54,54,ok,0.0594,5.9315,0.0901,10.4172,10.4172,1.7388,0.5751,75.6237,73.7246
zamba2_2.7b,a100_sxm4_80gb,verified,attn,ssm,512,4096,256,256,green_ctx,0.7,76,32,ok,0.0594,5.9315,0.0788,16.7229,16.7229,2.7914,0.3582,181.9335,45.9249
