"# value_kind: measured=latency_ms,latency_std_ms,achieved_bw_gbs; derived=n_blocks_per_call,waves,bw_util_pct; metadata=model,config_status,layer_type,batch,seq,chunk_granularity,tokens_per_call,context_len,sm_count,status,n_measure"
model__metadata,config_status__metadata,layer_type__metadata,batch__metadata,seq__metadata,chunk_granularity__metadata,tokens_per_call__metadata,context_len__metadata,sm_count__metadata,status__metadata,n_measure__metadata,n_blocks_per_call__derived,waves__derived,latency_ms__measured,latency_std_ms__measured,achieved_bw_gbs__measured,bw_util_pct__derived
zamba2_2.7b,verified,ssm,1,2048,256,256,0,14,ok,30,80,5.7143,0.5847,0.00825,9.15,0.449
zamba2_2.7b,verified,ssm,1,2048,512,512,0,14,ok,30,160,11.4286,0.68096,0.00596,15.712,0.771
zamba2_2.7b,verified,ssm,8,2048,256,256,0,14,ok,30,640,45.7143,1.26464,0.00505,33.84,1.66
zamba2_2.7b,verified,ssm,8,2048,512,512,0,14,ok,30,1280,91.4286,2.04288,0.03334,41.897,2.055
zamba2_2.7b,verified,ssm,32,2048,256,256,0,14,ok,30,2560,182.8571,3.88608,0.00477,44.05,2.16
zamba2_2.7b,verified,ssm,32,2048,512,512,0,14,ok,30,5120,365.7143,7.55712,0.00421,45.303,2.222
zamba2_2.7b,verified,ssm,128,2048,256,256,0,14,ok,30,10240,731.4286,15.21459,0.05778,45.004,2.207
zamba2_2.7b,verified,ssm,128,2048,512,512,0,14,ok,30,20480,1462.8571,30.11482,0.05776,45.474,2.23
zamba2_2.7b,verified,ssm_full,1,2048,256,256,0,14,ok,30,80,5.7143,0.83661,0.00495,112.931,5.539
zamba2_2.7b,verified,ssm_full,1,2048,512,512,0,14,ok,30,160,11.4286,1.43616,0.00173,76.812,3.767
zamba2_2.7b,verified,ssm_full,8,2048,256,256,0,14,ok,30,640,45.7143,5.39955,0.00182,38.026,1.865
zamba2_2.7b,verified,ssm_full,8,2048,512,512,0,14,ok,30,1280,91.4286,10.66803,0.00762,31.122,1.526
zamba2_2.7b,verified,ssm_full,32,2048,256,256,0,14,ok,30,2560,182.8571,21.25875,0.00824,27.535,1.35
zamba2_2.7b,verified,ssm_full,32,2048,512,512,0,14,ok,30,5120,365.7143,42.42023,0.01912,25.745,1.263
zamba2_2.7b,verified,ssm_full,128,2048,256,256,0,14,ok,30,10240,731.4286,84.95155,0.01564,24.785,1.216
zamba2_2.7b,verified,ssm_full,128,2048,512,512,0,14,ok,30,20480,1462.8571,169.62508,0.04283,24.362,1.195
zamba2_2.7b,verified,attn,1,2048,256,256,0,14,ok,30,128,9.1429,0.1664,0.00125,141.785,6.954
zamba2_2.7b,verified,attn,1,2048,256,256,4096,14,ok,30,128,9.1429,1.0793,0.01702,99.583,4.884
zamba2_2.7b,verified,attn,1,2048,512,512,0,14,ok,30,256,18.2857,0.19814,0.00477,238.14,11.679
zamba2_2.7b,verified,attn,1,2048,512,512,4096,14,ok,30,256,18.2857,2.03674,0.00168,64.354,3.156
zamba2_2.7b,verified,attn,8,2048,256,256,0,14,ok,30,1024,73.1429,0.47616,0.00267,396.387,19.44
zamba2_2.7b,verified,attn,8,2048,256,256,4096,14,ok,30,1024,73.1429,7.01901,0.00197,122.501,6.008
zamba2_2.7b,verified,attn,8,2048,512,512,0,14,ok,30,2048,146.2857,1.31994,0.00448,285.989,14.026
zamba2_2.7b,verified,attn,8,2048,512,512,4096,14,ok,30,2048,146.2857,14.76762,0.00211,71.005,3.482
zamba2_2.7b,verified,attn,32,2048,256,256,0,14,ok,30,4096,292.5714,1.7961,0.00213,420.342,20.615
zamba2_2.7b,verified,attn,32,2048,256,256,4096,14,ok,30,4096,292.5714,27.71558,0.00444,124.094,6.086
zamba2_2.7b,verified,attn,32,2048,512,512,0,14,ok,30,8192,585.1429,5.1456,0.00391,293.445,14.392
zamba2_2.7b,verified,attn,32,2048,512,512,4096,14,ok,30,8192,585.1429,58.34343,0.01319,71.89,3.526
zamba2_2.7b,verified,attn,128,2048,256,256,0,14,ok,30,16384,1170.2857,7.07891,0.00896,426.605,20.922
zamba2_2.7b,verified,attn,128,2048,256,256,4096,14,ok,30,16384,1170.2857,110.32474,0.03119,124.698,6.116
zamba2_2.7b,verified,attn,128,2048,512,512,0,14,ok,30,32768,2340.5714,20.44979,0.00481,295.348,14.485
zamba2_2.7b,verified,attn,128,2048,512,512,4096,14,ok,30,32768,2340.5714,232.99891,0.03438,72.006,3.531
zamba2_2.7b,verified,ssm,1,2048,256,256,0,27,ok,30,80,2.963,0.53043,0.00656,10.086,0.495
zamba2_2.7b,verified,ssm,1,2048,512,512,0,27,ok,30,160,5.9259,0.58726,0.00708,18.219,0.894
zamba2_2.7b,verified,ssm,8,2048,256,256,0,27,ok,30,640,23.7037,0.90419,0.00526,47.33,2.321
zamba2_2.7b,verified,ssm,8,2048,512,512,0,27,ok,30,1280,47.4074,1.32198,0.00564,64.744,3.175
zamba2_2.7b,verified,ssm,32,2048,256,256,0,27,ok,30,2560,94.8148,2.16986,0.00606,78.89,3.869
zamba2_2.7b,verified,ssm,32,2048,512,512,0,27,ok,30,5120,189.6296,4.13133,0.01028,82.869,4.064
zamba2_2.7b,verified,ssm,128,2048,256,256,0,27,ok,30,10240,379.2593,8.2007,0.01832,83.495,4.095
zamba2_2.7b,verified,ssm,128,2048,512,512,0,27,ok,30,20480,758.5185,16.14336,0.07763,84.83,4.16
zamba2_2.7b,verified,ssm_full,1,2048,256,256,0,27,ok,30,80,2.963,0.68352,0.00604,138.224,6.779
zamba2_2.7b,verified,ssm_full,1,2048,512,512,0,27,ok,30,160,5.9259,0.82176,0.00609,134.241,6.584
zamba2_2.7b,verified,ssm_full,8,2048,256,256,0,27,ok,30,640,23.7037,2.75763,0.00179,74.457,3.652
zamba2_2.7b,verified,ssm_full,8,2048,512,512,0,27,ok,30,1280,47.4074,5.49478,0.00681,60.422,2.963
zamba2_2.7b,verified,ssm_full,32,2048,256,256,0,27,ok,30,2560,94.8148,10.81395,0.00488,54.131,2.655
zamba2_2.7b,verified,ssm_full,32,2048,512,512,0,27,ok,30,5120,189.6296,21.51424,0.01075,50.761,2.49
zamba2_2.7b,verified,ssm_full,128,2048,256,256,0,27,ok,30,10240,379.2593,43.10477,0.0252,48.847,2.396
zamba2_2.7b,verified,ssm_full,128,2048,512,512,0,27,ok,30,20480,758.5185,85.9648,0.05164,48.071,2.358
zamba2_2.7b,verified,attn,1,2048,256,256,0,27,ok,30,128,4.7407,0.10342,0.00173,228.119,11.188
zamba2_2.7b,verified,attn,1,2048,256,256,4096,27,ok,30,128,4.7407,0.56218,0.00272,191.184,9.376
zamba2_2.7b,verified,attn,1,2048,512,512,0,27,ok,30,256,9.4815,0.12237,0.0041,385.607,18.912
zamba2_2.7b,verified,attn,1,2048,512,512,4096,27,ok,30,256,9.4815,1.05677,0.00448,124.031,6.083
zamba2_2.7b,verified,attn,8,2048,256,256,0,27,ok,30,1024,37.9259,0.25805,0.00258,731.429,35.872
zamba2_2.7b,verified,attn,8,2048,256,256,4096,27,ok,30,1024,37.9259,3.63315,0.00212,236.663,11.607
zamba2_2.7b,verified,attn,8,2048,512,512,0,27,ok,30,2048,75.8519,0.6871,0.00342,549.389,26.944
zamba2_2.7b,verified,attn,8,2048,512,512,4096,27,ok,30,2048,75.8519,7.42502,0.00151,141.222,6.926
zamba2_2.7b,verified,attn,32,2048,256,256,0,27,ok,30,4096,151.7037,0.92928,0.00203,812.43,39.845
zamba2_2.7b,verified,attn,32,2048,256,256,4096,27,ok,30,4096,151.7037,13.98579,0.23825,245.916,12.061
zamba2_2.7b,verified,attn,32,2048,512,512,0,27,ok,30,8192,303.4074,2.6153,0.00304,577.353,28.316
zamba2_2.7b,verified,attn,32,2048,512,512,4096,27,ok,30,8192,303.4074,29.31968,0.01128,143.054,7.016
zamba2_2.7b,verified,attn,128,2048,256,256,0,27,ok,30,16384,606.8148,3.60141,0.0022,838.533,41.125
zamba2_2.7b,verified,attn,128,2048,256,256,4096,27,ok,30,16384,606.8148,55.24787,0.01394,249.011,12.212
zamba2_2.7b,verified,attn,128,2048,512,512,0,27,ok,30,32768,1213.6296,10.31475,0.00399,585.55,28.717
zamba2_2.7b,verified,attn,128,2048,512,512,4096,27,ok,30,32768,1213.6296,116.68787,0.02814,143.779,7.051
zamba2_2.7b,verified,ssm,1,2048,256,256,0,40,ok,30,80,2.0,0.52736,0.00941,10.145,0.498
zamba2_2.7b,verified,ssm,1,2048,512,512,0,40,ok,30,160,4.0,0.5673,0.00796,18.86,0.925
zamba2_2.7b,verified,ssm,8,2048,256,256,0,40,ok,30,640,16.0,0.78797,0.00637,54.311,2.664
zamba2_2.7b,verified,ssm,8,2048,512,512,0,40,ok,30,1280,32.0,1.0839,0.00571,78.965,3.873
zamba2_2.7b,verified,ssm,32,2048,256,256,0,40,ok,30,2560,64.0,1.66912,0.03402,102.557,5.03
zamba2_2.7b,verified,ssm,32,2048,512,512,0,40,ok,30,5120,128.0,3.0976,0.02952,110.524,5.421
zamba2_2.7b,verified,ssm,128,2048,256,256,0,40,ok,30,10240,256.0,6.1225,0.07765,111.837,5.485
zamba2_2.7b,verified,ssm,128,2048,512,512,0,40,ok,30,20480,512.0,11.93984,0.04143,114.695,5.625
zamba2_2.7b,verified,ssm_full,1,2048,256,256,0,40,ok,30,80,2.0,0.6441,0.00621,146.684,7.194
zamba2_2.7b,verified,ssm_full,1,2048,512,512,0,40,ok,30,160,4.0,0.73523,0.18978,150.04,7.358
zamba2_2.7b,verified,ssm_full,8,2048,256,256,0,40,ok,30,640,16.0,1.93638,0.00196,106.035,5.2
zamba2_2.7b,verified,ssm_full,8,2048,512,512,0,40,ok,30,1280,32.0,3.84614,0.00193,86.322,4.234
zamba2_2.7b,verified,ssm_full,32,2048,256,256,0,40,ok,30,2560,64.0,7.64416,0.00456,76.577,3.756
zamba2_2.7b,verified,ssm_full,32,2048,512,512,0,40,ok,30,5120,128.0,15.22278,0.23972,71.741,3.518
zamba2_2.7b,verified,ssm_full,128,2048,256,256,0,40,ok,30,10240,256.0,30.5239,0.05058,68.98,3.383
zamba2_2.7b,verified,ssm_full,128,2048,512,512,0,40,ok,30,20480,512.0,60.90906,0.04146,67.846,3.327
zamba2_2.7b,verified,attn,1,2048,256,256,0,40,ok,30,128,3.2,0.08499,0.00099,277.59,13.614
zamba2_2.7b,verified,attn,1,2048,256,256,4096,40,ok,30,128,3.2,0.41574,0.00227,258.522,12.679
zamba2_2.7b,verified,attn,1,2048,512,512,0,40,ok,30,256,6.4,0.10342,0.00285,456.238,22.376
zamba2_2.7b,verified,attn,1,2048,512,512,4096,40,ok,30,256,6.4,0.84378,0.0012,155.34,7.618
zamba2_2.7b,verified,attn,8,2048,256,256,0,40,ok,30,1024,25.6,0.19354,0.00203,975.238,47.829
zamba2_2.7b,verified,attn,8,2048,256,256,4096,40,ok,30,1024,25.6,2.5088,0.00096,342.727,16.809
zamba2_2.7b,verified,attn,8,2048,512,512,0,40,ok,30,2048,51.2,0.49869,0.00366,756.961,37.124
zamba2_2.7b,verified,attn,8,2048,512,512,4096,40,ok,30,2048,51.2,5.23571,0.00146,200.274,9.822
zamba2_2.7b,verified,attn,32,2048,256,256,0,40,ok,30,4096,102.4,0.66765,0.00199,1130.798,55.458
zamba2_2.7b,verified,attn,32,2048,256,256,4096,40,ok,30,4096,102.4,9.84781,0.0038,349.248,17.128
zamba2_2.7b,verified,attn,32,2048,512,512,0,40,ok,30,8192,204.8,1.85754,0.00367,812.878,39.866
zamba2_2.7b,verified,attn,32,2048,512,512,4096,40,ok,30,8192,204.8,20.56602,0.01669,203.943,10.002
zamba2_2.7b,verified,attn,128,2048,256,256,0,40,ok,30,16384,409.6,2.55283,0.00264,1182.96,58.017
zamba2_2.7b,verified,attn,128,2048,256,256,4096,40,ok,30,16384,409.6,38.69491,0.01098,355.533,17.437
zamba2_2.7b,verified,attn,128,2048,512,512,0,40,ok,30,32768,819.2,7.28269,0.00339,829.336,40.674
zamba2_2.7b,verified,attn,128,2048,512,512,4096,40,ok,30,32768,819.2,81.7152,0.02732,205.313,10.069
zamba2_2.7b,verified,ssm,1,2048,256,256,0,54,ok,30,80,1.4815,0.52787,0.0089,10.135,0.497
zamba2_2.7b,verified,ssm,1,2048,512,512,0,54,ok,30,160,2.963,0.55501,0.0103,19.278,0.945
zamba2_2.7b,verified,ssm,8,2048,256,256,0,54,ok,30,640,11.8519,0.71578,0.00644,59.789,2.932
zamba2_2.7b,verified,ssm,8,2048,512,512,0,54,ok,30,1280,23.7037,0.9303,0.00646,92.003,4.512
zamba2_2.7b,verified,ssm,32,2048,256,256,0,54,ok,30,2560,47.4074,1.37267,0.00651,124.706,6.116
zamba2_2.7b,verified,ssm,32,2048,512,512,0,54,ok,30,5120,94.8148,2.39462,0.00501,142.97,7.012
zamba2_2.7b,verified,ssm,128,2048,256,256,0,54,ok,30,10240,189.6296,4.69811,0.00693,145.744,7.148
zamba2_2.7b,verified,ssm,128,2048,512,512,0,54,ok,30,20480,379.2593,9.16122,0.01713,149.482,7.331
zamba2_2.7b,verified,ssm_full,1,2048,256,256,0,54,ok,30,80,1.4815,0.64768,0.00665,145.873,7.154
zamba2_2.7b,verified,ssm_full,1,2048,512,512,0,54,ok,30,160,2.963,0.71526,0.00656,154.228,7.564
zamba2_2.7b,verified,ssm_full,8,2048,256,256,0,54,ok,30,640,11.8519,1.46944,0.00146,139.73,6.853
zamba2_2.7b,verified,ssm_full,8,2048,512,512,0,54,ok,30,1280,23.7037,2.90458,0.00157,114.304,5.606
zamba2_2.7b,verified,ssm_full,32,2048,256,256,0,54,ok,30,2560,47.4074,5.75078,0.0242,101.789,4.992
zamba2_2.7b,verified,ssm_full,32,2048,512,512,0,54,ok,30,5120,94.8148,11.36947,0.00868,96.055,4.711
zamba2_2.7b,verified,ssm_full,128,2048,256,256,0,54,ok,30,10240,189.6296,22.78349,0.00798,92.415,4.532
zamba2_2.7b,verified,ssm_full,128,2048,512,512,0,54,ok,30,20480,379.2593,45.34016,0.02232,91.143,4.47
zamba2_2.7b,verified,attn,1,2048,256,256,0,54,ok,30,128,2.3704,0.0727,0.00133,324.507,15.915
zamba2_2.7b,verified,attn,1,2048,256,256,4096,54,ok,30,128,2.3704,0.33382,0.00116,321.963,15.79
zamba2_2.7b,verified,attn,1,2048,512,512,0,54,ok,30,256,4.7407,0.08192,0.00146,576.0,28.249
zamba2_2.7b,verified,attn,1,2048,512,512,4096,54,ok,30,256,4.7407,0.66765,0.00153,196.319,9.628
zamba2_2.7b,verified,attn,8,2048,256,256,0,54,ok,30,1024,18.963,0.1577,0.00166,1196.883,58.7
zamba2_2.7b,verified,attn,8,2048,256,256,4096,54,ok,30,1024,18.963,1.94253,0.00105,442.636,21.708
zamba2_2.7b,verified,attn,8,2048,512,512,0,54,ok,30,2048,37.9259,0.38707,0.00414,975.238,47.829
zamba2_2.7b,verified,attn,8,2048,512,512,4096,54,ok,30,2048,37.9259,3.84717,0.0011,272.558,13.367
zamba2_2.7b,verified,attn,32,2048,256,256,0,54,ok,30,4096,75.8519,0.51507,0.00174,1465.765,71.886
zamba2_2.7b,verified,attn,32,2048,256,256,4096,54,ok,30,4096,75.8519,7.2279,0.00276,475.84,23.337
zamba2_2.7b,verified,attn,32,2048,512,512,0,54,ok,30,8192,151.7037,1.40595,0.00281,1073.969,52.671
zamba2_2.7b,verified,attn,32,2048,512,512,4096,54,ok,30,8192,151.7037,15.20538,0.00197,275.843,13.528
zamba2_2.7b,verified,attn,128,2048,256,256,0,54,ok,30,16384,303.4074,1.93741,0.00168,1558.732,76.446
zamba2_2.7b,verified,attn,128,2048,256,256,4096,54,ok,30,16384,303.4074,28.71194,0.01123,479.15,23.499
zamba2_2.7b,verified,attn,128,2048,512,512,0,54,ok,30,32768,606.8148,5.47021,0.00289,1104.126,54.15
zamba2_2.7b,verified,attn,128,2048,512,512,4096,54,ok,30,32768,606.8148,60.60544,0.00999,276.827,13.577
zamba2_2.7b,verified,ssm,1,2048,256,256,0,68,ok,30,80,1.1765,0.49971,0.00918,10.706,0.525
zamba2_2.7b,verified,ssm,1,2048,512,512,0,68,ok,30,160,2.3529,0.52582,0.00714,20.348,0.998
zamba2_2.7b,verified,ssm,8,2048,256,256,0,68,ok,30,640,9.4118,0.65382,0.00757,65.454,3.21
zamba2_2.7b,verified,ssm,8,2048,512,512,0,68,ok,30,1280,18.8235,0.82944,0.00584,103.191,5.061
zamba2_2.7b,verified,ssm,32,2048,256,256,0,68,ok,30,2560,37.6471,1.17965,0.0053,145.112,7.117
zamba2_2.7b,verified,ssm,32,2048,512,512,0,68,ok,30,5120,75.2941,1.96813,0.003,173.952,8.531
zamba2_2.7b,verified,ssm,128,2048,256,256,0,68,ok,30,10240,150.5882,3.85741,0.00555,177.508,8.706
zamba2_2.7b,verified,ssm,128,2048,512,512,0,68,ok,30,20480,301.1765,7.4921,0.06692,182.785,8.964
zamba2_2.7b,verified,ssm_full,1,2048,256,256,0,68,ok,30,80,1.1765,0.6313,0.00798,149.659,7.34
zamba2_2.7b,verified,ssm_full,1,2048,512,512,0,68,ok,30,160,2.3529,0.69325,0.00505,159.126,7.804
zamba2_2.7b,verified,ssm_full,8,2048,256,256,0,68,ok,30,640,9.4118,1.28307,0.0013,160.026,7.848
zamba2_2.7b,verified,ssm_full,8,2048,512,512,0,68,ok,30,1280,18.8235,2.3511,0.00148,141.213,6.926
zamba2_2.7b,verified,ssm_full,32,2048,256,256,0,68,ok,30,2560,37.6471,4.64794,0.00178,125.942,6.177
zamba2_2.7b,verified,ssm_full,32,2048,512,512,0,68,ok,30,5120,75.2941,9.09926,0.00829,120.02,5.886
zamba2_2.7b,verified,ssm_full,128,2048,256,256,0,68,ok,30,10240,150.5882,18.19802,0.00602,115.702,5.674
zamba2_2.7b,verified,ssm_full,128,2048,512,512,0,68,ok,30,20480,301.1765,36.31923,0.01054,113.781,5.58
zamba2_2.7b,verified,attn,1,2048,256,256,0,68,ok,30,128,1.8824,0.06554,0.00102,360.0,17.656
zamba2_2.7b,verified,attn,1,2048,256,256,4096,68,ok,30,128,1.8824,0.26317,0.00134,408.405,20.03
zamba2_2.7b,verified,attn,1,2048,512,512,0,68,ok,30,256,3.7647,0.0768,0.00096,614.4,30.132
zamba2_2.7b,verified,attn,1,2048,512,512,4096,68,ok,30,256,3.7647,0.44339,0.00159,295.612,14.498
zamba2_2.7b,verified,attn,8,2048,256,256,0,68,ok,30,1024,15.0588,0.13517,0.00234,1396.364,68.483
zamba2_2.7b,verified,attn,8,2048,256,256,4096,68,ok,30,1024,15.0588,1.56672,0.00098,548.81,26.916
zamba2_2.7b,verified,attn,8,2048,512,512,0,68,ok,30,2048,30.1176,0.32102,0.00375,1175.885,57.67
zamba2_2.7b,verified,attn,8,2048,512,512,4096,68,ok,30,2048,30.1176,3.24096,0.0017,323.539,15.868
zamba2_2.7b,verified,attn,32,2048,256,256,0,68,ok,30,4096,60.2353,0.42854,0.00199,1761.72,86.401
zamba2_2.7b,verified,attn,32,2048,256,256,4096,68,ok,30,4096,60.2353,5.89824,0.00157,583.111,28.598
zamba2_2.7b,verified,attn,32,2048,512,512,0,68,ok,30,8192,120.4706,1.14074,0.0025,1323.662,64.917
zamba2_2.7b,verified,attn,32,2048,512,512,4096,68,ok,30,8192,120.4706,12.2071,0.01339,343.595,16.851
zamba2_2.7b,verified,attn,128,2048,256,256,0,68,ok,30,16384,240.9412,1.59027,0.00195,1898.983,93.133
zamba2_2.7b,verified,attn,128,2048,256,256,4096,68,ok,30,16384,240.9412,22.86694,0.00713,601.625,29.506
zamba2_2.7b,verified,attn,128,2048,512,512,0,68,ok,30,32768,481.8824,4.40422,0.00389,1371.365,67.257
zamba2_2.7b,verified,attn,128,2048,512,512,4096,68,ok,30,32768,481.8824,48.11366,0.01827,348.7,17.102
zamba2_2.7b,verified,ssm,1,2048,256,256,0,81,ok,30,80,0.9877,0.512,0.00944,10.449,0.512
zamba2_2.7b,verified,ssm,1,2048,512,512,0,81,ok,30,160,1.9753,0.52326,0.00637,20.447,1.003
zamba2_2.7b,verified,ssm,8,2048,256,256,0,81,ok,30,640,7.9012,0.62874,0.00723,68.066,3.338
zamba2_2.7b,verified,ssm,8,2048,512,512,0,81,ok,30,1280,15.8025,0.76186,0.00542,112.345,5.51
zamba2_2.7b,verified,ssm,32,2048,256,256,0,81,ok,30,2560,31.6049,1.03475,0.00758,165.431,8.113
zamba2_2.7b,verified,ssm,32,2048,512,512,0,81,ok,30,5120,63.2099,1.63584,0.00345,209.287,10.264
zamba2_2.7b,verified,ssm,128,2048,256,256,0,81,ok,30,10240,126.4198,3.23072,0.00585,211.941,10.394
zamba2_2.7b,verified,ssm,128,2048,512,512,0,81,ok,30,20480,252.8395,6.23923,0.00459,219.489,10.765
zamba2_2.7b,verified,ssm_full,1,2048,256,256,0,81,ok,30,80,0.9877,0.60979,0.00756,154.936,7.599
zamba2_2.7b,verified,ssm_full,1,2048,512,512,0,81,ok,30,160,1.9753,0.63283,0.0063,174.318,8.549
zamba2_2.7b,verified,ssm_full,8,2048,256,256,0,81,ok,30,640,7.9012,0.99738,0.00125,205.865,10.096
zamba2_2.7b,verified,ssm_full,8,2048,512,512,0,81,ok,30,1280,15.8025,1.95379,0.00105,169.929,8.334
zamba2_2.7b,verified,ssm_full,32,2048,256,256,0,81,ok,30,2560,31.6049,3.84819,0.00183,152.115,7.46
zamba2_2.7b,verified,ssm_full,32,2048,512,512,0,81,ok,30,5120,63.2099,7.56019,0.02163,144.453,7.085
zamba2_2.7b,verified,ssm_full,128,2048,256,256,0,81,ok,30,10240,126.4198,15.3088,0.06629,137.538,6.745
zamba2_2.7b,verified,ssm_full,128,2048,512,512,0,81,ok,30,20480,252.8395,30.52032,0.14037,135.4,6.64
zamba2_2.7b,verified,attn,1,2048,256,256,0,81,ok,30,128,1.5802,0.06246,0.00114,377.705,18.524
zamba2_2.7b,verified,attn,1,2048,256,256,4096,81,ok,30,128,1.5802,0.23552,0.002,456.348,22.381
zamba2_2.7b,verified,attn,1,2048,512,512,0,81,ok,30,256,3.1605,0.06656,0.00093,708.923,34.768
zamba2_2.7b,verified,attn,1,2048,512,512,4096,81,ok,30,256,3.1605,0.44749,0.00197,292.906,14.365
zamba2_2.7b,verified,attn,8,2048,256,256,0,81,ok,30,1024,12.642,0.1239,0.00184,1523.306,74.708
zamba2_2.7b,verified,attn,8,2048,256,256,4096,81,ok,30,1024,12.642,1.39674,0.00709,615.601,30.191
zamba2_2.7b,verified,attn,8,2048,512,512,0,81,ok,30,2048,25.284,0.27955,0.00274,1350.33,66.225
zamba2_2.7b,verified,attn,8,2048,512,512,4096,81,ok,30,2048,25.284,2.65216,0.00092,395.367,19.39
zamba2_2.7b,verified,attn,32,2048,256,256,0,81,ok,30,4096,50.5679,0.37683,0.00183,2003.478,98.258
zamba2_2.7b,verified,attn,32,2048,256,256,4096,81,ok,30,4096,50.5679,4.90701,0.00902,700.901,34.375
zamba2_2.7b,verified,attn,32,2048,512,512,0,81,ok,30,8192,101.1358,0.98509,0.00644,1532.807,75.174
zamba2_2.7b,verified,attn,32,2048,512,512,4096,81,ok,30,8192,101.1358,10.03418,0.00167,418.002,20.5
zamba2_2.7b,verified,attn,128,2048,256,256,0,81,ok,30,16384,202.2716,1.3824,0.00204,2184.533,107.137
zamba2_2.7b,verified,attn,128,2048,256,256,4096,81,ok,30,16384,202.2716,19.36947,0.0153,710.258,34.834
zamba2_2.7b,verified,attn,128,2048,512,512,0,81,ok,30,32768,404.5432,3.74477,0.01781,1612.863,79.101
zamba2_2.7b,verified,attn,128,2048,512,512,4096,81,ok,30,32768,404.5432,40.2048,0.34204,417.294,20.466
zamba2_2.7b,verified,ssm,1,2048,256,256,0,94,ok,30,80,0.8511,0.50995,0.00853,10.491,0.515
zamba2_2.7b,verified,ssm,1,2048,512,512,0,94,ok,30,160,1.7021,0.52173,0.00716,20.507,1.006
zamba2_2.7b,verified,ssm,8,2048,256,256,0,94,ok,30,640,6.8085,0.61235,0.00676,69.887,3.428
zamba2_2.7b,verified,ssm,8,2048,512,512,0,94,ok,30,1280,13.617,0.73062,0.00518,117.147,5.745
zamba2_2.7b,verified,ssm,32,2048,256,256,0,94,ok,30,2560,27.234,0.9728,0.00428,175.967,8.63
zamba2_2.7b,verified,ssm,32,2048,512,512,0,94,ok,30,5120,54.4681,1.4807,0.00307,231.215,11.34
zamba2_2.7b,verified,ssm,128,2048,256,256,0,94,ok,30,10240,108.9362,3.01414,0.00407,227.169,11.141
zamba2_2.7b,verified,ssm,128,2048,512,512,0,94,ok,30,20480,217.8723,5.90643,0.01503,231.856,11.371
zamba2_2.7b,verified,ssm_full,1,2048,256,256,0,94,ok,30,80,0.8511,0.60621,0.00758,155.852,7.644
zamba2_2.7b,verified,ssm_full,1,2048,512,512,0,94,ok,30,160,1.7021,0.62925,0.00579,175.311,8.598
zamba2_2.7b,verified,ssm_full,8,2048,256,256,0,94,ok,30,640,6.8085,0.91238,0.00169,225.042,11.037
zamba2_2.7b,verified,ssm_full,8,2048,512,512,0,94,ok,30,1280,13.617,1.78074,0.00311,186.443,9.144
zamba2_2.7b,verified,ssm_full,32,2048,256,256,0,94,ok,30,2560,27.234,3.45702,0.00609,169.327,8.304
zamba2_2.7b,verified,ssm_full,32,2048,512,512,0,94,ok,30,5120,54.4681,6.78093,0.00121,161.054,7.899
zamba2_2.7b,verified,ssm_full,128,2048,256,256,0,94,ok,30,10240,108.9362,13.95456,0.12079,150.886,7.4
zamba2_2.7b,verified,ssm_full,128,2048,512,512,0,94,ok,30,20480,217.8723,27.79238,0.11387,148.69,7.292
zamba2_2.7b,verified,attn,1,2048,256,256,0,94,ok,30,128,1.3617,0.06144,0.0014,384.0,18.833
zamba2_2.7b,verified,attn,1,2048,256,256,4096,94,ok,30,128,1.3617,0.23654,0.00312,454.372,22.284
zamba2_2.7b,verified,attn,1,2048,512,512,0,94,ok,30,256,2.7234,0.06963,0.00131,677.647,33.234
zamba2_2.7b,verified,attn,1,2048,512,512,4096,94,ok,30,256,2.7234,0.44851,0.00213,292.237,14.332
zamba2_2.7b,verified,attn,8,2048,256,256,0,94,ok,30,1024,10.8936,0.11776,0.00111,1602.783,78.606
zamba2_2.7b,verified,attn,8,2048,256,256,4096,94,ok,30,1024,10.8936,1.2032,0.00151,714.621,35.048
zamba2_2.7b,verified,attn,8,2048,512,512,0,94,ok,30,2048,21.7872,0.25805,0.00312,1462.857,71.744
zamba2_2.7b,verified,attn,8,2048,512,512,4096,94,ok,30,2048,21.7872,2.30502,0.00328,454.909,22.31
zamba2_2.7b,verified,attn,32,2048,256,256,0,94,ok,30,4096,43.5745,0.35533,0.00198,2124.726,104.204
zamba2_2.7b,verified,attn,32,2048,256,256,4096,94,ok,30,4096,43.5745,4.45338,0.03772,772.297,37.876
zamba2_2.7b,verified,attn,32,2048,512,512,0,94,ok,30,8192,87.1489,0.89856,0.00441,1680.41,82.413
zamba2_2.7b,verified,attn,32,2048,512,512,4096,94,ok,30,8192,87.1489,9.12947,0.01716,459.425,22.532
zamba2_2.7b,verified,attn,128,2048,256,256,0,94,ok,30,16384,174.2979,1.30253,0.00494,2318.491,113.707
zamba2_2.7b,verified,attn,128,2048,256,256,4096,94,ok,30,16384,174.2979,17.5913,0.09212,782.052,38.355
zamba2_2.7b,verified,attn,128,2048,512,512,0,94,ok,30,32768,348.5957,3.38842,0.01523,1782.484,87.42
zamba2_2.7b,verified,attn,128,2048,512,512,4096,94,ok,30,32768,348.5957,36.46157,0.23204,460.134,22.567
zamba2_2.7b,verified,ssm,1,2048,256,256,0,108,ok,30,80,0.7407,0.50893,0.00866,10.512,0.516
zamba2_2.7b,verified,ssm,1,2048,512,512,0,108,ok,30,160,1.4815,0.512,0.00885,20.897,1.025
zamba2_2.7b,verified,ssm,8,2048,256,256,0,108,ok,30,640,5.9259,0.6016,0.00558,71.136,3.489
zamba2_2.7b,verified,ssm,8,2048,512,512,0,108,ok,30,1280,11.8519,0.70912,0.00582,120.7,5.92
zamba2_2.7b,verified,ssm,32,2048,256,256,0,108,ok,30,2560,23.7037,0.93235,0.00468,183.601,9.004
zamba2_2.7b,verified,ssm,32,2048,512,512,0,108,ok,30,5120,47.4074,1.39622,0.00435,245.205,12.026
zamba2_2.7b,verified,ssm,128,2048,256,256,0,108,ok,30,10240,94.8148,2.75354,0.0052,248.67,12.196
zamba2_2.7b,verified,ssm,128,2048,512,512,0,108,ok,30,20480,189.6296,5.41235,0.00938,253.021,12.409
zamba2_2.7b,verified,ssm_full,1,2048,256,256,0,108,ok,30,80,0.7407,0.60826,0.008,155.327,7.618
zamba2_2.7b,verified,ssm_full,1,2048,512,512,0,108,ok,30,160,1.4815,0.62976,0.00711,175.168,8.591
zamba2_2.7b,verified,ssm_full,8,2048,256,256,0,108,ok,30,640,5.9259,0.89293,0.00692,229.945,11.277
zamba2_2.7b,verified,ssm_full,8,2048,512,512,0,108,ok,30,1280,11.8519,1.55341,0.02368,213.727,10.482
zamba2_2.7b,verified,ssm_full,32,2048,256,256,0,108,ok,30,2560,23.7037,3.09248,0.01766,189.288,9.283
zamba2_2.7b,verified,ssm_full,32,2048,512,512,0,108,ok,30,5120,47.4074,6.24435,0.00777,174.893,8.577
zamba2_2.7b,verified,ssm_full,128,2048,256,256,0,108,ok,30,10240,94.8148,12.61056,0.24575,166.967,8.189
zamba2_2.7b,verified,ssm_full,128,2048,512,512,0,108,ok,30,20480,189.6296,25.46432,0.10375,162.283,7.959
zamba2_2.7b,verified,attn,1,2048,256,256,0,108,ok,30,128,1.1852,0.06144,0.00399,384.0,18.833
zamba2_2.7b,verified,attn,1,2048,256,256,4096,108,ok,30,128,1.1852,0.20378,0.00214,527.437,25.867
zamba2_2.7b,verified,attn,1,2048,512,512,0,108,ok,30,256,2.3704,0.07987,0.00156,590.769,28.973
zamba2_2.7b,verified,attn,1,2048,512,512,4096,108,ok,30,256,2.3704,0.45312,0.00458,289.266,14.187
zamba2_2.7b,verified,attn,8,2048,256,256,0,108,ok,30,1024,9.4815,0.11264,0.00199,1675.636,82.179
zamba2_2.7b,verified,attn,8,2048,256,256,4096,108,ok,30,1024,9.4815,1.04909,0.01022,819.6,40.196
zamba2_2.7b,verified,attn,8,2048,512,512,0,108,ok,30,2048,18.963,0.24678,0.00289,1529.627,75.018
zamba2_2.7b,verified,attn,8,2048,512,512,4096,108,ok,30,2048,18.963,2.1719,0.01135,482.791,23.678
zamba2_2.7b,verified,attn,32,2048,256,256,0,108,ok,30,4096,37.9259,0.34099,0.00238,2214.054,108.585
zamba2_2.7b,verified,attn,32,2048,256,256,4096,108,ok,30,4096,37.9259,4.04582,0.03228,850.094,41.692
zamba2_2.7b,verified,attn,32,2048,512,512,0,108,ok,30,8192,75.8519,0.83251,0.00753,1813.727,88.952
zamba2_2.7b,verified,attn,32,2048,512,512,4096,108,ok,30,8192,75.8519,8.16998,0.04562,513.38,25.178
zamba2_2.7b,verified,attn,128,2048,256,256,0,108,ok,30,16384,151.7037,1.26771,0.00517,2382.165,116.83
zamba2_2.7b,verified,attn,128,2048,256,256,4096,108,ok,30,16384,151.7037,15.96928,0.09552,861.486,42.25
zamba2_2.7b,verified,attn,128,2048,512,512,0,108,ok,30,32768,303.4074,3.12781,0.0111,1931.0,94.703
zamba2_2.7b,verified,attn,128,2048,512,512,4096,108,ok,30,32768,303.4074,32.79974,0.39762,511.504,25.086
