# value_kind: latency_per_step_ms=measured(CUDA event); bytes_analytic,bytes_analytic_w_weight,achieved_bw_GBs,bw_util_pct=derived; model,cell,scope,sm_count,batch,context_len,backend,status=metadata
model,cell,scope,sm_count,batch,context_len,latency_per_step_ms,bytes_analytic,bytes_analytic_w_weight,achieved_bw_GBs,bw_util_pct,backend,status
falcon_h1,decode_attn,kernel,14,1,512,0.06616000086069107,524288,,7.924546450716652,0.39622732253583265,sdpa,ok
falcon_h1,decode_attn,kernel,14,1,2048,0.20771199464797974,2097152,,10.096441486463755,0.5048220743231878,sdpa,ok
falcon_h1,decode_attn,kernel,14,1,8192,0.7538880109786987,8388608,,11.127127474954662,0.5563563737477331,sdpa,ok
falcon_h1,decode_attn,kernel,14,1,32768,2.965791940689087,33554432,,11.313818592481507,0.5656909296240753,sdpa,ok
falcon_h1,decode_attn,kernel,14,4,512,0.20524799823760986,2097152,,10.217648980781709,0.5108824490390854,sdpa,ok
falcon_h1,decode_attn,kernel,14,4,2048,0.7498720288276672,8388608,,11.186719436801182,0.5593359718400591,sdpa,ok
falcon_h1,decode_attn,kernel,14,4,8192,2.8846240043640137,33554432,,11.632168334326089,0.5816084167163045,sdpa,ok
falcon_h1,decode_attn,kernel,14,4,32768,11.726719856262207,134217728,,11.44546212795611,0.5722731063978056,sdpa,ok
falcon_h1,decode_attn,kernel,14,8,512,0.39428800344467163,4194304,,10.637665775668381,0.5318832887834191,sdpa,ok
falcon_h1,decode_attn,kernel,14,8,2048,1.4617279767990112,16777216,,11.477659500463185,0.5738829750231592,sdpa,ok
falcon_h1,decode_attn,kernel,14,8,8192,5.728511810302734,67108864,,11.714886208195407,0.5857443104097704,sdpa,ok
falcon_h1,decode_attn,kernel,14,8,32768,23.41619110107422,268435456,,11.463668657354164,0.5731834328677082,sdpa,ok
falcon_h1,decode_attn,kernel,14,16,512,0.8729599714279175,8388608,,9.609384478739148,0.4804692239369574,sdpa,ok
falcon_h1,decode_attn,kernel,14,16,2048,3.381103992462158,33554432,,9.924105284784597,0.4962052642392298,sdpa,ok
falcon_h1,decode_attn,kernel,14,16,8192,13.419919967651367,134217728,,10.001380658270019,0.5000690329135009,sdpa,ok
falcon_h1,decode_attn,kernel,14,16,32768,54.82664108276367,536870912,,9.792153985679432,0.4896076992839716,sdpa,ok
falcon_h1,decode_attn,kernel,14,32,512,1.732975959777832,16777216,,9.681159109761017,0.4840579554880509,sdpa,ok
falcon_h1,decode_attn,kernel,14,32,2048,6.7336320877075195,67108864,,9.96622077444795,0.4983110387223975,sdpa,ok
falcon_h1,decode_attn,kernel,14,32,8192,26.757104873657227,268435456,,10.032305709736137,0.5016152854868069,sdpa,ok
falcon_h1,decode_attn,kernel,14,32,32768,109.39537811279297,1073741824,,9.81523938692282,0.4907619693461409,sdpa,ok
falcon_h1,decode_attn,kernel,27,1,512,0.06040000170469284,524288,,8.680264655675746,0.43401323278378734,sdpa,ok
falcon_h1,decode_attn,kernel,27,1,2048,0.11577600240707397,2097152,,18.11387469249727,0.9056937346248635,sdpa,ok
falcon_h1,decode_attn,kernel,27,1,8192,0.3946560025215149,8388608,,21.255493255908835,1.0627746627954417,sdpa,ok
falcon_h1,decode_attn,kernel,27,1,32768,1.5235999822616577,33554432,,22.023124435976452,1.1011562217988224,sdpa,ok
falcon_h1,decode_attn,kernel,27,4,512,0.11292800307273865,2097152,,18.570699409686654,0.9285349704843326,sdpa,ok
falcon_h1,decode_attn,kernel,27,4,2048,0.39239999651908875,8388608,,21.37769641797621,1.0688848208988104,sdpa,ok
falcon_h1,decode_attn,kernel,27,4,8192,1.470687985420227,33554432,,22.81546618497215,1.1407733092486074,sdpa,ok
falcon_h1,decode_attn,kernel,27,4,32768,5.989776134490967,134217728,,22.40780372861236,1.120390186430618,sdpa,ok
falcon_h1,decode_attn,kernel,27,8,512,0.21396799385547638,4194304,,19.60248317714762,0.980124158857381,sdpa,ok
falcon_h1,decode_attn,kernel,27,8,2048,0.7544000148773193,16777216,,22.239151205118038,1.111957560255902,sdpa,ok
falcon_h1,decode_attn,kernel,27,8,8192,2.9106080532073975,67108864,,23.05664753660259,1.1528323768301294,sdpa,ok
falcon_h1,decode_attn,kernel,27,8,32768,11.94923210144043,268435456,,22.464661638603644,1.1232330819301821,sdpa,ok
falcon_h1,decode_attn,kernel,27,16,512,0.46036800742149353,8388608,,18.221526832379872,0.9110763416189935,sdpa,ok
falcon_h1,decode_attn,kernel,27,16,2048,1.7278720140457153,33554432,,19.419512398626203,0.9709756199313102,sdpa,ok
falcon_h1,decode_attn,kernel,27,16,8192,6.805039882659912,134217728,,19.72328308346928,0.986164154173464,sdpa,ok
falcon_h1,decode_attn,kernel,27,16,32768,27.95639991760254,536870912,,19.203864359586703,0.9601932179793351,sdpa,ok
falcon_h1,decode_attn,kernel,27,32,512,0.906112015247345,16777216,,18.515609237805172,0.9257804618902586,sdpa,ok
falcon_h1,decode_attn,kernel,27,32,2048,3.426703929901123,67108864,,19.58408586584147,0.9792042932920735,sdpa,ok
falcon_h1,decode_attn,kernel,27,32,8192,13.530624389648438,268435456,,19.839103375404147,0.9919551687702073,sdpa,ok
falcon_h1,decode_attn,kernel,27,32,32768,55.64064025878906,1073741824,,19.29779777885267,0.9648898889426334,sdpa,ok
falcon_h1,decode_attn,kernel,40,1,512,0.060736000537872314,524288,,8.632244391414561,0.43161221957072804,sdpa,ok
falcon_h1,decode_attn,kernel,40,1,2048,0.0880960002541542,2097152,,23.805303236807372,1.1902651618403686,sdpa,ok
falcon_h1,decode_attn,kernel,40,1,8192,0.2897599935531616,8388608,,28.950193907500076,1.4475096953750037,sdpa,ok
falcon_h1,decode_attn,kernel,40,1,32768,1.094912052154541,33554432,,30.645778292395644,1.5322889146197822,sdpa,ok
falcon_h1,decode_attn,kernel,40,4,512,0.08561599999666214,2097152,,24.49486077464213,1.2247430387321065,sdpa,ok
falcon_h1,decode_attn,kernel,40,4,2048,0.28678399324417114,8388608,,29.250614391361253,1.4625307195680626,sdpa,ok
falcon_h1,decode_attn,kernel,40,4,8192,1.0485759973526,33554432,,32.00000008079223,1.6000000040396118,sdpa,ok
falcon_h1,decode_attn,kernel,40,4,32768,4.27510404586792,134217728,,31.39519566306871,1.5697597831534356,sdpa,ok
falcon_h1,decode_attn,kernel,40,8,512,0.16094399988651276,4194304,,26.060642229331634,1.3030321114665817,sdpa,ok
falcon_h1,decode_attn,kernel,40,8,2048,0.542959988117218,16777216,,30.899543920680244,1.5449771960340122,sdpa,ok
falcon_h1,decode_attn,kernel,40,8,8192,2.0671041011810303,67108864,,32.46515933167452,1.6232579665837261,sdpa,ok
falcon_h1,decode_attn,kernel,40,8,32768,8.521424293518066,268435456,,31.501242838499305,1.575062141924965,sdpa,ok
falcon_h1,decode_attn,kernel,40,16,512,0.33671998977661133,8388608,,24.91271161407797,1.2456355807038986,sdpa,ok
falcon_h1,decode_attn,kernel,40,16,2048,1.2328159809112549,33554432,,27.217713364810315,1.3608856682405157,sdpa,ok
falcon_h1,decode_attn,kernel,40,16,8192,4.836927890777588,134217728,,27.748548465216643,1.3874274232608321,sdpa,ok
falcon_h1,decode_attn,kernel,40,16,32768,19.9725284576416,536870912,,26.880467995757954,1.3440233997878976,sdpa,ok
falcon_h1,decode_attn,kernel,40,32,512,0.6579999923706055,16777216,,25.497289049435988,1.2748644524717996,sdpa,ok
falcon_h1,decode_attn,kernel,40,32,2048,2.4321439266204834,67108864,,27.592472330882664,1.3796236165441333,sdpa,ok
falcon_h1,decode_attn,kernel,40,32,8192,9.579615592956543,268435456,,28.021526896900586,1.4010763448450294,sdpa,ok
falcon_h1,decode_attn,kernel,40,32,32768,39.60736083984375,1073741824,,27.10965338846434,1.3554826694232172,sdpa,ok
falcon_h1,decode_attn,kernel,54,1,512,0.06007999926805496,524288,,8.726498108976648,0.4363249054488324,sdpa,ok
falcon_h1,decode_attn,kernel,54,1,2048,0.08081600069999695,2097152,,25.949712703366664,1.2974856351683333,sdpa,ok
falcon_h1,decode_attn,kernel,54,1,8192,0.2473759949207306,8388608,,33.910355783260435,1.6955177891630215,sdpa,ok
falcon_h1,decode_attn,kernel,54,1,32768,0.8385599851608276,33554432,,40.01434911488722,2.0007174557443608,sdpa,ok
falcon_h1,decode_attn,kernel,54,4,512,0.06864000111818314,2097152,,30.55291325519009,1.5276456627595045,sdpa,ok
falcon_h1,decode_attn,kernel,54,4,2048,0.22457599639892578,8388608,,37.353092647973334,1.8676546323986667,sdpa,ok
falcon_h1,decode_attn,kernel,54,4,8192,0.7999039888381958,33554432,,41.94807435419275,2.0974037177096374,sdpa,ok
falcon_h1,decode_attn,kernel,54,4,32768,3.2396159172058105,134217728,,41.43013598839324,2.0715067994196623,sdpa,ok
falcon_h1,decode_attn,kernel,54,8,512,0.1257600039243698,4194304,,33.351652903274335,1.6675826451637166,sdpa,ok
falcon_h1,decode_attn,kernel,54,8,2048,0.4228000044822693,16777216,,39.68121055377987,1.9840605276889935,sdpa,ok
falcon_h1,decode_attn,kernel,54,8,8192,1.5658080577850342,67108864,,42.8589338689003,2.142946693445015,sdpa,ok
falcon_h1,decode_attn,kernel,54,8,32768,6.44323205947876,268435456,,41.66161540078315,2.0830807700391576,sdpa,ok
falcon_h1,decode_attn,kernel,54,16,512,0.2606239914894104,8388608,,32.186630064488305,1.6093315032244153,sdpa,ok
falcon_h1,decode_attn,kernel,54,16,2048,0.9429119825363159,33554432,,35.585964142424785,1.7792982071212393,sdpa,ok
falcon_h1,decode_attn,kernel,54,16,8192,3.667840003967285,134217728,,36.5931250694754,1.8296562534737701,sdpa,ok
falcon_h1,decode_attn,kernel,54,16,32768,15.179471969604492,536870912,,35.36822052012317,1.7684110260061583,sdpa,ok
falcon_h1,decode_attn,kernel,54,32,512,0.508463978767395,16777216,,32.99587915877716,1.6497939579388579,sdpa,ok
falcon_h1,decode_attn,kernel,54,32,2048,1.8658080101013184,67108864,,35.96772210038685,1.7983861050193426,sdpa,ok
falcon_h1,decode_attn,kernel,54,32,8192,7.293407917022705,268435456,,36.80521630683452,1.840260815341726,sdpa,ok
falcon_h1,decode_attn,kernel,54,32,32768,30.24932861328125,1073741824,,35.49638531575751,1.7748192657878754,sdpa,ok
falcon_h1,decode_attn,kernel,68,1,512,0.060127999633550644,524288,,8.71953171892075,0.4359765859460375,sdpa,ok
falcon_h1,decode_attn,kernel,68,1,2048,0.06718400120735168,2097152,,31.215050641707197,1.56075253208536,sdpa,ok
falcon_h1,decode_attn,kernel,68,1,8192,0.19271999597549438,8388608,,43.52743968024298,2.176371984012149,sdpa,ok
falcon_h1,decode_attn,kernel,68,1,32768,0.7117599844932556,33554432,,47.14290312890996,2.357145156445498,sdpa,ok
falcon_h1,decode_attn,kernel,68,4,512,0.05984000116586685,2097152,,35.04598862200942,1.7522994311004707,sdpa,ok
falcon_h1,decode_attn,kernel,68,4,2048,0.19431999325752258,8388608,,43.16904225538438,2.1584521127692193,sdpa,ok
falcon_h1,decode_attn,kernel,68,4,8192,0.677727997303009,33554432,,49.51017537054467,2.475508768527234,sdpa,ok
falcon_h1,decode_attn,kernel,68,4,32768,2.6618878841400146,134217728,,50.42200642622565,2.5211003213112826,sdpa,ok
falcon_h1,decode_attn,kernel,68,8,512,0.1074879989027977,4194304,,39.02113764154215,1.9510568820771075,sdpa,ok
falcon_h1,decode_attn,kernel,68,8,2048,0.3651840090751648,16777216,,45.94181449097021,2.2970907245485104,sdpa,ok
falcon_h1,decode_attn,kernel,68,8,8192,1.2741119861602783,67108864,,52.671087572327394,2.6335543786163695,sdpa,ok
falcon_h1,decode_attn,kernel,68,8,32768,5.275728225708008,268435456,,50.88121383735147,2.5440606918675734,sdpa,ok
falcon_h1,decode_attn,kernel,68,16,512,0.2131039947271347,8388608,,39.36391718391317,1.9681958591956588,sdpa,ok
falcon_h1,decode_attn,kernel,68,16,2048,0.7617120146751404,33554432,,44.051336139565166,2.2025668069782585,sdpa,ok
falcon_h1,decode_attn,kernel,68,16,8192,2.9237918853759766,134217728,,45.90536305655717,2.2952681528278585,sdpa,ok
falcon_h1,decode_attn,kernel,68,16,32768,12.12230396270752,536870912,,44.28786092574516,2.214393046287258,sdpa,ok
falcon_h1,decode_attn,kernel,68,32,512,0.40670400857925415,16777216,,41.25166127230496,2.062583063615248,sdpa,ok
falcon_h1,decode_attn,kernel,68,32,2048,1.4828640222549438,67108864,,45.25624938822759,2.2628124694113794,sdpa,ok
falcon_h1,decode_attn,kernel,68,32,8192,5.728655815124512,268435456,,46.85836689495119,2.3429183447475594,sdpa,ok
falcon_h1,decode_attn,kernel,68,32,32768,23.816272735595703,1073741824,,45.084377220587925,2.254218861029396,sdpa,ok
falcon_h1,decode_attn,kernel,81,1,512,0.06054399907588959,524288,,8.659619582492809,0.43298097912464045,sdpa,ok
falcon_h1,decode_attn,kernel,81,1,2048,0.060527998954057693,2097152,,34.647634751510495,1.7323817375755248,sdpa,ok
falcon_h1,decode_attn,kernel,81,1,8192,0.17374399304389954,8388608,,48.28142747864939,2.4140713739324697,sdpa,ok
falcon_h1,decode_attn,kernel,81,1,32768,0.6332640051841736,33554432,,52.98648229697075,2.6493241148485374,sdpa,ok
falcon_h1,decode_attn,kernel,81,4,512,0.0597120001912117,2097152,,35.12111457134968,1.7560557285674838,sdpa,ok
falcon_h1,decode_attn,kernel,81,4,2048,0.17599999904632568,8388608,,47.66254571280992,2.383127285640496,sdpa,ok
falcon_h1,decode_attn,kernel,81,4,8192,0.604960024356842,33554432,,55.465535984254664,2.7732767992127334,sdpa,ok
falcon_h1,decode_attn,kernel,81,4,32768,2.3619840145111084,134217728,,56.82414748593497,2.8412073742967485,sdpa,ok
falcon_h1,decode_attn,kernel,81,8,512,0.09623999893665314,4194304,,43.58171286723273,2.1790856433616366,sdpa,ok
falcon_h1,decode_attn,kernel,81,8,2048,0.3288640081882477,16777216,,51.01566478018604,2.550783239009302,sdpa,ok
falcon_h1,decode_attn,kernel,81,8,8192,1.162816047668457,67108864,,57.71236485302973,2.8856182426514865,sdpa,ok
falcon_h1,decode_attn,kernel,81,8,32768,4.674079895019531,268435456,,57.430652027585495,2.8715326013792746,sdpa,ok
falcon_h1,decode_attn,kernel,81,16,512,0.19276799261569977,8388608,,43.51660193258038,2.175830096629019,sdpa,ok
falcon_h1,decode_attn,kernel,81,16,2048,0.6832000017166138,33554432,,49.11362985317751,2.4556814926588753,sdpa,ok
falcon_h1,decode_attn,kernel,81,16,8192,2.590480089187622,134217728,,51.811912610411476,2.5905956305205735,sdpa,ok
falcon_h1,decode_attn,kernel,81,16,32768,10.70633602142334,536870912,,50.14515805647453,2.5072579028237265,sdpa,ok
falcon_h1,decode_attn,kernel,81,32,512,0.3492960035800934,16777216,,48.03151432608073,2.4015757163040363,sdpa,ok
falcon_h1,decode_attn,kernel,81,32,2048,1.2628320455551147,67108864,,53.14155927243701,2.6570779636218504,sdpa,ok
falcon_h1,decode_attn,kernel,81,32,8192,4.811232089996338,268435456,,55.7934955077597,2.789674775387985,sdpa,ok
falcon_h1,decode_attn,kernel,81,32,32768,20.012432098388672,1073741824,,53.653739771412084,2.6826869885706044,sdpa,ok
falcon_h1,decode_attn,kernel,94,1,512,0.060175999999046326,524288,,8.712576442573601,0.43562882212868004,sdpa,ok
falcon_h1,decode_attn,kernel,94,1,2048,0.06084800139069557,2097152,,34.465421247519906,1.7232710623759953,sdpa,ok
falcon_h1,decode_attn,kernel,94,1,8192,0.1570879966020584,8388608,,53.4006937605192,2.6700346880259596,sdpa,ok
falcon_h1,decode_attn,kernel,94,1,32768,0.5631679892539978,33554432,,59.58156827139267,2.9790784135696335,sdpa,ok
falcon_h1,decode_attn,kernel,94,4,512,0.05992000177502632,2097152,,34.999197895118535,1.749959894755927,sdpa,ok
falcon_h1,decode_attn,kernel,94,4,2048,0.1595039963722229,8388608,,52.591835883686045,2.6295917941843023,sdpa,ok
falcon_h1,decode_attn,kernel,94,4,8192,0.536575973033905,33554432,,62.5343542877567,3.126717714387835,sdpa,ok
falcon_h1,decode_attn,kernel,94,4,32768,2.158720016479492,134217728,,62.17468081798142,3.108734040899071,sdpa,ok
falcon_h1,decode_attn,kernel,94,8,512,0.08907199651002884,4194304,,47.088918676340136,2.354445933817007,sdpa,ok
falcon_h1,decode_attn,kernel,94,8,2048,0.29580798745155334,16777216,,56.716575318128385,2.835828765906419,sdpa,ok
falcon_h1,decode_attn,kernel,94,8,8192,1.0501439571380615,67108864,,63.904442380348115,3.195222119017406,sdpa,ok
falcon_h1,decode_attn,kernel,94,8,32768,4.296512126922607,268435456,,62.47752783425003,3.1238763917125016,sdpa,ok
falcon_h1,decode_attn,kernel,94,16,512,0.18025599420070648,8388608,,46.53719304701559,2.3268596523507794,sdpa,ok
falcon_h1,decode_attn,kernel,94,16,2048,0.6348639726638794,33554432,,52.852947158437935,2.6426473579218968,sdpa,ok
falcon_h1,decode_attn,kernel,94,16,8192,2.3856639862060547,134217728,,56.260114071406925,2.813005703570346,sdpa,ok
falcon_h1,decode_attn,kernel,94,16,32768,9.830592155456543,536870912,,54.612265823885885,2.730613291194294,sdpa,ok
falcon_h1,decode_attn,kernel,94,32,512,0.3242399990558624,16777216,,51.74320271666883,2.5871601358334417,sdpa,ok
falcon_h1,decode_attn,kernel,94,32,2048,1.1640160083770752,67108864,,57.65287033600704,2.882643516800352,sdpa,ok
falcon_h1,decode_attn,kernel,94,32,8192,4.398176193237305,268435456,,61.033356601936504,3.051667830096825,sdpa,ok
falcon_h1,decode_attn,kernel,94,32,32768,18.24287986755371,1073741824,,58.858131599590706,2.9429065799795353,sdpa,ok
falcon_h1,decode_attn,kernel,108,1,512,0.06107199937105179,524288,,8.584752511778962,0.4292376255889481,sdpa,ok
falcon_h1,decode_attn,kernel,108,1,2048,0.061216000467538834,2097152,,34.25823288001415,1.7129116440007075,sdpa,ok
falcon_h1,decode_attn,kernel,108,1,8192,0.13889600336551666,8388608,,60.394883918471464,3.019744195923573,sdpa,ok
falcon_h1,decode_attn,kernel,108,1,32768,0.49212801456451416,33554432,,68.1823245313365,3.4091162265668253,sdpa,ok
falcon_h1,decode_attn,kernel,108,4,512,0.060784000903367996,2097152,,34.501710463810525,1.7250855231905262,sdpa,ok
falcon_h1,decode_attn,kernel,108,4,2048,0.14159999787807465,8388608,,59.24158280865973,2.9620791404329867,sdpa,ok
falcon_h1,decode_attn,kernel,108,4,8192,0.4695360064506531,33554432,,71.46295819493554,3.5731479097467767,sdpa,ok
falcon_h1,decode_attn,kernel,108,4,32768,1.8551039695739746,134217728,,72.35051522790023,3.6175257613950116,sdpa,ok
falcon_h1,decode_attn,kernel,108,8,512,0.07763200253248215,4194304,,54.02802791600093,2.7014013958000462,sdpa,ok
falcon_h1,decode_attn,kernel,108,8,2048,0.2606559991836548,16777216,,64.36535530563022,3.2182677652815106,sdpa,ok
falcon_h1,decode_attn,kernel,108,8,8192,0.9038400053977966,67108864,,74.24860993009948,3.712430496504974,sdpa,ok
falcon_h1,decode_attn,kernel,108,8,32768,3.686415910720825,268435456,,72.81746349329079,3.6408731746645393,sdpa,ok
falcon_h1,decode_attn,kernel,108,16,512,0.14856000244617462,8388608,,56.466127233939105,2.823306361696955,sdpa,ok
falcon_h1,decode_attn,kernel,108,16,2048,0.5134080052375793,33554432,,65.35626959005577,3.267813479502789,sdpa,ok
falcon_h1,decode_attn,kernel,108,16,8192,1.8835200071334839,134217728,,71.25898715791452,3.562949357895726,sdpa,ok
falcon_h1,decode_attn,kernel,108,16,32768,7.776559829711914,536870912,,69.03707085860466,3.451853542930233,sdpa,ok
falcon_h1,decode_attn,kernel,108,32,512,0.2805440127849579,16777216,,59.80243824650802,2.990121912325401,sdpa,ok
falcon_h1,decode_attn,kernel,108,32,2048,1.0040639638900757,67108864,,66.83723987065333,3.3418619935326666,sdpa,ok
falcon_h1,decode_attn,kernel,108,32,8192,3.7396318912506104,268435456,,71.78125115149493,3.5890625575747466,sdpa,ok
falcon_h1,decode_attn,kernel,108,32,32768,15.51137638092041,1073741824,,69.22285925063,3.4611429625315,sdpa,ok
falcon_h1,decode_attn,layer,14,1,512,0.17883199453353882,524288,22544384,2.931734902177547,0.14658674510887737,sdpa,ok
falcon_h1,decode_attn,layer,14,1,2048,0.31300801038742065,2097152,24117248,6.699994665964886,0.33499973329824434,sdpa,ok
falcon_h1,decode_attn,layer,14,1,8192,0.8571040034294128,8388608,30408704,9.787152978443471,0.48935764892217354,sdpa,ok
falcon_h1,decode_attn,layer,14,1,32768,3.066960096359253,33554432,55574528,10.940615771242676,0.5470307885621338,sdpa,ok
falcon_h1,decode_attn,layer,14,4,512,0.3331040143966675,2097152,24117248,6.295787229698967,0.31478936148494835,sdpa,ok
falcon_h1,decode_attn,layer,14,4,2048,0.8680480122566223,8388608,30408704,9.66376039292175,0.4831880196460875,sdpa,ok
falcon_h1,decode_attn,layer,14,4,8192,3.002624034881592,33554432,55574528,11.175036105152346,0.5587518052576174,sdpa,ok
falcon_h1,decode_attn,layer,14,4,32768,11.846976280212402,134217728,156237824,11.329281398510037,0.5664640699255019,sdpa,ok
falcon_h1,decode_attn,layer,14,8,512,0.5140960216522217,4194304,26214400,8.158600384652235,0.4079300192326118,sdpa,ok
falcon_h1,decode_attn,layer,14,8,2048,1.581231951713562,16777216,38797312,10.610218179450987,0.5305109089725493,sdpa,ok
falcon_h1,decode_attn,layer,14,8,8192,5.849743843078613,67108864,89128960,11.472103018562576,0.5736051509281288,sdpa,ok
falcon_h1,decode_attn,layer,14,8,32768,23.540607452392578,268435456,290455552,11.403081103275321,0.570154055163766,sdpa,ok
falcon_h1,decode_attn,layer,14,16,512,0.9933760166168213,8388608,30408704,8.44454452259619,0.4222272261298095,sdpa,ok
falcon_h1,decode_attn,layer,14,16,2048,3.501312017440796,33554432,55574528,9.583388122183367,0.47916940610916836,sdpa,ok
falcon_h1,decode_attn,layer,14,16,8192,13.543999671936035,134217728,156237824,9.90975570370893,0.49548778518544656,sdpa,ok
falcon_h1,decode_attn,layer,14,16,32768,54.96790313720703,536870912,558891008,9.76698912199544,0.488349456099772,sdpa,ok
falcon_h1,decode_attn,layer,14,32,512,1.8500959873199463,16777216,38797312,9.068294896581836,0.4534147448290918,sdpa,ok
falcon_h1,decode_attn,layer,14,32,2048,6.85262393951416,67108864,89128960,9.793163114209637,0.4896581557104819,sdpa,ok
falcon_h1,decode_attn,layer,14,32,8192,26.885696411132812,268435456,290455552,9.984322217104499,0.4992161108552249,sdpa,ok
falcon_h1,decode_attn,layer,14,32,32768,109.5407485961914,1073741824,1095761920,9.80221367628423,0.4901106838142115,sdpa,ok
falcon_h1,decode_attn,layer,27,1,512,0.17875200510025024,524288,22544384,2.9330468192844124,0.1466523409642206,sdpa,ok
falcon_h1,decode_attn,layer,27,1,2048,0.181551992893219,2097152,24117248,11.551247477814545,0.5775623738907273,sdpa,ok
falcon_h1,decode_attn,layer,27,1,8192,0.4562720060348511,8388608,30408704,18.385103379231335,0.9192551689615667,sdpa,ok
falcon_h1,decode_attn,layer,27,1,32768,1.5866400003433228,33554432,55574528,21.148106686292653,1.0574053343146328,sdpa,ok
falcon_h1,decode_attn,layer,27,4,512,0.19996799528598785,2097152,24117248,10.487438237307526,0.5243719118653764,sdpa,ok
falcon_h1,decode_attn,layer,27,4,2048,0.46828800439834595,8388608,30408704,17.913352298608718,0.8956676149304359,sdpa,ok
falcon_h1,decode_attn,layer,27,4,8192,1.5469919443130493,33554432,55574528,21.690114239670486,1.0845057119835242,sdpa,ok
falcon_h1,decode_attn,layer,27,4,32768,6.069744110107422,134217728,156237824,22.112584248238537,1.105629212411927,sdpa,ok
falcon_h1,decode_attn,layer,27,8,512,0.2921920120716095,4194304,26214400,14.354615549764151,0.7177307774882076,sdpa,ok
falcon_h1,decode_attn,layer,27,8,2048,0.830623984336853,16777216,38797312,20.19832838488821,1.0099164192444106,sdpa,ok
falcon_h1,decode_attn,layer,27,8,8192,2.9885759353637695,67108864,89128960,22.4551309558181,1.122756547790905,sdpa,ok
falcon_h1,decode_attn,layer,27,8,32768,12.031264305114746,268435456,290455552,22.31149189249233,1.1155745946246165,sdpa,ok
falcon_h1,decode_attn,layer,27,16,512,0.5370079874992371,8388608,30408704,15.6210115962417,0.781050579812085,sdpa,ok
falcon_h1,decode_attn,layer,27,16,2048,1.8054239749908447,33554432,55574528,18.585347522135432,0.9292673761067716,sdpa,ok
falcon_h1,decode_attn,layer,27,16,8192,6.883327960968018,134217728,156237824,19.49895875382998,0.9749479376914991,sdpa,ok
falcon_h1,decode_attn,layer,27,16,32768,28.028480529785156,536870912,558891008,19.154477940018225,0.9577238970009113,sdpa,ok
falcon_h1,decode_attn,layer,27,32,512,0.9819679856300354,16777216,38797312,17.085298345277174,0.8542649172638587,sdpa,ok
falcon_h1,decode_attn,layer,27,32,2048,3.5039520263671875,67108864,89128960,19.15233527599887,0.9576167637999434,sdpa,ok
falcon_h1,decode_attn,layer,27,32,8192,13.60961627960205,268435456,290455552,19.723954774707956,0.9861977387353978,sdpa,ok
falcon_h1,decode_attn,layer,27,32,32768,55.70123291015625,1073741824,1095761920,19.276805339872826,0.9638402669936412,sdpa,ok
falcon_h1,decode_attn,layer,40,1,512,0.18198400735855103,524288,22544384,2.8809564511184225,0.14404782255592113,sdpa,ok
falcon_h1,decode_attn,layer,40,1,2048,0.18187199532985687,2097152,24117248,11.530923142930531,0.5765461571465266,sdpa,ok
falcon_h1,decode_attn,layer,40,1,8192,0.3446879982948303,8388608,30408704,24.3368148630019,1.216840743150095,sdpa,ok
falcon_h1,decode_attn,layer,40,1,32768,1.1493279933929443,33554432,55574528,29.194827057978095,1.4597413528989047,sdpa,ok
falcon_h1,decode_attn,layer,40,4,512,0.20294399559497833,2097152,24117248,10.333648915562655,0.5166824457781328,sdpa,ok
falcon_h1,decode_attn,layer,40,4,2048,0.3540000021457672,8388608,30408704,23.696632624724696,1.1848316312362348,sdpa,ok
falcon_h1,decode_attn,layer,40,4,8192,1.1145600080490112,33554432,55574528,30.105540982701843,1.5052770491350922,sdpa,ok
falcon_h1,decode_attn,layer,40,4,32768,4.343279838562012,134217728,156237824,30.902390126544848,1.5451195063272425,sdpa,ok
falcon_h1,decode_attn,layer,40,8,512,0.22894400358200073,4194304,26214400,18.320217757953763,0.9160108878976881,sdpa,ok
falcon_h1,decode_attn,layer,40,8,2048,0.6096479892730713,16777216,38797312,27.51951338346039,1.3759756691730194,sdpa,ok
falcon_h1,decode_attn,layer,40,8,8192,2.134943962097168,67108864,89128960,31.43354822956504,1.571677411478252,sdpa,ok
falcon_h1,decode_attn,layer,40,8,32768,8.59278392791748,268435456,290455552,31.23963761358738,1.561981880679369,sdpa,ok
falcon_h1,decode_attn,layer,40,16,512,0.4036960005760193,8388608,30408704,20.779517230863316,1.0389758615431657,sdpa,ok
falcon_h1,decode_attn,layer,40,16,2048,1.3000160455703735,33554432,55574528,25.810782962511983,1.2905391481255992,sdpa,ok
falcon_h1,decode_attn,layer,40,16,8192,4.906576156616211,134217728,156237824,27.35466111516802,1.367733055758401,sdpa,ok
falcon_h1,decode_attn,layer,40,16,32768,20.037551879882812,536870912,558891008,26.793238775791,1.33966193878955,sdpa,ok
falcon_h1,decode_attn,layer,40,32,512,0.723360002040863,16777216,38797312,23.19345271049732,1.1596726355248659,sdpa,ok
falcon_h1,decode_attn,layer,40,32,2048,2.497375965118408,67108864,89128960,26.87175056432409,1.3435875282162044,sdpa,ok
falcon_h1,decode_attn,layer,40,32,8192,9.642640113830566,268435456,290455552,27.838377542990482,1.3919188771495241,sdpa,ok
falcon_h1,decode_attn,layer,40,32,32768,39.66891098022461,1073741824,1095761920,27.067590147238278,1.3533795073619137,sdpa,ok
falcon_h1,decode_attn,layer,54,1,512,0.17796799540519714,524288,22544384,2.9459678904979643,0.1472983945248982,sdpa,ok
falcon_h1,decode_attn,layer,54,1,2048,0.17900800704956055,2097152,24117248,11.715408905811561,0.5857704452905781,sdpa,ok
falcon_h1,decode_attn,layer,54,1,8192,0.2714880108833313,8388608,30408704,30.898631481759626,1.5449315740879812,sdpa,ok
falcon_h1,decode_attn,layer,54,1,32768,0.8857600092887878,33554432,55574528,37.8820805275937,1.8941040263796851,sdpa,ok
falcon_h1,decode_attn,layer,54,4,512,0.2017119973897934,2097152,24117248,10.39676383724172,0.519838191862086,sdpa,ok
falcon_h1,decode_attn,layer,54,4,2048,0.27961599826812744,8388608,30408704,30.000457956472342,1.5000228978236172,sdpa,ok
falcon_h1,decode_attn,layer,54,4,8192,0.8540800213813782,33554432,55574528,39.28722269574869,1.9643611347874346,sdpa,ok
falcon_h1,decode_attn,layer,54,4,32768,3.2936320304870605,134217728,156237824,40.75067486520404,2.037533743260202,sdpa,ok
falcon_h1,decode_attn,layer,54,8,512,0.20020799338817596,4194304,26214400,20.94973297029064,1.047486648514532,sdpa,ok
falcon_h1,decode_attn,layer,54,8,2048,0.47648000717163086,16777216,38797312,35.21074493678966,1.760537246839483,sdpa,ok
falcon_h1,decode_attn,layer,54,8,8192,1.6196000576019287,67108864,89128960,41.43545419439239,2.0717727097196197,sdpa,ok
falcon_h1,decode_attn,layer,54,8,32768,6.500288009643555,268435456,290455552,41.29593267279241,2.0647966336396206,sdpa,ok
falcon_h1,decode_attn,layer,54,16,512,0.3150080144405365,8388608,30408704,26.629824053519446,1.3314912026759722,sdpa,ok
falcon_h1,decode_attn,layer,54,16,2048,0.9971359968185425,33554432,55574528,33.65080802123142,1.6825404010615708,sdpa,ok
falcon_h1,decode_attn,layer,54,16,8192,3.7232320308685303,134217728,156237824,36.048714366235885,1.8024357183117943,sdpa,ok
falcon_h1,decode_attn,layer,54,16,32768,15.231439590454102,536870912,558891008,35.2475489143173,1.762377445715865,sdpa,ok
falcon_h1,decode_attn,layer,54,32,512,0.5634239912033081,16777216,38797312,29.777248150489292,1.4888624075244647,sdpa,ok
falcon_h1,decode_attn,layer,54,32,2048,1.9217439889907837,67108864,89128960,34.92081379437157,1.7460406897185785,sdpa,ok
falcon_h1,decode_attn,layer,54,32,8192,7.3505120277404785,268435456,290455552,36.51928668192604,1.825964334096302,sdpa,ok
falcon_h1,decode_attn,layer,54,32,32768,30.30588722229004,1073741824,1095761920,35.430139897381416,1.771506994869071,sdpa,ok
falcon_h1,decode_attn,layer,68,1,512,0.1794240027666092,524288,22544384,2.922061663522145,0.14610308317610723,sdpa,ok
falcon_h1,decode_attn,layer,68,1,2048,0.18038399517536163,2097152,24117248,11.62604253199536,0.581302126599768,sdpa,ok
falcon_h1,decode_attn,layer,68,1,8192,0.2346400022506714,8388608,30408704,35.75097135840569,1.7875485679202847,sdpa,ok
falcon_h1,decode_attn,layer,68,1,32768,0.7537919878959656,33554432,55574528,44.51417969254272,2.225708984627136,sdpa,ok
falcon_h1,decode_attn,layer,68,4,512,0.2009280025959015,2097152,24117248,10.437330650311146,0.5218665325155574,sdpa,ok
falcon_h1,decode_attn,layer,68,4,2048,0.24396799504756927,8388608,30408704,34.38405106524065,1.7192025532620323,sdpa,ok
falcon_h1,decode_attn,layer,68,4,8192,0.7270240187644958,33554432,55574528,46.153127178689886,2.3076563589344943,sdpa,ok
falcon_h1,decode_attn,layer,68,4,32768,2.7072319984436035,134217728,156237824,49.577475472054935,2.4788737736027464,sdpa,ok
falcon_h1,decode_attn,layer,68,8,512,0.19953599572181702,4194304,26214400,21.020287516681886,1.0510143758340944,sdpa,ok
falcon_h1,decode_attn,layer,68,8,2048,0.41492798924446106,16777216,38797312,40.43404261676705,2.0217021308383525,sdpa,ok
falcon_h1,decode_attn,layer,68,8,8192,1.324671983718872,67108864,89128960,50.66074079078746,2.533037039539373,sdpa,ok
falcon_h1,decode_attn,layer,68,8,32768,5.330207824707031,268435456,290455552,50.36116129576135,2.5180580647880673,sdpa,ok
falcon_h1,decode_attn,layer,68,16,512,0.26265600323677063,8388608,30408704,31.937621438783985,1.5968810719391995,sdpa,ok
falcon_h1,decode_attn,layer,68,16,2048,0.8113120198249817,33554432,55574528,41.358233552657644,2.0679116776328823,sdpa,ok
falcon_h1,decode_attn,layer,68,16,8192,2.9748480319976807,134217728,156237824,45.11750736721487,2.2558753683607433,sdpa,ok
falcon_h1,decode_attn,layer,68,16,32768,12.176624298095703,536870912,558891008,44.09029127095274,2.204514563547637,sdpa,ok
falcon_h1,decode_attn,layer,68,32,512,0.45577600598335266,16777216,38797312,36.810222082232194,1.8405111041116098,sdpa,ok
falcon_h1,decode_attn,layer,68,32,2048,1.5342719554901123,67108864,89128960,43.73987529385724,2.186993764692862,sdpa,ok
falcon_h1,decode_attn,layer,68,32,8192,5.782288074493408,268435456,290455552,46.42374308262355,2.3211871541311777,sdpa,ok
falcon_h1,decode_attn,layer,68,32,32768,23.86742401123047,1073741824,1095761920,44.987755004258794,2.24938775021294,sdpa,ok
falcon_h1,decode_attn,layer,81,1,512,0.1818079948425293,524288,22544384,2.8837455715525904,0.14418727857762953,sdpa,ok
falcon_h1,decode_attn,layer,81,1,2048,0.18116800487041473,2097152,24117248,11.5757305021935,0.578786525109675,sdpa,ok
falcon_h1,decode_attn,layer,81,1,8192,0.21566399931907654,8388608,30408704,38.89665417726484,1.9448327088632422,sdpa,ok
falcon_h1,decode_attn,layer,81,1,32768,0.6758720278739929,33554432,55574528,49.646132131770614,2.4823066065885304,sdpa,ok
falcon_h1,decode_attn,layer,81,4,512,0.20419199764728546,2097152,24117248,10.270490637064785,0.5135245318532392,sdpa,ok
falcon_h1,decode_attn,layer,81,4,2048,0.2258239984512329,8388608,30408704,37.1466631426754,1.8573331571337701,sdpa,ok
falcon_h1,decode_attn,layer,81,4,8192,0.6536800265312195,33554432,55574528,51.331585237594,2.5665792618797,sdpa,ok
falcon_h1,decode_attn,layer,81,4,32768,2.4370880126953125,134217728,156237824,55.072991742945334,2.7536495871472666,sdpa,ok
falcon_h1,decode_attn,layer,81,8,512,0.2033279985189438,4194304,26214400,20.628265809684947,1.0314132904842475,sdpa,ok
falcon_h1,decode_attn,layer,81,8,2048,0.37835198640823364,16777216,38797312,44.34287806777297,2.2171439033886484,sdpa,ok
falcon_h1,decode_attn,layer,81,8,8192,1.2138240337371826,67108864,89128960,55.28714388145854,2.764357194072927,sdpa,ok
falcon_h1,decode_attn,layer,81,8,32768,4.731359958648682,268435456,290455552,56.73536960748756,2.8367684803743782,sdpa,ok
falcon_h1,decode_attn,layer,81,16,512,0.24220800399780273,8388608,30408704,34.63390086842919,1.7316950434214593,sdpa,ok
falcon_h1,decode_attn,layer,81,16,2048,0.7333599925041199,33554432,55574528,45.75438030840154,2.287719015420077,sdpa,ok
falcon_h1,decode_attn,layer,81,16,8192,2.641632080078125,134217728,156237824,50.80863796749113,2.540431898374557,sdpa,ok
falcon_h1,decode_attn,layer,81,16,32768,10.758895874023438,536870912,558891008,49.90018662567739,2.4950093312838697,sdpa,ok
falcon_h1,decode_attn,layer,81,32,512,0.39931198954582214,16777216,38797312,42.01530742686295,2.1007653713431473,sdpa,ok
falcon_h1,decode_attn,layer,81,32,2048,1.3141759634017944,67108864,89128960,51.06535644304904,2.553267822152452,sdpa,ok
falcon_h1,decode_attn,layer,81,32,8192,4.865568161010742,268435456,290455552,55.17042349772302,2.758521174886151,sdpa,ok
falcon_h1,decode_attn,layer,81,32,32768,20.064128875732422,1073741824,1095761920,53.51549676790063,2.6757748383950313,sdpa,ok
falcon_h1,decode_attn,layer,94,1,512,0.17865599691867828,524288,22544384,2.934623013179057,0.14673115065895287,sdpa,ok
falcon_h1,decode_attn,layer,94,1,2048,0.17907199263572693,2097152,24117248,11.711222783263954,0.5855611391631977,sdpa,ok
falcon_h1,decode_attn,layer,94,1,8192,0.19979199767112732,8388608,30408704,41.986706663838866,2.0993353331919433,sdpa,ok
falcon_h1,decode_attn,layer,94,1,32768,0.6049759984016418,33554432,55574528,55.4640714485392,2.77320357242696,sdpa,ok
falcon_h1,decode_attn,layer,94,4,512,0.201664000749588,2097152,24117248,10.399238298381743,0.5199619149190872,sdpa,ok
falcon_h1,decode_attn,layer,94,4,2048,0.21113599836826324,8388608,30408704,39.73082783054644,1.986541391527322,sdpa,ok
falcon_h1,decode_attn,layer,94,4,8192,0.5868319869041443,33554432,55574528,57.178941756426326,2.8589470878213166,sdpa,ok
falcon_h1,decode_attn,layer,94,4,32768,2.2079520225524902,134217728,156237824,60.788335357413416,3.0394167678706707,sdpa,ok
falcon_h1,decode_attn,layer,94,8,512,0.19896000623703003,4194304,26214400,21.081141277223004,1.0540570638611502,sdpa,ok
falcon_h1,decode_attn,layer,94,8,2048,0.34408000111579895,16777216,38797312,48.75963713553258,2.437981856776629,sdpa,ok
falcon_h1,decode_attn,layer,94,8,8192,1.099727988243103,67108864,89128960,61.02314819431975,3.0511574097159877,sdpa,ok
falcon_h1,decode_attn,layer,94,8,32768,4.349440097808838,268435456,290455552,61.71724405061528,3.085862202530764,sdpa,ok
falcon_h1,decode_attn,layer,94,16,512,0.2303519994020462,8388608,30408704,36.416475749181124,1.8208237874590563,sdpa,ok
falcon_h1,decode_attn,layer,94,16,2048,0.6852480173110962,33554432,55574528,48.96684288364253,2.4483421441821265,sdpa,ok
falcon_h1,decode_attn,layer,94,16,8192,2.4363839626312256,134217728,156237824,55.08890637050848,2.7544453185254243,sdpa,ok
falcon_h1,decode_attn,layer,94,16,32768,9.883536338806152,536870912,558891008,54.31971852949645,2.7159859264748225,sdpa,ok
falcon_h1,decode_attn,layer,94,32,512,0.373663991689682,16777216,38797312,44.89920456112087,2.2449602280560437,sdpa,ok
falcon_h1,decode_attn,layer,94,32,2048,1.2160799503326416,67108864,89128960,55.18458221570326,2.7592291107851628,sdpa,ok
falcon_h1,decode_attn,layer,94,32,8192,4.452864170074463,268435456,290455552,60.28377371221523,3.0141886856107614,sdpa,ok
falcon_h1,decode_attn,layer,94,32,32768,18.296607971191406,1073741824,1095761920,58.685294328360804,2.93426471641804,sdpa,ok
falcon_h1,decode_attn,layer,108,1,512,0.17798399925231934,524288,22544384,2.945702996912336,0.1472851498456168,sdpa,ok
falcon_h1,decode_attn,layer,108,1,2048,0.17876799404621124,2097152,24117248,11.731137954470137,0.5865568977235068,sdpa,ok
falcon_h1,decode_attn,layer,108,1,8192,0.1799200028181076,8388608,30408704,46.62409886954353,2.3312049434771764,sdpa,ok
falcon_h1,decode_attn,layer,108,1,32768,0.5300160050392151,33554432,55574528,63.30833725958401,3.1654168629792006,sdpa,ok
falcon_h1,decode_attn,layer,108,4,512,0.19961600005626678,2097152,24117248,10.505931385304109,0.5252965692652055,sdpa,ok
falcon_h1,decode_attn,layer,108,4,2048,0.19942399859428406,8388608,30408704,42.064185148880256,2.103209257444013,sdpa,ok
falcon_h1,decode_attn,layer,108,4,8192,0.5134879946708679,33554432,55574528,65.34608861012904,3.267304430506452,sdpa,ok
falcon_h1,decode_attn,layer,108,4,32768,1.901136040687561,134217728,156237824,70.59869737226121,3.5299348686130605,sdpa,ok
falcon_h1,decode_attn,layer,108,8,512,0.19832000136375427,4194304,26214400,21.149172908217654,1.0574586454108827,sdpa,ok
falcon_h1,decode_attn,layer,108,8,2048,0.3051519989967346,16777216,38797312,54.97986595257248,2.748993297628624,sdpa,ok
falcon_h1,decode_attn,layer,108,8,8192,0.9487839937210083,67108864,89128960,70.73144619230739,3.536572309615369,sdpa,ok
falcon_h1,decode_attn,layer,108,8,32768,3.7307040691375732,268435456,290455552,71.95302844324884,3.5976514221624423,sdpa,ok
falcon_h1,decode_attn,layer,108,16,512,0.19409599900245667,8388608,30408704,43.21886099204872,2.160943049602436,sdpa,ok
falcon_h1,decode_attn,layer,108,16,2048,0.5598400235176086,33554432,55574528,59.93575055454143,2.9967875277270717,sdpa,ok
falcon_h1,decode_attn,layer,108,16,8192,1.9304640293121338,134217728,156237824,69.52614809809468,3.476307404904734,sdpa,ok
falcon_h1,decode_attn,layer,108,16,32768,7.825615882873535,536870912,558891008,68.60430157004629,3.430215078502315,sdpa,ok
falcon_h1,decode_attn,layer,108,32,512,0.32606399059295654,16777216,38797312,51.453752895222074,2.572687644761104,sdpa,ok
falcon_h1,decode_attn,layer,108,32,2048,1.0518399477005005,67108864,89128960,63.80140262471615,3.1900701312358075,sdpa,ok
falcon_h1,decode_attn,layer,108,32,8192,3.7864160537719727,268435456,290455552,70.89433706911012,3.544716853455506,sdpa,ok
falcon_h1,decode_attn,layer,108,32,32768,15.557071685791016,1073741824,1095761920,69.0195330899386,3.4509766544969303,sdpa,ok
