sm_count,sm_ratio,seq_len,batch_size,latency_ms,latency_p99_ms,achieved_bandwidth_GBs,theoretical_bw_GBs,bw_utilization_pct,model_name,layer_type,error
14,0.12962962962962962,512,1,2.228224039077759,2.2302822947502134,70.58823405616761,1000.0,7.058823405616761,falcon_h1,mlp,
14,0.12962962962962962,512,4,8.639488220214844,8.643584251403809,20.390185565368974,1000.0,2.039018556536897,falcon_h1,mlp,
14,0.12962962962962962,512,16,34.20364761352539,34.213978424072266,7.35764333803056,1000.0,0.7357643338030561,falcon_h1,mlp,
14,0.12962962962962962,512,32,68.36531066894531,68.37659973144531,5.153513273801895,1000.0,0.5153513273801895,falcon_h1,mlp,
14,0.12962962962962962,512,64,136.64358520507812,136.67639709472655,4.051768161447688,1000.0,0.40517681614476886,falcon_h1,mlp,
14,0.12962962962962962,1024,1,4.365312099456787,4.3673601150512695,37.47220182042777,1000.0,3.7472201820427773,falcon_h1,mlp,
14,0.12962962962962962,1024,4,17.259519577026367,17.265663146972656,11.66466952347734,1000.0,1.166466952347734,falcon_h1,mlp,
14,0.12962962962962962,1024,16,68.37554931640625,68.38889335632324,5.1527415797369365,1000.0,0.5152741579736936,falcon_h1,mlp,
14,0.12962962962962962,1024,32,136.6497344970703,136.6887365722656,4.051585830281066,1000.0,0.4051585830281066,falcon_h1,mlp,
14,0.12962962962962962,1024,64,273.14739990234375,273.2391159057617,3.5010449022831587,1000.0,0.35010449022831586,falcon_h1,mlp,
14,0.12962962962962962,2048,1,8.644607543945312,8.648713817596436,20.378110527803322,1000.0,2.037811052780332,falcon_h1,mlp,
14,0.12962962962962962,2048,4,34.22310256958008,34.2395174407959,7.353460706502154,1000.0,0.7353460706502154,falcon_h1,mlp,
14,0.12962962962962962,2048,16,136.66150665283203,136.7122297668457,4.051236822717458,1000.0,0.40512368227174583,falcon_h1,mlp,
14,0.12962962962962962,2048,32,273.23597717285156,273.3465884399414,3.499909938269348,1000.0,0.3499909938269348,falcon_h1,mlp,
14,0.12962962962962962,2048,64,546.2010803222656,546.3030810546875,3.225199918976046,1000.0,0.32251999189760455,falcon_h1,mlp,
14,0.12962962962962962,4096,1,17.260543823242188,17.266687393188477,11.663977338240274,1000.0,1.1663977338240272,falcon_h1,mlp,
14,0.12962962962962962,4096,4,68.37760162353516,68.38891380310059,5.152586923708847,1000.0,0.5152586923708847,falcon_h1,mlp,
14,0.12962962962962962,4096,16,273.1796569824219,273.2953695678711,3.500631498565556,1000.0,0.3500631498565556,falcon_h1,mlp,
14,0.12962962962962962,4096,32,546.2389831542969,546.3112493896484,3.22497612643365,1000.0,0.322497612643365,falcon_h1,mlp,
14,0.12962962962962962,4096,64,1092.0718994140625,1092.3668249511718,3.0879106199961033,1000.0,0.3087910619996103,falcon_h1,mlp,
14,0.12962962962962962,8192,1,34.21798324584961,34.23642608642578,7.354560851581581,1000.0,0.7354560851581581,falcon_h1,mlp,
14,0.12962962962962962,8192,4,136.6630401611328,136.70815048217773,4.051191363423644,1000.0,0.40511913634236446,falcon_h1,mlp,
14,0.12962962962962962,8192,16,546.2451171875,546.3306579589844,3.2249399117197486,1000.0,0.32249399117197486,falcon_h1,mlp,
14,0.12962962962962962,8192,32,1092.2655029296875,1092.4760131835938,3.08736328937881,1000.0,0.308736328937881,falcon_h1,mlp,
14,0.12962962962962962,8192,64,2184.1658935546875,2184.50720703125,3.0187477551301263,1000.0,0.3018747755130126,falcon_h1,mlp,
14,0.12962962962962962,16384,1,68.37862396240234,68.39913200378417,5.152509886623666,1000.0,0.5152509886623666,falcon_h1,mlp,
14,0.12962962962962962,16384,4,273.0941467285156,273.27803588867187,3.501727603670189,1000.0,0.35017276036701894,falcon_h1,mlp,
14,0.12962962962962962,16384,16,1092.1451416015625,1092.3695483398437,3.0877035364135303,1000.0,0.308770353641353,falcon_h1,mlp,
14,0.12962962962962962,16384,32,2184.310791015625,2184.7390771484374,3.018547504832995,1000.0,0.30185475048329946,falcon_h1,mlp,
14,0.12962962962962962,16384,64,4368.5478515625,4369.1507421875,2.984034346181523,1000.0,0.2984034346181523,falcon_h1,mlp,
27,0.25,512,1,1.201151967048645,1.4715494394302369,130.9462951523686,1000.0,13.09462951523686,falcon_h1,mlp,
27,0.25,512,4,4.3724799156188965,4.378634204864502,40.288525367660974,1000.0,4.028852536766098,falcon_h1,mlp,
27,0.25,512,16,17.287168502807617,17.295360565185547,14.55751645847196,1000.0,1.4557516458471962,falcon_h1,mlp,
27,0.25,512,32,34.26611328125,34.27841064453125,10.281922933838722,1000.0,1.0281922933838723,falcon_h1,mlp,
27,0.25,512,64,68.4800033569336,68.49847961425782,8.084814556948224,1000.0,0.8084814556948224,falcon_h1,mlp,
27,0.25,1024,1,2.3398399353027344,2.341898190975189,69.9098487601614,1000.0,6.990984876016139,falcon_h1,mlp,
27,0.25,1024,4,8.658944129943848,8.664187278747558,23.250709206424407,1000.0,2.3250709206424407,falcon_h1,mlp,
27,0.25,1024,16,34.260990142822266,34.27123260498047,10.283460417556318,1000.0,1.0283460417556318,falcon_h1,mlp,
27,0.25,1024,32,68.4748764038086,68.49126434326172,8.085419895247973,1000.0,0.8085419895247973,falcon_h1,mlp,
27,0.25,1024,64,136.85145568847656,136.88019866943358,6.987878259599137,1000.0,0.6987878259599136,falcon_h1,mlp,
27,0.25,2048,1,4.371456146240234,4.373504161834717,40.29796070389746,1000.0,4.029796070389747,falcon_h1,mlp,
27,0.25,2048,4,17.287168502807617,17.293312072753906,14.55751645847196,1000.0,1.4557516458471962,falcon_h1,mlp,
27,0.25,2048,16,68.46617889404297,68.48615524291992,8.08644701578594,1000.0,0.8086447015785938,falcon_h1,mlp,
27,0.25,2048,32,136.84121704101562,136.8678742980957,6.988401102230524,1000.0,0.6988401102230525,falcon_h1,mlp,
27,0.25,2048,64,273.4341125488281,273.5535592651367,6.442530756602007,1000.0,0.6442530756602007,falcon_h1,mlp,
27,0.25,4096,1,8.656895637512207,8.660991668701172,23.256211051870395,1000.0,2.3256211051870395,falcon_h1,mlp,
27,0.25,4096,4,34.25791931152344,34.266164474487304,10.284382212363042,1000.0,1.0284382212363041,falcon_h1,mlp,
27,0.25,4096,16,136.83763122558594,136.86376983642577,6.988584232530844,1000.0,0.6988584232530843,falcon_h1,mlp,
27,0.25,4096,32,273.4090270996094,273.54634674072264,6.443121862827905,1000.0,0.6443121862827905,falcon_h1,mlp,
27,0.25,4096,64,546.6787719726562,546.8877874755859,6.1685592872603285,1000.0,0.6168559287260329,falcon_h1,mlp,
27,0.25,8192,1,17.287168502807617,17.293312072753906,14.55751645847196,1000.0,1.4557516458471962,falcon_h1,mlp,
27,0.25,8192,4,68.4400634765625,68.47079727172851,8.089532649098118,1000.0,0.8089532649098117,falcon_h1,mlp,
27,0.25,8192,16,273.37062072753906,273.4698715209961,6.444027069594087,1000.0,0.6444027069594087,falcon_h1,mlp,
27,0.25,8192,32,546.6700744628906,546.795078125,6.168657428913122,1000.0,0.6168657428913122,falcon_h1,mlp,
27,0.25,8192,64,1093.0595703125,1093.3223815917968,6.032101147163433,1000.0,0.6032101147163433,falcon_h1,mlp,
27,0.25,16384,1,34.25177764892578,34.25895568847656,10.28622629783566,1000.0,1.028622629783566,falcon_h1,mlp,
27,0.25,16384,4,136.8289337158203,136.85558609008788,6.989028460794264,1000.0,0.6989028460794264,falcon_h1,mlp,
27,0.25,16384,16,546.5860900878906,546.8248638916016,6.169605259178384,1000.0,0.6169605259178385,falcon_h1,mlp,
27,0.25,16384,32,1093.1651000976562,1093.335645751953,6.0315188322523134,1000.0,0.6031518832252314,falcon_h1,mlp,
27,0.25,16384,64,2186.25732421875,2186.565908203125,5.962654390035411,1000.0,0.596265439003541,falcon_h1,mlp,
40,0.37037037037037035,512,1,0.8898559808731079,1.0834022641181946,176.754894478176,1000.0,17.6754894478176,falcon_h1,mlp,
40,0.37037037037037035,512,4,3.1283199787139893,3.1293542265892027,56.31162067775987,1000.0,5.631162067775987,falcon_h1,mlp,
40,0.37037037037037035,512,16,12.247039794921875,12.254371452331544,20.548495327364563,1000.0,2.054849532736456,falcon_h1,mlp,
40,0.37037037037037035,512,32,24.178688049316406,24.185876350402832,14.57157374632496,1000.0,1.457157374632496,falcon_h1,mlp,
40,0.37037037037037035,512,64,48.02764892578125,48.04096866607666,11.527695824868944,1000.0,1.1527695824868944,falcon_h1,mlp,
40,0.37037037037037035,1024,1,1.7182719707489014,1.7203199863433838,95.19904810453569,1000.0,9.51990481045357,falcon_h1,mlp,
40,0.37037037037037035,1024,4,6.1675519943237305,6.170634021759033,32.64286903220106,1000.0,3.264286903220106,falcon_h1,mlp,
40,0.37037037037037035,1024,16,24.179712295532227,24.187914600372313,14.570956498316141,1000.0,1.457095649831614,falcon_h1,mlp,
40,0.37037037037037035,1024,32,48.02764892578125,48.0389546585083,11.527695824868944,1000.0,1.1527695824868944,falcon_h1,mlp,
40,0.37037037037037035,1024,64,95.9738883972168,96.02151748657226,9.964182216334295,1000.0,0.9964182216334296,falcon_h1,mlp,
40,0.37037037037037035,2048,1,3.1283199787139893,3.157012438774109,56.31162067775987,1000.0,5.631162067775987,falcon_h1,mlp,
40,0.37037037037037035,2048,4,12.248064041137695,12.256409702301026,20.54677695632166,1000.0,2.054677695632166,falcon_h1,mlp,
40,0.37037037037037035,2048,16,48.02867126464844,48.04403305053711,11.527450446198651,1000.0,1.152745044619865,falcon_h1,mlp,
40,0.37037037037037035,2048,32,95.96927642822266,96.00424034118652,9.96466106228525,1000.0,0.9964661062285249,falcon_h1,mlp,
40,0.37037037037037035,2048,64,191.857666015625,191.89557403564453,9.181846712638178,1000.0,0.9181846712638178,falcon_h1,mlp,
40,0.37037037037037035,4096,1,6.1675519943237305,6.170623779296875,32.64286903220106,1000.0,3.264286903220106,falcon_h1,mlp,
40,0.37037037037037035,4096,4,24.178688049316406,24.186880111694336,14.57157374632496,1000.0,1.457157374632496,falcon_h1,mlp,
40,0.37037037037037035,4096,16,95.97030639648438,96.00519104003907,9.964554119992178,1000.0,0.9964554119992178,falcon_h1,mlp,
40,0.37037037037037035,4096,32,191.86073303222656,191.90682479858398,9.181699934942422,1000.0,0.9181699934942422,falcon_h1,mlp,
40,0.37037037037037035,4096,64,383.3753662109375,383.43885314941406,8.796132232827308,1000.0,0.8796132232827307,falcon_h1,mlp,
40,0.37037037037037035,8192,1,12.247039794921875,12.254207611083984,20.548495327364563,1000.0,2.054849532736456,falcon_h1,mlp,
40,0.37037037037037035,8192,4,48.0266227722168,48.04101985931396,11.527942129636546,1000.0,1.1527942129636546,falcon_h1,mlp,
40,0.37037037037037035,8192,16,191.8540802001953,191.9080110168457,9.182018324352565,1000.0,0.9182018324352565,falcon_h1,mlp,
40,0.37037037037037035,8192,32,383.3804931640625,383.4461474609375,8.796014602018117,1000.0,0.8796014602018117,falcon_h1,mlp,
40,0.37037037037037035,8192,64,766.5935363769531,766.7835284423828,8.60096723377255,1000.0,0.8600967233772551,falcon_h1,mlp,
40,0.37037037037037035,16384,1,24.177663803100586,24.187924842834473,14.572191046631135,1000.0,1.4572191046631136,falcon_h1,mlp,
40,0.37037037037037035,16384,4,95.96415710449219,96.01450973510742,9.965192639150837,1000.0,0.9965192639150837,falcon_h1,mlp,
40,0.37037037037037035,16384,16,383.36358642578125,383.4522100830078,8.796402515534318,1000.0,0.8796402515534318,falcon_h1,mlp,
40,0.37037037037037035,16384,32,766.9201965332031,767.1611889648437,8.597303758337707,1000.0,0.8597303758337708,falcon_h1,mlp,
40,0.37037037037037035,16384,64,1533.4456176757812,1533.6974926757812,8.50104932430424,1000.0,0.850104932430424,falcon_h1,mlp,
54,0.5,512,1,0.7475200295448303,0.749567985534668,210.41095058786942,1000.0,21.041095058786944,falcon_h1,mlp,
54,0.5,512,4,2.4238080978393555,2.425856113433838,72.67933800412426,1000.0,7.267933800412426,falcon_h1,mlp,
54,0.5,512,16,9.13203239440918,9.135104179382324,27.557747183865708,1000.0,2.755774718386571,falcon_h1,mlp,
54,0.5,512,32,17.952768325805664,17.95789789199829,19.624914086011238,1000.0,1.9624914086011236,falcon_h1,mlp,
54,0.5,512,64,35.64339065551758,35.653653602600095,15.532981509835556,1000.0,1.5532981509835557,falcon_h1,mlp,
54,0.5,1024,1,1.257472038269043,1.2595200538635254,130.0846865948375,1000.0,13.008468659483752,falcon_h1,mlp,
54,0.5,1024,4,4.75545597076416,4.758548707962036,42.33591757293645,1000.0,4.233591757293645,falcon_h1,mlp,
54,0.5,1024,16,17.949695587158203,17.98128574371338,19.62827359880478,1000.0,1.9628273598804777,falcon_h1,mlp,
54,0.5,1024,32,35.63417434692383,35.64954635620117,15.53699891036747,1000.0,1.553699891036747,falcon_h1,mlp,
54,0.5,1024,64,71.21049499511719,71.24993392944336,13.429218713696239,1000.0,1.3429218713696238,falcon_h1,mlp,
54,0.5,2048,1,2.4238080978393555,2.425856113433838,72.67933800412426,1000.0,7.267933800412426,falcon_h1,mlp,
54,0.5,2048,4,9.133055686950684,9.135114421844483,27.554659538490437,1000.0,2.755465953849044,falcon_h1,mlp,
54,0.5,2048,16,35.63008117675781,35.64760028839111,15.538783794889452,1000.0,1.5538783794889452,falcon_h1,mlp,
54,0.5,2048,32,71.14752197265625,71.17620346069336,13.441104981386845,1000.0,1.3441104981386847,falcon_h1,mlp,
54,0.5,2048,64,142.9391326904297,143.66926071166992,12.324180557434895,1000.0,1.2324180557434896,falcon_h1,mlp,
54,0.5,4096,1,4.7564802169799805,4.79949830532074,42.326801083139536,1000.0,4.232680108313954,falcon_h1,mlp,
54,0.5,4096,4,17.967103958129883,17.974302501678466,19.60925571650511,1000.0,1.9609255716505112,falcon_h1,mlp,
54,0.5,4096,16,71.22124481201172,71.25204002380372,13.427191767346311,1000.0,1.3427191767346311,falcon_h1,mlp,
54,0.5,4096,32,142.94989013671875,143.48549774169922,12.32325312258149,1000.0,1.232325312258149,falcon_h1,mlp,
54,0.5,4096,64,285.6248321533203,286.922903137207,11.806467913090376,1000.0,1.1806467913090377,falcon_h1,mlp,
54,0.5,8192,1,9.135104179382324,9.138186206817627,27.54848057102464,1000.0,2.754848057102464,falcon_h1,mlp,
54,0.5,8192,4,35.63929748535156,35.65466571807861,15.53476547138899,1000.0,1.5534765471388992,falcon_h1,mlp,
54,0.5,8192,16,142.93964385986328,143.55898254394532,12.324136484676457,1000.0,1.2324136484676456,falcon_h1,mlp,
54,0.5,8192,32,286.34930419921875,287.50560638427737,11.776597206794264,1000.0,1.1776597206794264,falcon_h1,mlp,
54,0.5,8192,64,573.1133422851562,574.3239044189453,11.504610696568617,1000.0,1.1504610696568618,falcon_h1,mlp,
54,0.5,16384,1,17.953792572021484,17.96199487686157,19.623794503955928,1000.0,1.962379450395593,falcon_h1,mlp,
54,0.5,16384,4,71.07276916503906,71.17998733520508,13.455242046069143,1000.0,1.3455242046069142,falcon_h1,mlp,
54,0.5,16384,16,286.118408203125,287.5382287597656,11.786100856558479,1000.0,1.178610085655848,falcon_h1,mlp,
54,0.5,16384,32,573.1589050292969,575.9756860351563,11.503696148039394,1000.0,1.1503696148039393,falcon_h1,mlp,
54,0.5,16384,64,1148.232177734375,1152.1154626464843,11.353014734112117,1000.0,1.1353014734112117,falcon_h1,mlp,
68,0.6296296296296297,512,1,0.6963199973106384,0.6985830527544019,225.88235381359047,1000.0,22.58823538135905,falcon_h1,mlp,
68,0.6296296296296297,512,4,1.8872319459915161,1.889290201663971,93.34346441843874,1000.0,9.334346441843874,falcon_h1,mlp,
68,0.6296296296296297,512,16,7.416831970214844,7.495690097808838,33.930691838595095,1000.0,3.3930691838595095,falcon_h1,mlp,
68,0.6296296296296297,512,32,14.448639869689941,14.602249851226807,24.384408441038996,1000.0,2.4384408441038996,falcon_h1,mlp,
68,0.6296296296296297,512,64,29.103103637695312,29.314058990478514,19.02367991030676,1000.0,1.902367991030676,falcon_h1,mlp,
68,0.6296296296296297,1024,1,1.0987520217895508,1.1008000373840332,148.87604550986742,1000.0,14.88760455098674,falcon_h1,mlp,
68,0.6296296296296297,1024,4,3.72326397895813,3.725475833415985,54.07260756631514,1000.0,5.407260756631514,falcon_h1,mlp,
68,0.6296296296296297,1024,16,14.527487754821777,14.760980110168457,24.25206215596788,1000.0,2.425206215596788,falcon_h1,mlp,
68,0.6296296296296297,1024,32,29.107200622558594,29.123605213165284,19.02100223169221,1000.0,1.9021002231692212,falcon_h1,mlp,
68,0.6296296296296297,1024,64,57.889793395996094,58.56492694854736,16.51934228644426,1000.0,1.651934228644426,falcon_h1,mlp,
68,0.6296296296296297,2048,1,1.8892799615859985,1.9026021838188172,93.2422783186235,1000.0,9.32422783186235,falcon_h1,mlp,
68,0.6296296296296297,2048,4,7.418879985809326,7.421951770782471,33.921325116643814,1000.0,3.3921325116643817,falcon_h1,mlp,
68,0.6296296296296297,2048,16,28.815359115600586,29.31201051712036,19.213646645141264,1000.0,1.9213646645141265,falcon_h1,mlp,
68,0.6296296296296297,2048,32,57.88364791870117,58.28824054718017,16.52109613656599,1000.0,1.652109613656599,falcon_h1,mlp,
68,0.6296296296296297,2048,64,116.76518630981445,117.5368684387207,15.086754328690963,1000.0,1.5086754328690963,falcon_h1,mlp,
68,0.6296296296296297,4096,1,3.724287986755371,3.764224052429199,54.057740087763,1000.0,5.4057740087763,falcon_h1,mlp,
68,0.6296296296296297,4096,4,14.600192070007324,14.607370128631592,24.131294596032205,1000.0,2.4131294596032205,falcon_h1,mlp,
68,0.6296296296296297,4096,16,58.15551948547363,58.604748229980466,16.44386157085003,1000.0,1.6443861570850027,falcon_h1,mlp,
68,0.6296296296296297,4096,32,117.53011322021484,118.47379608154297,14.98856447708253,1000.0,1.498856447708253,falcon_h1,mlp,
68,0.6296296296296297,4096,64,235.08480072021484,236.17947204589842,14.344697767225853,1000.0,1.4344697767225851,falcon_h1,mlp,
68,0.6296296296296297,8192,1,7.427583932876587,7.578634014129639,33.881574718541984,1000.0,3.388157471854198,falcon_h1,mlp,
68,0.6296296296296297,8192,4,29.104127883911133,29.11438892364502,19.023010419977528,1000.0,1.9023010419977529,falcon_h1,mlp,
68,0.6296296296296297,8192,16,117.55724716186523,118.66016693115235,14.9851048959528,1000.0,1.4985104895952799,falcon_h1,mlp,
68,0.6296296296296297,8192,32,235.15494537353516,236.5308595275879,14.340418869964013,1000.0,1.4340418869964013,falcon_h1,mlp,
68,0.6296296296296297,8192,64,470.3498229980469,474.28035705566407,14.018174485477331,1000.0,1.401817448547733,falcon_h1,mlp,
68,0.6296296296296297,16384,1,14.600192070007324,14.605332822799683,24.131294596032205,1000.0,2.4131294596032205,falcon_h1,mlp,
68,0.6296296296296297,16384,4,58.456064224243164,58.7784390258789,16.359317458177394,1000.0,1.6359317458177394,falcon_h1,mlp,
68,0.6296296296296297,16384,16,235.704833984375,237.6482841491699,14.306963327801528,1000.0,1.4306963327801527,falcon_h1,mlp,
68,0.6296296296296297,16384,32,472.0711669921875,475.39834747314455,13.96705909833531,1000.0,1.396705909833531,falcon_h1,mlp,
68,0.6296296296296297,16384,64,944.226318359375,952.16916015625,13.805902863044858,1000.0,1.3805902863044859,falcon_h1,mlp,
81,0.75,512,1,0.5652480125427246,0.6922240257263184,278.26086339067206,1000.0,27.826086339067206,falcon_h1,mlp,
81,0.75,512,4,1.760256052017212,1.7623141884803772,100.07678587335286,1000.0,10.007678587335286,falcon_h1,mlp,
81,0.75,512,16,6.43174409866333,6.7399678230285645,39.127526863561094,1000.0,3.9127526863561095,falcon_h1,mlp,
81,0.75,512,32,12.602367877960205,12.76518440246582,27.956772839186957,1000.0,2.7956772839186956,falcon_h1,mlp,
81,0.75,512,64,25.178112030029297,25.464084529876708,21.989263028922814,1000.0,2.198926302892281,falcon_h1,mlp,
81,0.75,1024,1,1.0168319940567017,1.018880009651184,160.87009157471337,1000.0,16.08700915747134,falcon_h1,mlp,
81,0.75,1024,4,3.201024055480957,3.3454079627990723,62.894432691087815,1000.0,6.289443269108781,falcon_h1,mlp,
81,0.75,1024,16,12.488703727722168,12.621824264526367,28.211217407449894,1000.0,2.8211217407449896,falcon_h1,mlp,
81,0.75,1024,32,24.945663452148438,25.38501136779785,22.194163288622303,1000.0,2.21941632886223,falcon_h1,mlp,
81,0.75,1024,64,49.86777687072754,50.39944782257079,19.176738407228864,1000.0,1.9176738407228864,falcon_h1,mlp,
81,0.75,2048,1,1.743872046470642,1.7459301829338074,101.01702608085567,1000.0,10.101702608085567,falcon_h1,mlp,
81,0.75,2048,4,6.3744001388549805,6.589439868927002,39.479517212298006,1000.0,3.9479517212298005,falcon_h1,mlp,
81,0.75,2048,16,24.947711944580078,25.19266269683838,22.192340894022575,1000.0,2.2192340894022577,falcon_h1,mlp,
81,0.75,2048,32,49.86880111694336,50.73938491821289,19.176344539694345,1000.0,1.9176344539694345,falcon_h1,mlp,
81,0.75,2048,64,101.11692810058594,102.05145858764648,17.42149126848121,1000.0,1.7421491268481206,falcon_h1,mlp,
81,0.75,4096,1,3.2020480632781982,3.3403493642807005,62.8743191924126,1000.0,6.28743191924126,falcon_h1,mlp,
81,0.75,4096,4,12.493824005126953,12.626943588256836,28.199655754348843,1000.0,2.8199655754348845,falcon_h1,mlp,
81,0.75,4096,16,50.151424407958984,50.68948665618896,19.068278185299874,1000.0,1.9068278185299874,falcon_h1,mlp,
81,0.75,4096,32,100.74931335449219,102.16739784240723,17.485058918482977,1000.0,1.7485058918482979,falcon_h1,mlp,
81,0.75,4096,64,203.2752685546875,206.05775466918945,16.589427921935155,1000.0,1.6589427921935154,falcon_h1,mlp,
81,0.75,8192,1,6.3744001388549805,6.591487884521484,39.479517212298006,1000.0,3.9479517212298005,falcon_h1,mlp,
81,0.75,8192,4,24.944639205932617,24.95491048812866,22.19507459816557,1000.0,2.219507459816557,falcon_h1,mlp,
81,0.75,8192,16,100.95410919189453,102.07332252502441,17.44958867054653,1000.0,1.744958867054653,falcon_h1,mlp,
81,0.75,8192,32,203.59884643554688,205.6078500366211,16.563062488016314,1000.0,1.6563062488016316,falcon_h1,mlp,
81,0.75,8192,64,408.13414001464844,412.26146514892577,16.155095204148697,1000.0,1.6155095204148695,falcon_h1,mlp,
81,0.75,16384,1,12.618751525878906,12.768256187438965,27.920474959622485,1000.0,2.7920474959622488,falcon_h1,mlp,
81,0.75,16384,4,50.140159606933594,50.72487518310547,19.07256218362254,1000.0,1.9072562183622541,falcon_h1,mlp,
81,0.75,16384,16,204.04173278808594,206.24695861816406,16.527111242984432,1000.0,1.6527111242984431,falcon_h1,mlp,
81,0.75,16384,32,408.3696594238281,412.31051971435545,16.14577806123683,1000.0,1.6145778061236828,falcon_h1,mlp,
81,0.75,16384,64,822.5054931640625,827.8441400146485,15.849008839871386,1000.0,1.5849008839871386,falcon_h1,mlp,
94,0.8703703703703703,512,1,0.6830080151557922,0.6840422624349594,230.28485246124586,1000.0,23.028485246124585,falcon_h1,mlp,
94,0.8703703703703703,512,4,1.691648006439209,1.6937062621116639,104.13559282394986,1000.0,10.413559282394987,falcon_h1,mlp,
94,0.8703703703703703,512,16,5.8368000984191895,5.9699201583862305,43.11578874667266,1000.0,4.3115788746672665,falcon_h1,mlp,
94,0.8703703703703703,512,32,11.45958423614502,11.675739898681641,30.744704933424373,1000.0,3.0744704933424374,falcon_h1,mlp,
94,0.8703703703703703,512,64,22.763519287109375,23.298826007843015,24.32172815710101,1000.0,2.432172815710101,falcon_h1,mlp,
94,0.8703703703703703,1024,1,1.0117119550704956,1.013759970664978,161.68421770661195,1000.0,16.168421770661194,falcon_h1,mlp,
94,0.8703703703703703,1024,4,3.0566399097442627,3.234816074371338,65.86532857802155,1000.0,6.586532857802155,falcon_h1,mlp,
94,0.8703703703703703,1024,16,11.45958423614502,11.594752311706543,30.744704933424373,1000.0,3.0744704933424374,falcon_h1,mlp,
94,0.8703703703703703,1024,32,22.793216705322266,23.0158752822876,24.290039232186214,1000.0,2.4290039232186214,falcon_h1,mlp,
94,0.8703703703703703,1024,64,45.5362548828125,46.026844635009766,21.000877530684953,1000.0,2.1000877530684954,falcon_h1,mlp,
94,0.8703703703703703,2048,1,1.6926720142364502,1.6947200298309326,104.07259440598988,1000.0,10.407259440598986,falcon_h1,mlp,
94,0.8703703703703703,2048,4,5.837823867797852,5.902336120605469,43.10822760312752,1000.0,4.310822760312752,falcon_h1,mlp,
94,0.8703703703703703,2048,16,22.537216186523438,22.800384521484375,24.565950089748195,1000.0,2.4565950089748196,falcon_h1,mlp,
94,0.8703703703703703,2048,32,45.45894432067871,46.001756210327144,21.036593046552344,1000.0,2.1036593046552343,falcon_h1,mlp,
94,0.8703703703703703,2048,64,92.04787063598633,93.37208068847656,19.137951457524487,1000.0,1.9137951457524487,falcon_h1,mlp,
94,0.8703703703703703,4096,1,3.0566399097442627,3.2337920665740967,65.86532857802155,1000.0,6.586532857802155,falcon_h1,mlp,
94,0.8703703703703703,4096,4,11.460607528686523,11.593728065490723,30.74195980606788,1000.0,3.074195980606788,falcon_h1,mlp,
94,0.8703703703703703,4096,16,45.49273681640625,46.20455806732178,21.020966838273946,1000.0,2.1020966838273947,falcon_h1,mlp,
94,0.8703703703703703,4096,32,92.23577499389648,93.67660888671875,19.098963283135756,1000.0,1.9098963283135755,falcon_h1,mlp,
94,0.8703703703703703,4096,64,185.82988739013672,187.792890625,18.14681407474709,1000.0,1.814681407474709,falcon_h1,mlp,
94,0.8703703703703703,8192,1,5.838848114013672,6.111231803894043,43.100665591215055,1000.0,4.3100665591215055,falcon_h1,mlp,
94,0.8703703703703703,8192,4,22.795263290405273,22.809611053466796,24.287858444391617,1000.0,2.4287858444391617,falcon_h1,mlp,
94,0.8703703703703703,8192,16,92.28851318359375,94.02768379211426,19.08804919736385,1000.0,1.908804919736385,falcon_h1,mlp,
94,0.8703703703703703,8192,32,185.23955535888672,187.0767269897461,18.204645381849435,1000.0,1.8204645381849436,falcon_h1,mlp,
94,0.8703703703703703,8192,64,374.31756591796875,378.15809143066406,17.61457780328948,1000.0,1.7614577803289482,falcon_h1,mlp,
94,0.8703703703703703,16384,1,11.586560249328613,11.827199935913086,30.407776632449256,1000.0,3.040777663244926,falcon_h1,mlp,
94,0.8703703703703703,16384,4,45.54137420654297,46.658623123168944,20.998516813807683,1000.0,2.0998516813807684,falcon_h1,mlp,
94,0.8703703703703703,16384,16,186.39769744873047,188.87825622558594,18.091534724711632,1000.0,1.8091534724711633,falcon_h1,mlp,
94,0.8703703703703703,16384,32,374.71385192871094,378.4527130126953,17.595949159772186,1000.0,1.7595949159772184,falcon_h1,mlp,
94,0.8703703703703703,16384,64,750.7742614746094,758.0984423828124,17.36327082710049,1000.0,1.736327082710049,falcon_h1,mlp,
108,1.0,512,1,0.41471999883651733,0.4188262403011322,379.25926032325805,1000.0,37.925926032325805,falcon_h1,mlp,
108,1.0,512,4,1.3844480514526367,1.3854822981357575,127.24259882135897,1000.0,12.724259882135897,falcon_h1,mlp,
108,1.0,512,16,5.350399971008301,5.818367958068848,47.03540695343084,1000.0,4.703540695343084,falcon_h1,mlp,
108,1.0,512,32,10.536959648132324,10.788874378204346,33.43673581045259,1000.0,3.343673581045259,falcon_h1,mlp,
108,1.0,512,64,20.77286434173584,20.97255395889282,26.652469245063944,1000.0,2.6652469245063943,falcon_h1,mlp,
108,1.0,1024,1,0.7004160284996033,0.7034982323646546,233.54385014633147,1000.0,23.35438501463315,falcon_h1,mlp,
108,1.0,1024,4,2.7299840450286865,2.732042300701141,73.74643539276965,1000.0,7.374643539276965,falcon_h1,mlp,
108,1.0,1024,16,10.54207992553711,10.64653847694397,33.42049562217197,1000.0,3.3420495622171966,falcon_h1,mlp,
108,1.0,1024,32,20.718591690063477,20.980735778808594,26.722285775124696,1000.0,2.6722285775124694,falcon_h1,mlp,
108,1.0,1024,64,41.54982376098633,42.62305633544922,23.015773003059756,1000.0,2.3015773003059756,falcon_h1,mlp,
108,1.0,2048,1,1.385472059249878,1.3987840414047241,127.14855332079156,1000.0,12.714855332079155,falcon_h1,mlp,
108,1.0,2048,4,5.351424217224121,5.819402441978455,47.02640452050344,1000.0,4.702640452050344,falcon_h1,mlp,
108,1.0,2048,16,20.719615936279297,20.728955116271973,26.720964795036675,1000.0,2.6720964795036677,falcon_h1,mlp,
108,1.0,2048,32,41.14687919616699,41.9757776260376,23.241162651506354,1000.0,2.3241162651506353,falcon_h1,mlp,
108,1.0,2048,64,83.60857391357422,85.50096580505371,21.069701318204103,1000.0,2.10697013182041,falcon_h1,mlp,
108,1.0,4096,1,2.7002880573272705,2.702336072921753,74.55745006674285,1000.0,7.4557450066742845,falcon_h1,mlp,
108,1.0,4096,4,10.424320220947266,10.54823468208313,33.79803464709609,1000.0,3.379803464709609,falcon_h1,mlp,
108,1.0,4096,16,41.1591682434082,42.21841529846191,23.23422345040112,1000.0,2.323422345040112,falcon_h1,mlp,
108,1.0,4096,32,83.66592025756836,85.80966270446777,21.055259711204172,1000.0,2.105525971120417,falcon_h1,mlp,
108,1.0,4096,64,169.96351623535156,172.28824356079102,19.840848734445018,1000.0,1.9840848734445016,falcon_h1,mlp,
108,1.0,8192,1,5.352447986602783,5.676042304039002,47.01740972166425,1000.0,4.701740972166426,falcon_h1,mlp,
108,1.0,8192,4,20.724735260009766,20.732947807312012,26.714364311727238,1000.0,2.6714364311727237,falcon_h1,mlp,
108,1.0,8192,16,83.45856094360352,85.36964775085448,21.107573148671865,1000.0,2.1107573148671865,falcon_h1,mlp,
108,1.0,8192,32,169.46329498291016,172.3553843688965,19.89941489300133,1000.0,1.9899414893001333,falcon_h1,mlp,
108,1.0,8192,64,341.8644561767578,346.0820977783203,19.28672539326791,1000.0,1.9286725393267912,falcon_h1,mlp,
108,1.0,16384,1,10.54207992553711,10.671104431152344,33.42049562217197,1000.0,3.3420495622171966,falcon_h1,mlp,
108,1.0,16384,4,41.617408752441406,43.01005668640136,22.978396316995596,1000.0,2.2978396316995595,falcon_h1,mlp,
108,1.0,16384,16,169.84576416015625,172.6796090698242,19.854604162045284,1000.0,1.9854604162045284,falcon_h1,mlp,
108,1.0,16384,32,340.0693664550781,343.81224670410154,19.38853227719636,1000.0,1.9388532277196364,falcon_h1,mlp,
108,1.0,16384,64,686.9811401367188,695.1122607421875,18.975625487194126,1000.0,1.8975625487194125,falcon_h1,mlp,
