# value_kind: latency_ms,latency_std_ms=measured(CUDA event); read_bytes,write_bytes,achieved_bw_GBs,theoretical_bw_GBs,bw_util_pct=derived; rest=metadata
model,device,layer_type,seq_len,batch_size,sm_count,sm_ratio_pct,prefill_chunk_tokens,n_kernel_calls,n_chunks,n_blocks_per_call,cooperative_safe,latency_ms,latency_std_ms,read_bytes,write_bytes,achieved_bw_GBs,theoretical_bw_GBs,bw_util_pct,state_passing_active,status
zamba2,a100_sxm4_80gb,ssm_chunked,512,1,14,12.96,512,1,1,224,False,0.8273920118808746,0.010578576535944887,7717536,7340032,18.199,2039.0,0.893,True,ok
zamba2,a100_sxm4_80gb,ssm_chunked,512,1,27,25.0,512,1,1,224,False,0.6845439970493317,0.006713954609737003,7717536,7340032,21.996,2039.0,1.079,True,ok
zamba2,a100_sxm4_80gb,ssm_chunked,512,1,40,37.04,512,1,1,224,False,0.6461439728736877,0.009095112715072268,7717536,7340032,23.304,2039.0,1.143,True,ok
zamba2,a100_sxm4_80gb,ssm_chunked,512,1,54,50.0,512,1,1,224,False,0.6184960007667542,0.0047786675748706,7717536,7340032,24.345,2039.0,1.194,True,ok
zamba2,a100_sxm4_80gb,ssm_chunked,512,1,68,62.96,512,1,1,224,False,0.605184018611908,0.007802289921768496,7717536,7340032,24.881,2039.0,1.22,True,ok
zamba2,a100_sxm4_80gb,ssm_chunked,512,1,81,75.0,512,1,1,224,False,0.59443199634552,0.0071931531094580016,7717536,7340032,25.331,2039.0,1.242,True,ok
zamba2,a100_sxm4_80gb,ssm_chunked,512,1,94,87.04,512,1,1,224,False,0.5898240208625793,0.0073652117449684055,7717536,7340032,25.529,2039.0,1.252,True,ok
zamba2,a100_sxm4_80gb,ssm_chunked,512,1,108,100.0,512,1,1,224,False,0.5908479988574982,0.007976543556925968,7717536,7340032,25.485,2039.0,1.25,True,ok
zamba2,a100_sxm4_80gb,ssm_chunked,512,4,14,12.96,512,1,1,896,False,1.6450560092926025,0.00711415591433421,30868128,29360128,36.612,2039.0,1.796,True,ok
zamba2,a100_sxm4_80gb,ssm_chunked,512,4,27,25.0,512,1,1,896,False,1.099776029586792,0.00690811704042134,30868128,29360128,54.764,2039.0,2.686,True,ok
zamba2,a100_sxm4_80gb,ssm_chunked,512,4,40,37.04,512,1,1,896,False,0.9415680170059204,0.005044333463540959,30868128,29360128,63.966,2039.0,3.137,True,ok
zamba2,a100_sxm4_80gb,ssm_chunked,512,4,54,50.0,512,1,1,896,False,0.8376320004463196,0.008060091687433076,30868128,29360128,71.903,2039.0,3.526,True,ok
zamba2,a100_sxm4_80gb,ssm_chunked,512,4,68,62.96,512,1,1,896,False,0.7823359966278076,0.006685252099129809,30868128,29360128,76.985,2039.0,3.776,True,ok
zamba2,a100_sxm4_80gb,ssm_chunked,512,4,81,75.0,512,1,1,896,False,0.7377920150756836,0.00751243858197825,30868128,29360128,81.633,2039.0,4.004,True,ok
zamba2,a100_sxm4_80gb,ssm_chunked,512,4,94,87.04,512,1,1,896,False,0.719871997833252,0.007280090843175498,30868128,29360128,83.665,2039.0,4.103,True,ok
zamba2,a100_sxm4_80gb,ssm_chunked,512,4,108,100.0,512,1,1,896,False,0.7014399766921997,0.00722869510152102,30868128,29360128,85.864,2039.0,4.211,True,ok
zamba2,a100_sxm4_80gb,ssm_chunked,512,8,14,12.96,512,1,1,1792,False,2.840575933456421,0.0031077912079029387,61735584,58720256,42.405,2039.0,2.08,True,ok
zamba2,a100_sxm4_80gb,ssm_chunked,512,8,27,25.0,512,1,1,1792,False,1.6399359703063965,0.007276872760401205,61735584,58720256,73.452,2039.0,3.602,True,ok
zamba2,a100_sxm4_80gb,ssm_chunked,512,8,40,37.04,512,1,1,1792,False,1.3163520097732544,0.004956985924283595,61735584,58720256,91.507,2039.0,4.488,True,ok
zamba2,a100_sxm4_80gb,ssm_chunked,512,8,54,50.0,512,1,1,1792,False,1.124351978302002,0.006661685673770149,61735584,58720256,107.134,2039.0,5.254,True,ok
zamba2,a100_sxm4_80gb,ssm_chunked,512,8,68,62.96,512,1,1,1792,False,1.0024960041046143,0.004947586532665773,61735584,58720256,120.156,2039.0,5.893,True,ok
zamba2,a100_sxm4_80gb,ssm_chunked,512,8,81,75.0,512,1,1,1792,False,0.92467200756073,0.004192976780509571,61735584,58720256,130.269,2039.0,6.389,True,ok
zamba2,a100_sxm4_80gb,ssm_chunked,512,8,94,87.04,512,1,1,1792,False,0.8801279962062836,0.00698274878268541,61735584,58720256,136.862,2039.0,6.712,True,ok
zamba2,a100_sxm4_80gb,ssm_chunked,512,8,108,100.0,512,1,1,1792,False,0.8355839848518372,0.009520686518350245,61735584,58720256,144.158,2039.0,7.07,True,ok
zamba2,a100_sxm4_80gb,ssm_chunked,512,16,14,12.96,512,1,1,3584,False,5.411328077316284,0.005712543262605594,123470496,117440512,44.52,2039.0,2.183,True,ok
zamba2,a100_sxm4_80gb,ssm_chunked,512,16,27,25.0,512,1,1,3584,False,2.8666878938674927,0.004574302994244958,123470496,117440512,84.038,2039.0,4.122,True,ok
zamba2,a100_sxm4_80gb,ssm_chunked,512,16,40,37.04,512,1,1,3584,False,2.1145598888397217,0.003814614001083956,123470496,117440512,113.93,2039.0,5.588,True,ok
zamba2,a100_sxm4_80gb,ssm_chunked,512,16,54,50.0,512,1,1,3584,False,1.6880639791488647,0.008022414389876538,123470496,117440512,142.714,2039.0,6.999,True,ok
zamba2,a100_sxm4_80gb,ssm_chunked,512,16,68,62.96,512,1,1,3584,False,1.4581760168075562,0.007479029930736668,123470496,117440512,165.214,2039.0,8.103,True,ok
zamba2,a100_sxm4_80gb,ssm_chunked,512,16,81,75.0,512,1,1,3584,False,1.3004800081253052,0.009005649577862342,123470496,117440512,185.248,2039.0,9.085,True,ok
zamba2,a100_sxm4_80gb,ssm_chunked,512,16,94,87.04,512,1,1,3584,False,1.210368037223816,0.006313295140571527,123470496,117440512,199.039,2039.0,9.762,True,ok
zamba2,a100_sxm4_80gb,ssm_chunked,512,16,108,100.0,512,1,1,3584,False,1.1279360055923462,0.006868339462038694,123470496,117440512,213.586,2039.0,10.475,True,ok
zamba2,a100_sxm4_80gb,ssm_chunked,512,32,14,12.96,512,1,1,7168,False,10.603007793426514,0.006018368040240403,246940320,234881024,45.442,2039.0,2.229,True,ok
zamba2,a100_sxm4_80gb,ssm_chunked,512,32,27,25.0,512,1,1,7168,False,5.481472015380859,0.0019429070216343597,246940320,234881024,87.9,2039.0,4.311,True,ok
zamba2,a100_sxm4_80gb,ssm_chunked,512,32,40,37.04,512,1,1,7168,False,3.9695359468460083,0.002977654722661624,246940320,234881024,121.38,2039.0,5.953,True,ok
zamba2,a100_sxm4_80gb,ssm_chunked,512,32,54,50.0,512,1,1,7168,False,3.0622719526290894,0.006874339584843035,246940320,234881024,157.341,2039.0,7.717,True,ok
zamba2,a100_sxm4_80gb,ssm_chunked,512,32,68,62.96,512,1,1,7168,False,2.550784111022949,0.003605832835398395,246940320,234881024,188.891,2039.0,9.264,True,ok
zamba2,a100_sxm4_80gb,ssm_chunked,512,32,81,75.0,512,1,1,7168,False,2.230272054672241,0.00565418205291164,246940320,234881024,216.037,2039.0,10.595,True,ok
zamba2,a100_sxm4_80gb,ssm_chunked,512,32,94,87.04,512,1,1,7168,False,2.0331519842147827,0.002646179160087425,246940320,234881024,236.982,2039.0,11.622,True,ok
zamba2,a100_sxm4_80gb,ssm_chunked,512,32,108,100.0,512,1,1,7168,False,1.869312047958374,0.004740711314536743,246940320,234881024,257.753,2039.0,12.641,True,ok
zamba2,a100_sxm4_80gb,ssm_chunked,2048,1,14,12.96,512,4,4,224,False,2.291200041770935,0.01935964943086288,30870144,29360128,26.288,2039.0,1.289,True,ok
zamba2,a100_sxm4_80gb,ssm_chunked,2048,1,27,25.0,512,4,4,224,False,2.1457918882369995,0.010068434935518759,30870144,29360128,28.069,2039.0,1.377,True,ok
zamba2,a100_sxm4_80gb,ssm_chunked,2048,1,40,37.04,512,4,4,224,False,2.116607904434204,0.013457805574685575,30870144,29360128,28.456,2039.0,1.396,True,ok
zamba2,a100_sxm4_80gb,ssm_chunked,2048,1,54,50.0,512,4,4,224,False,2.081279993057251,0.014139599717434073,30870144,29360128,28.939,2039.0,1.419,True,ok
zamba2,a100_sxm4_80gb,ssm_chunked,2048,1,68,62.96,512,4,4,224,False,2.083327889442444,0.010169200381658819,30870144,29360128,28.911,2039.0,1.418,True,ok
zamba2,a100_sxm4_80gb,ssm_chunked,2048,1,81,75.0,512,4,4,224,False,2.0567039251327515,0.008405374528340705,30870144,29360128,29.285,2039.0,1.436,True,ok
zamba2,a100_sxm4_80gb,ssm_chunked,2048,1,94,87.04,512,4,4,224,False,2.051584005355835,0.013738775883672318,30870144,29360128,29.358,2039.0,1.44,True,ok
zamba2,a100_sxm4_80gb,ssm_chunked,2048,1,108,100.0,512,4,4,224,False,2.0495359897613525,0.018812372921535692,30870144,29360128,29.387,2039.0,1.441,True,ok
zamba2,a100_sxm4_80gb,ssm_chunked,2048,4,14,12.96,512,4,4,896,False,5.6151039600372314,0.025964682271321683,123472512,117440512,42.904,2039.0,2.104,True,ok
zamba2,a100_sxm4_80gb,ssm_chunked,2048,4,27,25.0,512,4,4,896,False,3.1549439430236816,0.013569437555347456,123472512,117440512,76.36,2039.0,3.745,True,ok
zamba2,a100_sxm4_80gb,ssm_chunked,2048,4,40,37.04,512,4,4,896,False,2.4248321056365967,0.006644116099884385,123472512,117440512,99.352,2039.0,4.873,True,ok
zamba2,a100_sxm4_80gb,ssm_chunked,2048,4,54,50.0,512,4,4,896,False,2.3045119047164917,0.012210007093636876,123472512,117440512,104.54,2039.0,5.127,True,ok
zamba2,a100_sxm4_80gb,ssm_chunked,2048,4,68,62.96,512,4,4,896,False,2.2599680423736572,0.0185457350446618,123472512,117440512,106.6,2039.0,5.228,True,ok
zamba2,a100_sxm4_80gb,ssm_chunked,2048,4,81,75.0,512,4,4,896,False,2.211327910423279,0.011846227812965958,123472512,117440512,108.945,2039.0,5.343,True,ok
zamba2,a100_sxm4_80gb,ssm_chunked,2048,4,94,87.04,512,4,4,896,False,2.181119918823242,0.010977981421790252,123472512,117440512,110.454,2039.0,5.417,True,ok
zamba2,a100_sxm4_80gb,ssm_chunked,2048,4,108,100.0,512,4,4,896,False,2.15449595451355,0.01560458245128795,123472512,117440512,111.819,2039.0,5.484,True,ok
zamba2,a100_sxm4_80gb,ssm_chunked,2048,8,14,12.96,512,4,4,1792,False,10.678271770477295,0.005406430404714511,246942336,234881024,45.122,2039.0,2.213,True,ok
zamba2,a100_sxm4_80gb,ssm_chunked,2048,8,27,25.0,512,4,4,1792,False,5.650432109832764,0.004759121695923032,246942336,234881024,85.272,2039.0,4.182,True,ok
zamba2,a100_sxm4_80gb,ssm_chunked,2048,8,40,37.04,512,4,4,1792,False,4.196864128112793,0.004507594216335105,246942336,234881024,114.806,2039.0,5.63,True,ok
zamba2,a100_sxm4_80gb,ssm_chunked,2048,8,54,50.0,512,4,4,1792,False,3.317247986793518,0.0072641226638138785,246942336,234881024,145.248,2039.0,7.123,True,ok
zamba2,a100_sxm4_80gb,ssm_chunked,2048,8,68,62.96,512,4,4,1792,False,2.8175359964370728,0.005715720894112497,246942336,234881024,171.009,2039.0,8.387,True,ok
zamba2,a100_sxm4_80gb,ssm_chunked,2048,8,81,75.0,512,4,4,1792,False,2.4888319969177246,0.005113112216142892,246942336,234881024,193.594,2039.0,9.495,True,ok
zamba2,a100_sxm4_80gb,ssm_chunked,2048,8,94,87.04,512,4,4,1792,False,2.3592960834503174,0.009750995973110651,246942336,234881024,204.223,2039.0,10.016,True,ok
zamba2,a100_sxm4_80gb,ssm_chunked,2048,8,108,100.0,512,4,4,1792,False,2.310655951499939,0.008906766810552245,246942336,234881024,208.522,2039.0,10.227,True,ok
zamba2,a100_sxm4_80gb,ssm_chunked,2048,16,14,12.96,512,4,4,3584,False,20.991488456726074,0.00495232640687961,493881984,469762048,45.906,2039.0,2.251,True,ok
zamba2,a100_sxm4_80gb,ssm_chunked,2048,16,27,25.0,512,4,4,3584,False,10.779135704040527,0.005091368359091114,493881984,469762048,89.399,2039.0,4.384,True,ok
zamba2,a100_sxm4_80gb,ssm_chunked,2048,16,40,37.04,512,4,4,3584,False,7.756799936294556,0.003875338513518992,493881984,469762048,124.232,2039.0,6.093,True,ok
zamba2,a100_sxm4_80gb,ssm_chunked,2048,16,54,50.0,512,4,4,3584,False,5.975552082061768,0.0022356937123962214,493881984,469762048,161.264,2039.0,7.909,True,ok
zamba2,a100_sxm4_80gb,ssm_chunked,2048,16,68,62.96,512,4,4,3584,False,4.9689600467681885,0.00237468235866175,493881984,469762048,193.933,2039.0,9.511,True,ok
zamba2,a100_sxm4_80gb,ssm_chunked,2048,16,81,75.0,512,4,4,3584,False,4.331520080566406,0.00663719900581642,493881984,469762048,222.472,2039.0,10.911,True,ok
zamba2,a100_sxm4_80gb,ssm_chunked,2048,16,94,87.04,512,4,4,3584,False,3.942911982536316,0.00888064001502412,493881984,469762048,244.399,2039.0,11.986,True,ok
zamba2,a100_sxm4_80gb,ssm_chunked,2048,16,108,100.0,512,4,4,3584,False,3.5932159423828125,0.005363388253730657,493881984,469762048,268.184,2039.0,13.153,True,ok
zamba2,a100_sxm4_80gb,ssm_chunked,2048,32,14,12.96,512,4,4,7168,False,41.78483200073242,0.009526421288974246,987761280,939524096,46.124,2039.0,2.262,True,ok
zamba2,a100_sxm4_80gb,ssm_chunked,2048,32,27,25.0,512,4,4,7168,False,21.293567657470703,0.0048281071926401615,987761280,939524096,90.51,2039.0,4.439,True,ok
zamba2,a100_sxm4_80gb,ssm_chunked,2048,32,40,37.04,512,4,4,7168,False,15.215104103088379,0.005164235156263528,987761280,939524096,126.669,2039.0,6.212,True,ok
zamba2,a100_sxm4_80gb,ssm_chunked,2048,32,54,50.0,512,4,4,7168,False,11.582976341247559,0.004312183037019421,987761280,939524096,166.389,2039.0,8.16,True,ok
zamba2,a100_sxm4_80gb,ssm_chunked,2048,32,68,62.96,512,4,4,7168,False,9.52627182006836,0.003915696583850751,987761280,939524096,202.313,2039.0,9.922,True,ok
zamba2,a100_sxm4_80gb,ssm_chunked,2048,32,81,75.0,512,4,4,7168,False,8.2391037940979,0.006389414410015132,987761280,939524096,233.919,2039.0,11.472,True,ok
zamba2,a100_sxm4_80gb,ssm_chunked,2048,32,94,87.04,512,4,4,7168,False,7.459839820861816,0.008971899091823476,987761280,939524096,258.355,2039.0,12.671,True,ok
zamba2,a100_sxm4_80gb,ssm_chunked,2048,32,108,100.0,512,4,4,7168,False,6.78604793548584,0.011115156235158413,987761280,939524096,284.007,2039.0,13.929,True,ok
zamba2,a100_sxm4_80gb,ssm_chunked,4096,1,14,12.96,512,8,8,224,False,4.216320037841797,0.023076987030333933,61740288,58720256,28.57,2039.0,1.401,True,ok
zamba2,a100_sxm4_80gb,ssm_chunked,4096,1,27,25.0,512,8,8,224,False,4.046847820281982,0.013619524344783243,61740288,58720256,29.767,2039.0,1.46,True,ok
zamba2,a100_sxm4_80gb,ssm_chunked,4096,1,40,37.04,512,8,8,224,False,4.0023040771484375,0.01153283042992015,61740288,58720256,30.098,2039.0,1.476,True,ok
zamba2,a100_sxm4_80gb,ssm_chunked,4096,1,54,50.0,512,8,8,224,False,3.999743938446045,0.012461728185714182,61740288,58720256,30.117,2039.0,1.477,True,ok
zamba2,a100_sxm4_80gb,ssm_chunked,4096,1,68,62.96,512,8,8,224,False,3.977728009223938,0.015012822541448891,61740288,58720256,30.284,2039.0,1.485,True,ok
zamba2,a100_sxm4_80gb,ssm_chunked,4096,1,81,75.0,512,8,8,224,False,3.952128052711487,0.010534414772757308,61740288,58720256,30.48,2039.0,1.495,True,ok
zamba2,a100_sxm4_80gb,ssm_chunked,4096,1,94,87.04,512,8,8,224,False,3.960319995880127,0.021225624783337414,61740288,58720256,30.417,2039.0,1.492,True,ok
zamba2,a100_sxm4_80gb,ssm_chunked,4096,1,108,100.0,512,8,8,224,False,3.9567360877990723,0.014366818265821282,61740288,58720256,30.444,2039.0,1.493,True,ok
zamba2,a100_sxm4_80gb,ssm_chunked,4096,4,14,12.96,512,8,8,896,False,10.906111717224121,0.008019646246710952,246945024,234881024,44.179,2039.0,2.167,True,ok
zamba2,a100_sxm4_80gb,ssm_chunked,4096,4,27,25.0,512,8,8,896,False,5.888511896133423,0.010308029632248984,246945024,234881024,81.825,2039.0,4.013,True,ok
zamba2,a100_sxm4_80gb,ssm_chunked,4096,4,40,37.04,512,8,8,896,False,4.398079872131348,0.007432200065137055,246945024,234881024,109.554,2039.0,5.373,True,ok
zamba2,a100_sxm4_80gb,ssm_chunked,4096,4,54,50.0,512,8,8,896,False,4.217855930328369,0.0136213486819174,246945024,234881024,114.235,2039.0,5.602,True,ok
zamba2,a100_sxm4_80gb,ssm_chunked,4096,4,68,62.96,512,8,8,896,False,4.153856039047241,0.019192532505371646,246945024,234881024,115.995,2039.0,5.689,True,ok
zamba2,a100_sxm4_80gb,ssm_chunked,4096,4,81,75.0,512,8,8,896,False,4.1205761432647705,0.007589542461433011,246945024,234881024,116.932,2039.0,5.735,True,ok
zamba2,a100_sxm4_80gb,ssm_chunked,4096,4,94,87.04,512,8,8,896,False,4.107775926589966,0.017585767328332162,246945024,234881024,117.296,2039.0,5.753,True,ok
zamba2,a100_sxm4_80gb,ssm_chunked,4096,4,108,100.0,512,8,8,896,False,4.070911884307861,0.01568649104462831,246945024,234881024,118.358,2039.0,5.805,True,ok
zamba2,a100_sxm4_80gb,ssm_chunked,4096,8,14,12.96,512,8,8,1792,False,21.130239486694336,0.006412239013672863,493884672,469762048,45.605,2039.0,2.237,True,ok
zamba2,a100_sxm4_80gb,ssm_chunked,4096,8,27,25.0,512,8,8,1792,False,10.98035192489624,0.0068945849223302595,493884672,469762048,87.761,2039.0,4.304,True,ok
zamba2,a100_sxm4_80gb,ssm_chunked,4096,8,40,37.04,512,8,8,1792,False,8.024576187133789,0.004833207221990057,493884672,469762048,120.087,2039.0,5.89,True,ok
zamba2,a100_sxm4_80gb,ssm_chunked,4096,8,54,50.0,512,8,8,1792,False,6.248447895050049,0.0059601916356688146,493884672,469762048,154.222,2039.0,7.564,True,ok
zamba2,a100_sxm4_80gb,ssm_chunked,4096,8,68,62.96,512,8,8,1792,False,5.2259840965271,0.005261416393512768,493884672,469762048,184.395,2039.0,9.043,True,ok
zamba2,a100_sxm4_80gb,ssm_chunked,4096,8,81,75.0,512,8,8,1792,False,4.578815937042236,0.007276083909467825,493884672,469762048,210.458,2039.0,10.322,True,ok
zamba2,a100_sxm4_80gb,ssm_chunked,4096,8,94,87.04,512,8,8,1792,False,4.2736639976501465,0.01753438369688281,493884672,469762048,225.485,2039.0,11.059,True,ok
zamba2,a100_sxm4_80gb,ssm_chunked,4096,8,108,100.0,512,8,8,1792,False,4.222976207733154,0.012485960716515346,493884672,469762048,228.191,2039.0,11.191,True,ok
zamba2,a100_sxm4_80gb,ssm_chunked,4096,16,14,12.96,512,8,8,3584,False,41.78227233886719,0.0816396020524431,987763968,939524096,46.127,2039.0,2.262,True,ok
zamba2,a100_sxm4_80gb,ssm_chunked,4096,16,27,25.0,512,8,8,3584,False,21.326847076416016,0.007289579747000307,987763968,939524096,90.369,2039.0,4.432,True,ok
zamba2,a100_sxm4_80gb,ssm_chunked,4096,16,40,37.04,512,8,8,3584,False,15.28217601776123,0.00423716384285601,987763968,939524096,126.113,2039.0,6.185,True,ok
zamba2,a100_sxm4_80gb,ssm_chunked,4096,16,54,50.0,512,8,8,3584,False,11.697152137756348,0.011049930913054444,987763968,939524096,164.766,2039.0,8.081,True,ok
zamba2,a100_sxm4_80gb,ssm_chunked,4096,16,68,62.96,512,8,8,3584,False,9.653759956359863,0.005788730632755032,987763968,939524096,199.641,2039.0,9.791,True,ok
zamba2,a100_sxm4_80gb,ssm_chunked,4096,16,81,75.0,512,8,8,3584,False,8.365055561065674,0.008821867942622144,987763968,939524096,230.398,2039.0,11.3,True,ok
zamba2,a100_sxm4_80gb,ssm_chunked,4096,16,94,87.04,512,8,8,3584,False,7.561728000640869,0.00909776190881503,987763968,939524096,254.874,2039.0,12.5,True,ok
zamba2,a100_sxm4_80gb,ssm_chunked,4096,16,108,100.0,512,8,8,3584,False,6.865407943725586,0.006552266641799064,987763968,939524096,280.724,2039.0,13.768,True,ok
zamba2,a100_sxm4_80gb,ssm_chunked,4096,32,14,12.96,512,8,8,7168,False,83.38534164428711,0.013944758277468024,1975522560,1879048192,46.226,2039.0,2.267,True,ok
zamba2,a100_sxm4_80gb,ssm_chunked,4096,32,27,25.0,512,8,8,7168,False,42.3741455078125,0.007552662471733494,1975522560,1879048192,90.965,2039.0,4.461,True,ok
zamba2,a100_sxm4_80gb,ssm_chunked,4096,32,40,37.04,512,8,8,7168,False,30.203392028808594,0.004101824674201253,1975522560,1879048192,127.62,2039.0,6.259,True,ok
zamba2,a100_sxm4_80gb,ssm_chunked,4096,32,54,50.0,512,8,8,7168,False,22.940159797668457,0.007935112291251337,1975522560,1879048192,168.027,2039.0,8.241,True,ok
zamba2,a100_sxm4_80gb,ssm_chunked,4096,32,68,62.96,512,8,8,7168,False,18.82624053955078,0.00490973224785003,1975522560,1879048192,204.745,2039.0,10.041,True,ok
zamba2,a100_sxm4_80gb,ssm_chunked,4096,32,81,75.0,512,8,8,7168,False,16.251904487609863,0.005546872417714446,1975522560,1879048192,237.177,2039.0,11.632,True,ok
zamba2,a100_sxm4_80gb,ssm_chunked,4096,32,94,87.04,512,8,8,7168,False,14.692863941192627,0.007496936186200633,1975522560,1879048192,262.343,2039.0,12.866,True,ok
zamba2,a100_sxm4_80gb,ssm_chunked,4096,32,108,100.0,512,8,8,7168,False,13.343231678009033,0.009400664105092507,1975522560,1879048192,288.878,2039.0,14.168,True,ok
zamba2,a100_sxm4_80gb,ssm_chunked,8192,1,14,12.96,512,16,16,224,False,8.009727954864502,0.017108987475971858,123480576,117440512,30.079,2039.0,1.475,True,ok
zamba2,a100_sxm4_80gb,ssm_chunked,8192,1,27,25.0,512,16,16,224,False,7.84281587600708,0.02144267497559975,123480576,117440512,30.719,2039.0,1.507,True,ok
zamba2,a100_sxm4_80gb,ssm_chunked,8192,1,40,37.04,512,16,16,224,False,7.8054399490356445,0.024049917094945573,123480576,117440512,30.866,2039.0,1.514,True,ok
zamba2,a100_sxm4_80gb,ssm_chunked,8192,1,54,50.0,512,16,16,224,False,7.789056062698364,0.019885699522408554,123480576,117440512,30.931,2039.0,1.517,True,ok
zamba2,a100_sxm4_80gb,ssm_chunked,8192,1,68,62.96,512,16,16,224,False,7.7557761669158936,0.03102867363591431,123480576,117440512,31.063,2039.0,1.523,True,ok
zamba2,a100_sxm4_80gb,ssm_chunked,8192,1,81,75.0,512,16,16,224,False,7.759360074996948,0.03389374023795874,123480576,117440512,31.049,2039.0,1.523,True,ok
zamba2,a100_sxm4_80gb,ssm_chunked,8192,1,94,87.04,512,16,16,224,False,7.8197760581970215,0.029474301467876267,123480576,117440512,30.809,2039.0,1.511,True,ok
zamba2,a100_sxm4_80gb,ssm_chunked,8192,1,108,100.0,512,16,16,224,False,7.759872198104858,0.022595318576857846,123480576,117440512,31.047,2039.0,1.523,True,ok
zamba2,a100_sxm4_80gb,ssm_chunked,8192,4,14,12.96,512,16,16,896,False,21.513728141784668,0.02972140149959869,493890048,469762048,44.792,2039.0,2.197,True,ok
zamba2,a100_sxm4_80gb,ssm_chunked,8192,4,27,25.0,512,16,16,896,False,11.362304210662842,0.008026236995566836,493890048,469762048,84.811,2039.0,4.159,True,ok
zamba2,a100_sxm4_80gb,ssm_chunked,8192,4,40,37.04,512,16,16,896,False,8.35686445236206,0.00814123296675036,493890048,469762048,115.313,2039.0,5.655,True,ok
zamba2,a100_sxm4_80gb,ssm_chunked,8192,4,54,50.0,512,16,16,896,False,8.0414719581604,0.02980565552802458,493890048,469762048,119.835,2039.0,5.877,True,ok
zamba2,a100_sxm4_80gb,ssm_chunked,8192,4,68,62.96,512,16,16,896,False,8.00716781616211,0.03024137233950836,493890048,469762048,120.349,2039.0,5.902,True,ok
zamba2,a100_sxm4_80gb,ssm_chunked,8192,4,81,75.0,512,16,16,896,False,7.934463977813721,0.045164600188309215,493890048,469762048,121.451,2039.0,5.956,True,ok
zamba2,a100_sxm4_80gb,ssm_chunked,8192,4,94,87.04,512,16,16,896,False,8.016895771026611,0.026868802504134884,493890048,469762048,120.203,2039.0,5.895,True,ok
zamba2,a100_sxm4_80gb,ssm_chunked,8192,4,108,100.0,512,16,16,896,False,7.895039796829224,0.027143154690502422,493890048,469762048,122.058,2039.0,5.986,True,ok
zamba2,a100_sxm4_80gb,ssm_chunked,8192,8,14,12.96,512,16,16,1792,False,42.03468704223633,0.006444466372081812,987769344,939524096,45.85,2039.0,2.249,True,ok
zamba2,a100_sxm4_80gb,ssm_chunked,8192,8,27,25.0,512,16,16,1792,False,21.65503978729248,0.00854638369342373,987769344,939524096,89.0,2039.0,4.365,True,ok
zamba2,a100_sxm4_80gb,ssm_chunked,8192,8,40,37.04,512,16,16,1792,False,15.68614387512207,0.008668194591073203,987769344,939524096,122.866,2039.0,6.026,True,ok
zamba2,a100_sxm4_80gb,ssm_chunked,8192,8,54,50.0,512,16,16,1792,False,12.104703903198242,0.009265661304176252,987769344,939524096,159.219,2039.0,7.809,True,ok
zamba2,a100_sxm4_80gb,ssm_chunked,8192,8,68,62.96,512,16,16,1792,False,10.040832042694092,0.007844135556469718,987769344,939524096,191.946,2039.0,9.414,True,ok
zamba2,a100_sxm4_80gb,ssm_chunked,8192,8,81,75.0,512,16,16,1792,False,8.747519969940186,0.005571235910222386,987769344,939524096,220.325,2039.0,10.806,True,ok
zamba2,a100_sxm4_80gb,ssm_chunked,8192,8,94,87.04,512,16,16,1792,False,8.160768032073975,0.021025916261933425,987769344,939524096,236.166,2039.0,11.582,True,ok
zamba2,a100_sxm4_80gb,ssm_chunked,8192,8,108,100.0,512,16,16,1792,False,8.022015571594238,0.027130365919877074,987769344,939524096,240.251,2039.0,11.783,True,ok
zamba2,a100_sxm4_80gb,ssm_chunked,8192,16,14,12.96,512,16,16,3584,False,83.34080123901367,0.009904433761789478,1975527936,1879048192,46.251,2039.0,2.268,True,ok
zamba2,a100_sxm4_80gb,ssm_chunked,8192,16,27,25.0,512,16,16,3584,False,42.427391052246094,0.004630152857614935,1975527936,1879048192,90.851,2039.0,4.456,True,ok
zamba2,a100_sxm4_80gb,ssm_chunked,8192,16,40,37.04,512,16,16,3584,False,30.333951950073242,0.003553924695577827,1975527936,1879048192,127.071,2039.0,6.232,True,ok
zamba2,a100_sxm4_80gb,ssm_chunked,8192,16,54,50.0,512,16,16,3584,False,23.129088401794434,0.006335388432184387,1975527936,1879048192,166.655,2039.0,8.173,True,ok
zamba2,a100_sxm4_80gb,ssm_chunked,8192,16,68,62.96,512,16,16,3584,False,19.01516819000244,0.010880237674046332,1975527936,1879048192,202.711,2039.0,9.942,True,ok
zamba2,a100_sxm4_80gb,ssm_chunked,8192,16,81,75.0,512,16,16,3584,False,16.416255950927734,0.011506371813017436,1975527936,1879048192,234.802,2039.0,11.516,True,ok
zamba2,a100_sxm4_80gb,ssm_chunked,8192,16,94,87.04,512,16,16,3584,False,14.812672138214111,0.015281608183308428,1975527936,1879048192,260.222,2039.0,12.762,True,ok
zamba2,a100_sxm4_80gb,ssm_chunked,8192,16,108,100.0,512,16,16,3584,False,13.404160022735596,0.0062800008526276594,1975527936,1879048192,287.566,2039.0,14.103,True,ok
zamba2,a100_sxm4_80gb,ssm_chunked,8192,32,14,12.96,512,16,16,7168,False,166.58432006835938,0.02672837073177235,3951045120,3758096384,46.278,2039.0,2.27,True,ok
zamba2,a100_sxm4_80gb,ssm_chunked,8192,32,27,25.0,512,16,16,7168,False,84.53887939453125,0.009538053431040607,3951045120,3758096384,91.19,2039.0,4.472,True,ok
zamba2,a100_sxm4_80gb,ssm_chunked,8192,32,40,37.04,512,16,16,7168,False,60.19276809692383,0.13449640713396627,3951045120,3758096384,128.074,2039.0,6.281,True,ok
zamba2,a100_sxm4_80gb,ssm_chunked,8192,32,54,50.0,512,16,16,7168,False,45.64735984802246,0.016794633820762225,3951045120,3758096384,168.885,2039.0,8.283,True,ok
zamba2,a100_sxm4_80gb,ssm_chunked,8192,32,68,62.96,512,16,16,7168,False,37.42003059387207,0.01079368841097797,3951045120,3758096384,206.016,2039.0,10.104,True,ok
zamba2,a100_sxm4_80gb,ssm_chunked,8192,32,81,75.0,512,16,16,7168,False,32.28211212158203,0.010858211020722423,3951045120,3758096384,238.805,2039.0,11.712,True,ok
zamba2,a100_sxm4_80gb,ssm_chunked,8192,32,94,87.04,512,16,16,7168,False,29.14560031890869,0.04809752444608407,3951045120,3758096384,264.504,2039.0,12.972,True,ok
zamba2,a100_sxm4_80gb,ssm_chunked,8192,32,108,100.0,512,16,16,7168,False,26.452991485595703,0.006975451571598882,3951045120,3758096384,291.428,2039.0,14.293,True,ok
