sm_count,sm_ratio,seq_len,batch_size,context_len,latency_ms,latency_p99_ms,achieved_bandwidth_GBs,theoretical_bw_GBs,bw_utilization_pct,model_name,layer_type,error
14,0.12962962962962962,512,1,4096,6.284287929534912,6.294691848754883,61.90386251585877,1000.0,6.190386251585877,zamba2,attn,
14,0.12962962962962962,512,4,4096,24.754175186157227,24.766494941711425,37.95416688031646,1000.0,3.795416688031646,zamba2,attn,
14,0.12962962962962962,512,16,4096,98.16063690185547,98.19751235961914,32.00400685196265,1000.0,3.2004006851962647,zamba2,attn,
14,0.12962962962962962,512,32,4096,196.23885345458984,196.30803985595702,30.970148821249403,1000.0,3.09701488212494,zamba2,attn,
14,0.12962962962962962,1024,1,4096,10.552319526672363,10.571786623001099,43.12625132793989,1000.0,4.312625132793989,zamba2,attn,
14,0.12962962962962962,1024,4,4096,41.589759826660156,41.61846183776856,28.943789361061764,1000.0,2.8943789361061767,zamba2,attn,
14,0.12962962962962962,1024,16,4096,166.0825653076172,166.1430976867676,25.27958486324898,1000.0,2.527958486324898,zamba2,attn,
14,0.12962962962962962,1024,32,4096,331.9664611816406,332.0576483154297,24.675612358074652,1000.0,2.4675612358074654,zamba2,attn,
14,0.12962962962962962,2048,1,4096,21.06470489501953,21.098577404022215,27.87613512396446,1000.0,2.787613512396446,zamba2,attn,
14,0.12962962962962962,2048,4,4096,83.24044799804688,83.28089904785156,20.810166135105913,1000.0,2.081016613510591,zamba2,attn,
14,0.12962962962962962,2048,16,4096,332.47386169433594,332.5688494873047,18.98623695658641,1000.0,1.898623695658641,zamba2,attn,
14,0.12962962962962962,2048,32,4096,664.7720947265625,664.966187133789,18.682093069969167,1000.0,1.8682093069969166,zamba2,attn,
14,0.12962962962962962,4096,1,4096,49.496063232421875,49.553409576416016,17.202251177064742,1000.0,1.7202251177064742,zamba2,attn,
14,0.12962962962962962,4096,4,4096,197.3975067138672,197.47029663085937,14.129925987581167,1000.0,1.4129925987581167,zamba2,attn,
14,0.12962962962962962,4096,16,4096,788.8532409667969,789.0709436035156,13.36152962885988,1000.0,1.336152962885988,zamba2,attn,
14,0.12962962962962962,4096,32,4096,1577.4146728515625,1577.7241943359375,13.23371169754827,1000.0,1.323371169754827,zamba2,attn,
14,0.12962962962962962,8192,1,4096,137.9921875,138.09160415649413,10.000030008945252,1000.0,1.0000030008945253,zamba2,attn,
14,0.12962962962962962,8192,4,4096,550.9765014648438,551.0903436279297,8.899002703317384,1000.0,0.8899002703317385,zamba2,attn,
14,0.12962962962962962,8192,16,4096,2203.253662109375,2203.5526171875,8.621795639188182,1000.0,0.8621795639188181,zamba2,attn,
14,0.12962962962962962,8192,32,4096,4328.01904296875,4328.547568359375,8.730665082767482,1000.0,0.8730665082767483,zamba2,attn,
14,0.12962962962962962,16384,1,4096,439.7782897949219,439.89211120605466,5.541179909395652,1000.0,0.5541179909395652,zamba2,attn,
14,0.12962962962962962,16384,4,4096,1757.1573486328125,1757.3786120605469,5.1964610995734315,1000.0,0.5196461099573432,zamba2,attn,
14,0.12962962962962962,16384,16,4096,6957.9765625,6958.645048828125,5.160614759400463,1000.0,0.5160614759400464,zamba2,attn,
14,0.12962962962962962,16384,32,4096,,,,,,zamba2,attn,OOM
27,0.25,512,1,4096,3.2092161178588867,3.219466197490692,121.22016147031758,1000.0,12.122016147031758,zamba2,attn,
27,0.25,512,4,4096,12.552703857421875,12.56550407409668,74.84635236132809,1000.0,7.484635236132808,zamba2,attn,
27,0.25,512,16,4096,49.670143127441406,49.68654773712158,63.24792920245056,1000.0,6.324792920245055,zamba2,attn,
27,0.25,512,32,4096,99.26553344726562,99.28708168029785,61.2251431583619,1000.0,6.12251431583619,zamba2,attn,
27,0.25,1024,1,4096,5.351424217224121,5.367807865142822,85.03941484124373,1000.0,8.503941484124372,zamba2,attn,
27,0.25,1024,4,4096,20.937728881835938,20.95620056152344,57.49263708559623,1000.0,5.749263708559623,zamba2,attn,
27,0.25,1024,16,4096,83.46316528320312,83.4836604309082,50.303607462691616,1000.0,5.030360746269161,zamba2,attn,
27,0.25,1024,32,4096,166.80242919921875,166.83970397949219,49.10885141976318,1000.0,4.910885141976317,zamba2,attn,
27,0.25,2048,1,4096,10.690560340881348,10.721280097961426,54.927201313714306,1000.0,5.4927201313714304,zamba2,attn,
27,0.25,2048,4,4096,42.01472091674805,42.050559997558594,41.22953846182722,1000.0,4.122953846182722,zamba2,attn,
27,0.25,2048,16,4096,167.6195831298828,167.66984619140624,37.65924841316847,1000.0,3.765924841316847,zamba2,attn,
27,0.25,2048,32,4096,335.1751708984375,335.27710998535156,37.05326415053346,1000.0,3.705326415053346,zamba2,attn,
27,0.25,4096,1,4096,25.050111770629883,25.097318058013915,33.98961728379508,1000.0,3.3989617283795077,zamba2,attn,
27,0.25,4096,4,4096,99.49798583984375,99.54623497009277,28.032850478899505,1000.0,2.8032850478899505,zamba2,attn,
27,0.25,4096,16,4096,397.36473083496094,397.47297271728513,26.525469258059893,1000.0,2.6525469258059893,zamba2,attn,
27,0.25,4096,32,4096,794.4755249023438,794.6578784179687,26.275260034682557,1000.0,2.6275260034682555,zamba2,attn,
27,0.25,8192,1,4096,69.49273681640625,69.58493324279785,19.85712578345625,1000.0,1.985712578345625,zamba2,attn,
27,0.25,8192,4,4096,276.8686065673828,276.96040924072264,17.70927168951782,1000.0,1.770927168951782,zamba2,attn,
27,0.25,8192,16,4096,1106.6869506835938,1106.87451171875,17.164748174057973,1000.0,1.7164748174057973,zamba2,attn,
27,0.25,8192,32,4096,2170.2117919921875,2170.557956542969,17.41142725121458,1000.0,1.741142725121458,zamba2,attn,
27,0.25,16384,1,4096,220.87986755371094,221.00386108398436,11.03265159921117,1000.0,1.103265159921117,zamba2,attn,
27,0.25,16384,4,4096,881.7305297851562,881.8903302001953,10.355771405834018,1000.0,1.0355771405834018,zamba2,attn,
27,0.25,16384,16,4096,3487.446044921875,3487.859865722656,10.296198444786087,1000.0,1.0296198444786087,zamba2,attn,
27,0.25,16384,32,4096,,,,,,zamba2,attn,OOM
40,0.37037037037037035,512,1,4096,2.4596478939056396,2.4678706765174865,158.16153887875308,1000.0,15.81615388787531,zamba2,attn,
40,0.37037037037037035,512,4,4096,9.454591751098633,9.465937519073487,99.37225432190938,1000.0,9.937225432190939,zamba2,attn,
40,0.37037037037037035,512,16,4096,36.43084716796875,36.45133850097656,86.23279281746004,1000.0,8.623279281746003,zamba2,attn,
40,0.37037037037037035,512,32,4096,72.60620880126953,72.6261954498291,83.70560309290978,1000.0,8.370560309290978,zamba2,attn,
40,0.37037037037037035,1024,1,4096,3.949568033218384,3.9659621596336363,115.22322952091737,1000.0,11.522322952091738,zamba2,attn,
40,0.37037037037037035,1024,4,4096,15.130623817443848,15.148052663803101,79.55820345042211,1000.0,7.955820345042211,zamba2,attn,
40,0.37037037037037035,1024,16,4096,59.224063873291016,59.2722208404541,70.89176306750282,1000.0,7.089176306750282,zamba2,attn,
40,0.37037037037037035,1024,32,4096,118.40409851074219,118.44188529968261,69.18236627811352,1000.0,6.918236627811352,zamba2,attn,
40,0.37037037037037035,2048,1,4096,7.84281587600708,7.873536109924316,74.87139431596034,1000.0,7.4871394315960345,zamba2,attn,
40,0.37037037037037035,2048,4,4096,29.79840087890625,29.83835741043091,58.132231962361004,1000.0,5.8132231962361,zamba2,attn,
40,0.37037037037037035,2048,16,4096,118.3825912475586,118.42668197631836,53.32226177411184,1000.0,5.332226177411184,zamba2,attn,
40,0.37037037037037035,2048,32,4096,236.41548919677734,236.47335311889648,52.53181247216391,1000.0,5.253181247216391,zamba2,attn,
40,0.37037037037037035,4096,1,4096,17.937408447265625,17.994763107299804,47.46748754164618,1000.0,4.746748754164618,zamba2,attn,
40,0.37037037037037035,4096,4,4096,70.05593872070312,70.1214956665039,39.81407159669855,1000.0,3.9814071596698546,zamba2,attn,
40,0.37037037037037035,4096,16,4096,279.2376403808594,279.30115783691406,37.746651696468405,1000.0,3.7746651696468403,zamba2,attn,
40,0.37037037037037035,4096,32,4096,557.823974609375,558.0452276611328,37.4222908268116,1000.0,3.7422290826811597,zamba2,attn,
40,0.37037037037037035,8192,1,4096,49.09465789794922,49.19510974884033,28.107457615213207,1000.0,2.8107457615213205,zamba2,attn,
40,0.37037037037037035,8192,4,4096,194.97882080078125,195.08765350341798,25.147046001523226,1000.0,2.5147046001523226,zamba2,attn,
40,0.37037037037037035,8192,16,4096,778.4012756347656,778.5833758544921,24.403869071911867,1000.0,2.440386907191187,zamba2,attn,
40,0.37037037037037035,8192,32,4096,1523.8773803710938,1524.1536584472656,24.796276408275222,1000.0,2.479627640827522,zamba2,attn,
40,0.37037037037037035,16384,1,4096,155.7386245727539,155.86724411010744,15.64731055436795,1000.0,1.5647310554367948,zamba2,attn,
40,0.37037037037037035,16384,4,4096,620.6274719238281,620.8522540283203,14.712529208053944,1000.0,1.4712529208053944,zamba2,attn,
40,0.37037037037037035,16384,16,4096,2448.132568359375,2449.4447998046876,14.66727619577542,1000.0,1.466727619577542,zamba2,attn,
40,0.37037037037037035,16384,32,4096,,,,,,zamba2,attn,OOM
54,0.5,512,1,4096,2.0454400777816772,2.058260416984558,190.1897299391445,1000.0,19.018972993914453,zamba2,attn,
54,0.5,512,4,4096,7.012351989746094,7.069716429710388,133.98130860713093,1000.0,13.398130860713092,zamba2,attn,
54,0.5,512,16,4096,26.96294403076172,26.978314151763914,116.51300734874722,1000.0,11.651300734874722,zamba2,attn,
54,0.5,512,32,4096,53.59308624267578,53.615646553039554,113.40168895070079,1000.0,11.340168895070079,zamba2,attn,
54,0.5,1024,1,4096,3.1283199787139893,3.1498546242713927,145.47168675087966,1000.0,14.547168675087965,zamba2,attn,
54,0.5,1024,4,4096,11.175935745239258,11.193344116210938,107.7104660800132,1000.0,10.77104660800132,zamba2,attn,
54,0.5,1024,16,4096,43.78112030029297,43.79857799530029,95.89746162735595,1000.0,9.589746162735596,zamba2,attn,
54,0.5,1024,32,4096,87.03282928466797,87.06359382629394,94.1193774731513,1000.0,9.41193774731513,zamba2,attn,
54,0.5,2048,1,4096,5.871615886688232,5.895280470848084,100.00697786298822,1000.0,10.000697786298822,zamba2,attn,
54,0.5,2048,4,4096,22.192127227783203,22.220913028717042,78.05685026135443,1000.0,7.805685026135442,zamba2,attn,
54,0.5,2048,16,4096,87.39839935302734,87.4311880493164,72.22589391485631,1000.0,7.222589391485632,zamba2,attn,
54,0.5,2048,32,4096,174.4691162109375,174.52956146240234,71.18356769220242,1000.0,7.118356769220241,zamba2,attn,
54,0.5,4096,1,4096,13.393919944763184,13.45028109550476,63.56941922240632,1000.0,6.356941922240631,zamba2,attn,
54,0.5,4096,4,4096,52.227073669433594,52.28653636932373,53.40548424470533,1000.0,5.340548424470533,zamba2,attn,
54,0.5,4096,16,4096,207.2289276123047,207.3016357421875,50.863004858662144,1000.0,5.086300485866214,zamba2,attn,
54,0.5,4096,32,4096,414.087158203125,414.17937255859374,50.412215386211074,1000.0,5.041221538621107,zamba2,attn,
54,0.5,8192,1,4096,36.72729682922363,36.819999885559085,37.57221835346192,1000.0,3.7572218353461926,zamba2,attn,
54,0.5,8192,4,4096,144.70706939697266,144.81205780029296,33.88321936469661,1000.0,3.3883219364696604,zamba2,attn,
54,0.5,8192,16,4096,577.2733459472656,577.4265240478516,32.90642630455919,1000.0,3.290642630455919,zamba2,attn,
54,0.5,8192,32,4096,1130.6234741210938,1130.9980993652343,33.42092712640153,1000.0,3.342092712640153,zamba2,attn,
54,0.5,16384,1,4096,116.04735946655273,116.18110473632812,20.9991044621947,1000.0,2.09991044621947,zamba2,attn,
54,0.5,16384,4,4096,461.15277099609375,461.362438659668,19.800379358616812,1000.0,1.9800379358616813,zamba2,attn,
54,0.5,16384,16,4096,1819.4790649414062,1819.7233715820312,19.735009451816005,1000.0,1.9735009451816006,zamba2,attn,
54,0.5,16384,32,4096,,,,,,zamba2,attn,OOM
68,0.6296296296296297,512,1,4096,1.6783360242843628,1.686527967453003,231.79011257050124,1000.0,23.179011257050124,zamba2,attn,
68,0.6296296296296297,512,4,4096,6.120959997177124,6.131711959838867,153.49293189847532,1000.0,15.349293189847533,zamba2,attn,
68,0.6296296296296297,512,16,4096,23.8417911529541,23.861248016357422,131.7658424170346,1000.0,13.176584241703459,zamba2,attn,
68,0.6296296296296297,512,32,4096,47.18387222290039,47.20231506347656,128.805589911934,1000.0,12.8805589911934,zamba2,attn,
68,0.6296296296296297,1024,1,4096,2.642944097518921,2.65834493637085,172.18751786207315,1000.0,17.218751786207314,zamba2,attn,
68,0.6296296296296297,1024,4,4096,9.506815910339355,9.522175788879395,126.62128512353095,1000.0,12.662128512353096,zamba2,attn,
68,0.6296296296296297,1024,16,4096,36.7902717590332,36.808714599609374,114.1197958933025,1000.0,11.41197958933025,zamba2,attn,
68,0.6296296296296297,1024,32,4096,73.27027130126953,73.7096257019043,111.79808081122896,1000.0,11.179808081122895,zamba2,attn,
68,0.6296296296296297,2048,1,4096,4.685823917388916,4.7371159934997555,125.31468752398345,1000.0,12.531468752398345,zamba2,attn,
68,0.6296296296296297,2048,4,4096,17.894399642944336,17.92615388870239,96.80389320482266,1000.0,9.680389320482266,zamba2,attn,
68,0.6296296296296297,2048,16,4096,70.52851104736328,70.86081192016601,89.50178341012902,1000.0,8.9501783410129,zamba2,attn,
68,0.6296296296296297,2048,32,4096,141.0319366455078,141.16891662597655,88.06043821986745,1000.0,8.806043821986744,zamba2,attn,
68,0.6296296296296297,4096,1,4096,10.916864395141602,10.974238595962525,77.99343118880574,1000.0,7.799343118880573,zamba2,attn,
68,0.6296296296296297,4096,4,4096,42.012672424316406,42.065932006835936,66.38978191698271,1000.0,6.63897819169827,zamba2,attn,
68,0.6296296296296297,4096,16,4096,168.58522033691406,168.85423934936523,62.52200478153101,1000.0,6.252200478153101,zamba2,attn,
68,0.6296296296296297,4096,32,4096,335.8955535888672,336.52327117919924,62.147446683830935,1000.0,6.214744668383094,zamba2,attn,
68,0.6296296296296297,8192,1,4096,29.654016494750977,29.766871910095215,46.53420275274545,1000.0,4.653420275274545,zamba2,attn,
68,0.6296296296296297,8192,4,4096,116.39398193359375,117.25633842468261,42.12538564749326,1000.0,4.212538564749326,zamba2,attn,
68,0.6296296296296297,8192,16,4096,465.63841247558594,466.1271685791016,40.79560944082547,1000.0,4.079560944082547,zamba2,attn,
68,0.6296296296296297,8192,32,4096,904.4653930664062,905.2428942871094,41.777700977472,1000.0,4.1777700977472,zamba2,attn,
68,0.6296296296296297,16384,1,4096,93.48966217041016,93.67557304382325,26.06588330117301,1000.0,2.606588330117301,zamba2,attn,
68,0.6296296296296297,16384,4,4096,372.64588928222656,373.1100378417969,24.50315452449432,1000.0,2.450315452449432,zamba2,attn,
68,0.6296296296296297,16384,16,4096,1461.3232421875,1461.981446533203,24.5718643947995,1000.0,2.4571864394799503,zamba2,attn,
68,0.6296296296296297,16384,32,4096,,,,,,zamba2,attn,OOM
81,0.75,512,1,4096,1.6588799953460693,2.006046736240387,234.50864263321455,1000.0,23.450864263321456,zamba2,attn,
81,0.75,512,4,4096,5.683199882507324,5.693439960479736,165.31603945372746,1000.0,16.531603945372744,zamba2,attn,
81,0.75,512,16,4096,21.699583053588867,21.713951301574706,144.77391976803102,1000.0,14.477391976803103,zamba2,attn,
81,0.75,512,32,4096,43.30803298950195,43.561808776855464,140.33300698448303,1000.0,14.033300698448304,zamba2,attn,
81,0.75,1024,1,4096,2.222591996192932,2.2405630946159363,204.75282228115094,1000.0,20.475282228115095,zamba2,attn,
81,0.75,1024,4,4096,8.273920059204102,8.291338663101197,145.4891078698426,1000.0,14.548910786984258,zamba2,attn,
81,0.75,1024,16,4096,32.753662109375,32.95649898529053,128.18408793434656,1000.0,12.818408793434658,zamba2,attn,
81,0.75,1024,32,4096,65.9793930053711,66.48338439941406,124.15203200388899,1000.0,12.4152032003889,zamba2,attn,
81,0.75,2048,1,4096,4.064256191253662,4.1083185338974,144.47971101419947,1000.0,14.447971101419945,zamba2,attn,
81,0.75,2048,4,4096,15.188479900360107,15.359068517684937,114.05009345003181,1000.0,11.405009345003181,zamba2,attn,
81,0.75,2048,16,4096,61.05036735534668,61.552813110351565,103.39704400561922,1000.0,10.339704400561923,zamba2,attn,
81,0.75,2048,32,4096,122.7694091796875,123.29217277526855,101.15984288743168,1000.0,10.115984288743169,zamba2,attn,
81,0.75,4096,1,4096,9.144319534301758,9.1975679397583,93.11176286065934,1000.0,9.311176286065933,zamba2,attn,
81,0.75,4096,4,4096,35.732479095458984,36.067585411071775,78.05817649955509,1000.0,7.805817649955508,zamba2,attn,
81,0.75,4096,16,4096,143.60063934326172,144.0375717163086,73.39999320479758,1000.0,7.339999320479758,zamba2,attn,
81,0.75,4096,32,4096,286.34521484375,287.3416650390625,72.90169322155738,1000.0,7.290169322155739,zamba2,attn,
81,0.75,8192,1,4096,25.066495895385742,25.38932149887085,55.05061504244866,1000.0,5.505061504244866,zamba2,attn,
81,0.75,8192,4,4096,99.65517044067383,100.38262016296386,49.201073605296884,1000.0,4.920107360529689,zamba2,attn,
81,0.75,8192,16,4096,397.8680419921875,399.19944427490236,47.744480106730975,1000.0,4.7744480106730975,zamba2,attn,
81,0.75,8192,32,4096,769.1448364257812,770.8941674804687,49.127918366577,1000.0,4.9127918366577,zamba2,attn,
81,0.75,16384,1,4096,80.58163070678711,81.07838264465332,30.241267179949848,1000.0,3.024126717994985,zamba2,attn,
81,0.75,16384,4,4096,320.16383361816406,321.15836029052736,28.519772845079917,1000.0,2.8519772845079916,zamba2,attn,
81,0.75,16384,16,4096,1256.05322265625,1257.4075634765625,28.587511975061393,1000.0,2.8587511975061393,zamba2,attn,
81,0.75,16384,32,4096,,,,,,zamba2,attn,OOM
94,0.8703703703703703,512,1,4096,1.5882240533828735,1.5964774370193482,244.94131994248195,1000.0,24.494131994248196,zamba2,attn,
94,0.8703703703703703,512,4,4096,5.272575855255127,5.3217589473724365,178.19072153577176,1000.0,17.819072153577174,zamba2,attn,
94,0.8703703703703703,512,16,4096,20.731903076171875,20.746261081695557,151.53137097243663,1000.0,15.153137097243663,zamba2,attn,
94,0.8703703703703703,512,32,4096,41.14892768859863,41.941635589599606,147.69635170065297,1000.0,14.769635170065296,zamba2,attn,
94,0.8703703703703703,1024,1,4096,2.184191942214966,2.2016205549240113,208.35256059891245,1000.0,20.835256059891243,zamba2,attn,
94,0.8703703703703703,1024,4,4096,7.679999828338623,7.698442211151123,156.74027017008473,1000.0,15.674027017008473,zamba2,attn,
94,0.8703703703703703,1024,16,4096,30.717440605163574,31.042642498016356,136.6812540786434,1000.0,13.66812540786434,zamba2,attn,
94,0.8703703703703703,1024,32,4096,61.75436782836914,62.158868293762204,132.64609452024777,1000.0,13.264609452024779,zamba2,attn,
94,0.8703703703703703,2048,1,4096,3.6229119300842285,3.724287986755371,162.0802744676016,1000.0,16.208027446760163,zamba2,attn,
94,0.8703703703703703,2048,4,4096,14.107647895812988,14.347315483093261,122.78783570393149,1000.0,12.27878357039315,zamba2,attn,
94,0.8703703703703703,2048,16,4096,55.94265556335449,56.496169052124024,112.8374664454611,1000.0,11.283746644546111,zamba2,attn,
94,0.8703703703703703,2048,32,4096,112.46745681762695,113.24307708740234,110.42602451781879,1000.0,11.042602451781878,zamba2,attn,
94,0.8703703703703703,4096,1,4096,8.270848274230957,8.38050807952881,102.94514949002244,1000.0,10.294514949002243,zamba2,attn,
94,0.8703703703703703,4096,4,4096,32.33996772766113,32.582050552368166,86.24659688866423,1000.0,8.624659688866423,zamba2,attn,
94,0.8703703703703703,4096,16,4096,129.0096664428711,129.78070541381837,81.70152084431221,1000.0,8.170152084431221,zamba2,attn,
94,0.8703703703703703,4096,32,4096,258.2179870605469,258.93466796875,80.84274548660788,1000.0,8.084274548660789,zamba2,attn,
94,0.8703703703703703,8192,1,4096,22.785536766052246,23.064780006408693,60.56148820052932,1000.0,6.056148820052932,zamba2,attn,
94,0.8703703703703703,8192,4,4096,89.55801773071289,90.40375885009766,54.74821239057554,1000.0,5.474821239057555,zamba2,attn,
94,0.8703703703703703,8192,16,4096,358.3114318847656,360.28724884033204,53.015341196563305,1000.0,5.30153411965633,zamba2,attn,
94,0.8703703703703703,8192,32,4096,695.96875,698.1171331787109,54.293364085671946,1000.0,5.4293364085671945,zamba2,attn,
94,0.8703703703703703,16384,1,4096,73.85907363891602,74.54453804016113,32.99378808775112,1000.0,3.299378808775112,zamba2,attn,
94,0.8703703703703703,16384,4,4096,292.96998596191406,293.6976153564453,31.16701452546414,1000.0,3.116701452546414,zamba2,attn,
94,0.8703703703703703,16384,16,4096,1149.8460083007812,1151.6840197753907,31.228039480750354,1000.0,3.1228039480750356,zamba2,attn,
94,0.8703703703703703,16384,32,4096,,,,,,zamba2,attn,OOM
108,1.0,512,1,4096,1.2789759635925293,1.533951997756958,304.1665418850193,1000.0,30.41665418850193,zamba2,attn,
108,1.0,512,4,4096,4.05401611328125,4.086794128417969,231.75144591114253,1000.0,23.175144591114254,zamba2,attn,
108,1.0,512,16,4096,15.251456260681152,15.404041996002197,205.9825397853316,1000.0,20.598253978533158,zamba2,attn,
108,1.0,512,32,4096,30.433279991149902,30.71728687286377,199.7006730055837,1000.0,19.97006730055837,zamba2,attn,
108,1.0,1024,1,4096,1.8718719482421875,1.8934886324405669,243.11598046402284,1000.0,24.31159804640228,zamba2,attn,
108,1.0,1024,4,4096,6.388735771179199,6.511636705398559,188.41994584130617,1000.0,18.841994584130617,zamba2,attn,
108,1.0,1024,16,4096,24.71731185913086,25.2273872756958,169.86063565197227,1000.0,16.986063565197227,zamba2,attn,
108,1.0,1024,32,4096,49.48121643066406,49.99483291625977,165.54717735119488,1000.0,16.554717735119485,zamba2,attn,
108,1.0,2048,1,4096,3.3720319271087646,3.501127636432648,174.13908666739025,1000.0,17.413908666739026,zamba2,attn,
108,1.0,2048,4,4096,12.33407974243164,12.485713863372803,140.44400459328398,1000.0,14.044400459328399,zamba2,attn,
108,1.0,2048,16,4096,48.670719146728516,49.06985618591308,129.69661493946305,1000.0,12.969661493946305,zamba2,attn,
108,1.0,2048,32,4096,97.15456008911133,97.97355850219726,127.83068682117276,1000.0,12.783068682117277,zamba2,attn,
108,1.0,4096,1,4096,7.613951921463013,7.7212263774871825,111.8267781019027,1000.0,11.18267781019027,zamba2,attn,
108,1.0,4096,4,4096,29.159423828125,29.560943717956544,95.65388453628273,1000.0,9.565388453628273,zamba2,attn,
108,1.0,4096,16,4096,116.39756774902344,117.16652191162109,90.55417699729753,1000.0,9.055417699729754,zamba2,attn,
108,1.0,4096,32,4096,232.36300659179688,233.4835478210449,89.83809993762128,1000.0,8.983809993762128,zamba2,attn,
108,1.0,8192,1,4096,20.68838405609131,21.366149921417236,66.70052200590825,1000.0,6.670052200590826,zamba2,attn,
108,1.0,8192,4,4096,81.74028778076172,82.73867622375488,59.984390918109746,1000.0,5.998439091810974,zamba2,attn,
108,1.0,8192,16,4096,326.677490234375,328.0324105834961,58.14910235281686,1000.0,5.814910235281686,zamba2,attn,
108,1.0,8192,32,4096,636.16357421875,638.2741876220703,59.39743529390887,1000.0,5.939743529390887,zamba2,attn,
108,1.0,16384,1,4096,68.21478271484375,69.07019287109375,35.72379075349198,1000.0,3.572379075349198,zamba2,attn,
108,1.0,16384,4,4096,271.0256652832031,272.824709777832,33.690535538244085,1000.0,3.369053553824408,zamba2,attn,
108,1.0,16384,16,4096,1071.415283203125,1073.0377014160156,33.51402309350152,1000.0,3.3514023093501524,zamba2,attn,
108,1.0,16384,32,4096,,,,,,zamba2,attn,OOM
