model,device,seq_len,batch_size,sm_count,sm_ratio_pct,prefill_chunk_tokens,n_kernel_calls,n_blocks_per_call,cooperative_safe,latency_ms,latency_std_ms
falcon_h1,a100-80gb,512,1,14,13.0,256,2,24,False,1.109503984451294,0.01358662210977064
falcon_h1,a100-80gb,512,4,14,13.0,256,2,96,False,1.26310396194458,0.012567381252644054
falcon_h1,a100-80gb,512,16,14,13.0,256,2,384,False,3.080704092979431,0.006513057397287839
falcon_h1,a100-80gb,512,32,14,13.0,256,2,768,False,5.851135969161987,0.005315257738641452
falcon_h1,a100-80gb,1024,1,14,13.0,256,4,24,False,2.0930559635162354,0.017889584769936736
falcon_h1,a100-80gb,1024,4,14,13.0,256,4,96,False,2.234368085861206,0.010925349160164044
falcon_h1,a100-80gb,1024,16,14,13.0,256,4,384,False,5.9212799072265625,0.006407611487439244
falcon_h1,a100-80gb,1024,32,14,13.0,256,4,768,False,11.460607528686523,0.07346214741451451
falcon_h1,a100-80gb,2048,1,14,13.0,256,8,24,False,4.0069122314453125,0.011845789857314045
falcon_h1,a100-80gb,2048,4,14,13.0,256,8,96,False,4.212224006652832,0.020644660068600076
falcon_h1,a100-80gb,2048,16,14,13.0,256,8,384,False,11.597824096679688,0.0071508600665357615
falcon_h1,a100-80gb,2048,32,14,13.0,256,8,768,False,22.68057632446289,0.007205477558445093
falcon_h1,a100-80gb,4096,1,14,13.0,256,16,24,False,7.886847972869873,0.029827950179423145
falcon_h1,a100-80gb,4096,4,14,13.0,256,16,96,False,8.109568119049072,0.027175930554218464
falcon_h1,a100-80gb,4096,16,14,13.0,256,16,384,False,22.95244789123535,0.028299763172363337
falcon_h1,a100-80gb,4096,32,14,13.0,256,16,768,False,45.130239486694336,0.00853246678969727
falcon_h1,a100-80gb,8192,1,14,13.0,256,32,24,False,15.62879991531372,0.05817940876714078
falcon_h1,a100-80gb,8192,4,14,13.0,256,32,96,False,15.839744091033936,0.05480546395039077
falcon_h1,a100-80gb,8192,16,14,13.0,256,32,384,False,45.66528129577637,0.01234315838310626
falcon_h1,a100-80gb,8192,32,14,13.0,256,32,768,False,90.01011276245117,0.07853550187850486
falcon_h1,a100-80gb,512,1,27,25.0,256,2,24,True,1.0787839889526367,0.005504909489950189
falcon_h1,a100-80gb,512,4,27,25.0,256,2,96,False,1.1514880061149597,0.016462373558714022
falcon_h1,a100-80gb,512,16,27,25.0,256,2,384,False,1.7346559762954712,0.005319762304948264
falcon_h1,a100-80gb,512,32,27,25.0,256,2,768,False,3.161087989807129,0.0037141364946377264
falcon_h1,a100-80gb,1024,1,27,25.0,256,4,24,True,2.0643839836120605,0.005801706834960431
falcon_h1,a100-80gb,1024,4,27,25.0,256,4,96,False,2.1468160152435303,0.01214300481455011
falcon_h1,a100-80gb,1024,16,27,25.0,256,4,384,False,3.2327680587768555,0.004789572514528025
falcon_h1,a100-80gb,1024,32,27,25.0,256,4,768,False,6.0840959548950195,0.004691354544892505
falcon_h1,a100-80gb,2048,1,27,25.0,256,8,24,True,4.02892804145813,0.02129022230890964
falcon_h1,a100-80gb,2048,4,27,25.0,256,8,96,False,4.119552135467529,0.020136085894360254
falcon_h1,a100-80gb,2048,16,27,25.0,256,8,384,False,6.228991985321045,0.005222499890929156
falcon_h1,a100-80gb,2048,32,27,25.0,256,8,768,False,11.939840316772461,0.0055555296475886485
falcon_h1,a100-80gb,4096,1,27,25.0,256,16,24,True,7.913984060287476,0.02140382126842622
falcon_h1,a100-80gb,4096,4,27,25.0,256,16,96,False,8.006144046783447,0.11342763605094965
falcon_h1,a100-80gb,4096,16,27,25.0,256,16,384,False,12.211711883544922,0.02888993847256035
falcon_h1,a100-80gb,4096,32,27,25.0,256,16,768,False,23.631360054016113,0.0563882710829297
falcon_h1,a100-80gb,8192,1,27,25.0,256,32,24,True,15.747072219848633,0.06740611908613753
falcon_h1,a100-80gb,8192,4,27,25.0,256,32,96,False,15.657472133636475,0.0295289862008755
falcon_h1,a100-80gb,8192,16,27,25.0,256,32,384,False,24.171008110046387,0.0062340676177519315
falcon_h1,a100-80gb,8192,32,27,25.0,256,32,768,False,47.0200309753418,0.07545442134872803
falcon_h1,a100-80gb,512,1,40,37.0,256,2,24,True,1.0890239477157593,0.00615912151132867
falcon_h1,a100-80gb,512,4,40,37.0,256,2,96,False,1.1263999938964844,0.010358211657943208
falcon_h1,a100-80gb,512,16,40,37.0,256,2,384,False,1.3818880319595337,0.005181090038237888
falcon_h1,a100-80gb,512,32,40,37.0,256,2,768,False,2.4002559185028076,0.004928730121520498
falcon_h1,a100-80gb,1024,1,40,37.0,256,4,24,True,2.076672077178955,0.014287567364178995
falcon_h1,a100-80gb,1024,4,40,37.0,256,4,96,False,2.1498879194259644,0.009824800703392032
falcon_h1,a100-80gb,1024,16,40,37.0,256,4,384,False,2.5052160024642944,0.0052214357402040985
falcon_h1,a100-80gb,1024,32,40,37.0,256,4,768,False,4.561408042907715,0.004429505183175998
falcon_h1,a100-80gb,2048,1,40,37.0,256,8,24,True,4.036607980728149,0.02203359693393529
falcon_h1,a100-80gb,2048,4,40,37.0,256,8,96,False,4.085760116577148,0.015995411379270106
falcon_h1,a100-80gb,2048,16,40,37.0,256,8,384,False,4.744704008102417,0.007843964021776674
falcon_h1,a100-80gb,2048,32,40,37.0,256,8,768,False,8.880640029907227,0.0061289566755217476
falcon_h1,a100-80gb,4096,1,40,37.0,256,16,24,True,7.960575819015503,0.021013786482870667
falcon_h1,a100-80gb,4096,4,40,37.0,256,16,96,False,7.952383995056152,0.04054678675079248
falcon_h1,a100-80gb,4096,16,40,37.0,256,16,384,False,9.220096111297607,0.006793411586529382
falcon_h1,a100-80gb,4096,32,40,37.0,256,16,768,False,17.51910400390625,0.008008548008133852
falcon_h1,a100-80gb,8192,1,40,37.0,256,32,24,True,15.642623901367188,0.4487966736162274
falcon_h1,a100-80gb,8192,4,40,37.0,256,32,96,False,15.654399871826172,0.10614663787319066
falcon_h1,a100-80gb,8192,16,40,37.0,256,32,384,False,18.148351669311523,0.007049144778598937
falcon_h1,a100-80gb,8192,32,40,37.0,256,32,768,False,34.797569274902344,0.005141344022348716
falcon_h1,a100-80gb,512,1,54,50.0,256,2,24,True,1.087488055229187,0.009136636167369686
falcon_h1,a100-80gb,512,4,54,50.0,256,2,96,False,1.1176960468292236,0.008081020513594737
falcon_h1,a100-80gb,512,16,54,50.0,256,2,384,False,1.2636159658432007,0.011679897507327818
falcon_h1,a100-80gb,512,32,54,50.0,256,2,768,False,1.9553279876708984,0.0023175679245032747
falcon_h1,a100-80gb,1024,1,54,50.0,256,4,24,True,2.064895987510681,0.008779663936492816
falcon_h1,a100-80gb,1024,4,54,50.0,256,4,96,False,2.092031955718994,0.008488222386293695
falcon_h1,a100-80gb,1024,16,54,50.0,256,4,384,False,2.2625280618667603,0.007647661029892465
falcon_h1,a100-80gb,1024,32,54,50.0,256,4,768,False,3.6746240854263306,0.004875174364275484
falcon_h1,a100-80gb,2048,1,54,50.0,256,8,24,True,4.005375862121582,0.030599116055872545
falcon_h1,a100-80gb,2048,4,54,50.0,256,8,96,False,4.060672044754028,0.014380223374773321
falcon_h1,a100-80gb,2048,16,54,50.0,256,8,384,False,4.22707200050354,0.014520167501476281
falcon_h1,a100-80gb,2048,32,54,50.0,256,8,768,False,7.10860800743103,0.0041929335975650454
falcon_h1,a100-80gb,4096,1,54,50.0,256,16,24,True,7.861247777938843,0.06676572987947758
falcon_h1,a100-80gb,4096,4,54,50.0,256,16,96,False,7.932415962219238,0.09377267507742953
falcon_h1,a100-80gb,4096,16,54,50.0,256,16,384,False,8.119808197021484,0.03429696440978296
falcon_h1,a100-80gb,4096,32,54,50.0,256,16,768,False,13.975039958953857,0.006526741116489691
falcon_h1,a100-80gb,8192,1,54,50.0,256,32,24,True,15.477759838104248,0.07619128016704975
falcon_h1,a100-80gb,8192,4,54,50.0,256,32,96,False,15.610879898071289,0.04540569460846829
falcon_h1,a100-80gb,8192,16,54,50.0,256,32,384,False,15.780864238739014,0.04030698058649472
falcon_h1,a100-80gb,8192,32,54,50.0,256,32,768,False,27.70534324645996,0.01031992053506967
falcon_h1,a100-80gb,512,1,68,63.0,256,2,24,True,1.0885120034217834,0.008385977498332055
falcon_h1,a100-80gb,512,4,68,63.0,256,2,96,False,1.1089919805526733,0.008713021611608135
falcon_h1,a100-80gb,512,16,68,63.0,256,2,384,False,1.233407974243164,0.011033556465818386
falcon_h1,a100-80gb,512,32,68,63.0,256,2,768,False,1.7100800275802612,0.0034540516483804566
falcon_h1,a100-80gb,1024,1,68,63.0,256,4,24,True,2.0863999128341675,0.017909084614040876
falcon_h1,a100-80gb,1024,4,68,63.0,256,4,96,False,2.0940799713134766,0.013888533253184374
falcon_h1,a100-80gb,1024,16,68,63.0,256,4,384,False,2.202112078666687,0.014657828156312148
falcon_h1,a100-80gb,1024,32,68,63.0,256,4,768,False,3.1795198917388916,0.003714047390201449
falcon_h1,a100-80gb,2048,1,68,63.0,256,8,24,True,4.034048080444336,0.016972217758086137
falcon_h1,a100-80gb,2048,4,68,63.0,256,8,96,False,4.083199977874756,0.01581077114555778
falcon_h1,a100-80gb,2048,16,68,63.0,256,8,384,False,4.181504011154175,0.01574433765967137
falcon_h1,a100-80gb,2048,32,68,63.0,256,8,768,False,6.112767934799194,0.006297566246346057
falcon_h1,a100-80gb,4096,1,68,63.0,256,16,24,True,7.922688007354736,0.0196202528747107
falcon_h1,a100-80gb,4096,4,68,63.0,256,16,96,False,7.989248275756836,0.035555126275453784
falcon_h1,a100-80gb,4096,16,68,63.0,256,16,384,False,8.09164810180664,0.22478535905628494
falcon_h1,a100-80gb,4096,32,68,63.0,256,16,768,False,11.990528106689453,0.008223988824697685
falcon_h1,a100-80gb,8192,1,68,63.0,256,32,24,True,15.712768077850342,0.0433636668396022
falcon_h1,a100-80gb,8192,4,68,63.0,256,32,96,False,15.84435224533081,0.04408294082739449
falcon_h1,a100-80gb,8192,16,68,63.0,256,32,384,False,15.872511863708496,0.040481693019932395
falcon_h1,a100-80gb,8192,32,68,63.0,256,32,768,False,23.731199264526367,0.015550362965131116
falcon_h1,a100-80gb,512,1,81,75.0,256,2,24,True,1.0859520435333252,0.009028266399350077
falcon_h1,a100-80gb,512,4,81,75.0,256,2,96,False,1.0956799983978271,0.008002043016733134
falcon_h1,a100-80gb,512,16,81,75.0,256,2,384,False,1.1934720277786255,0.007068959118467507
falcon_h1,a100-80gb,512,32,81,75.0,256,2,768,False,1.5575040578842163,0.0028962799170499033
falcon_h1,a100-80gb,1024,1,81,75.0,256,4,24,True,2.0607999563217163,0.011030908866295935
falcon_h1,a100-80gb,1024,4,81,75.0,256,4,96,False,2.0848639011383057,0.014473476476806892
falcon_h1,a100-80gb,1024,16,81,75.0,256,4,384,False,2.1862399578094482,0.013807791191095242
falcon_h1,a100-80gb,1024,32,81,75.0,256,4,768,False,2.8876800537109375,0.006508644532330787
falcon_h1,a100-80gb,2048,1,81,75.0,256,8,24,True,4.039168119430542,0.012029803216460778
falcon_h1,a100-80gb,2048,4,81,75.0,256,8,96,False,4.058624029159546,0.01853158433627512
falcon_h1,a100-80gb,2048,16,81,75.0,256,8,384,False,4.142080068588257,0.020705187618764612
falcon_h1,a100-80gb,2048,32,81,75.0,256,8,768,False,5.535232067108154,0.006278986315928034
falcon_h1,a100-80gb,4096,1,81,75.0,256,16,24,True,7.877120018005371,0.06580075255715526
falcon_h1,a100-80gb,4096,4,81,75.0,256,16,96,False,7.97542405128479,0.03509742450297855
falcon_h1,a100-80gb,4096,16,81,75.0,256,16,384,False,8.083968162536621,0.031875614998575
falcon_h1,a100-80gb,4096,32,81,75.0,256,16,768,False,10.833919525146484,0.0077355305685905245
falcon_h1,a100-80gb,8192,1,81,75.0,256,32,24,True,15.681536197662354,0.08292099283457448
falcon_h1,a100-80gb,8192,4,81,75.0,256,32,96,False,15.59449577331543,0.0637271168557574
falcon_h1,a100-80gb,8192,16,81,75.0,256,32,384,False,15.724544048309326,0.06686525627948815
falcon_h1,a100-80gb,8192,32,81,75.0,256,32,768,False,21.42463970184326,0.01239927426155749
falcon_h1,a100-80gb,512,1,94,87.0,256,2,24,True,1.087488055229187,0.00666168954228424
falcon_h1,a100-80gb,512,4,94,87.0,256,2,96,False,1.0833920240402222,0.010938124589992977
falcon_h1,a100-80gb,512,16,94,87.0,256,2,384,False,1.1842559576034546,0.006436637848413427
falcon_h1,a100-80gb,512,32,94,87.0,256,2,768,False,1.4648319482803345,0.0034540273022956383
falcon_h1,a100-80gb,1024,1,94,87.0,256,4,24,True,2.0797441005706787,0.01574913702210261
falcon_h1,a100-80gb,1024,4,94,87.0,256,4,96,False,2.102784037590027,0.00900822811593424
falcon_h1,a100-80gb,1024,16,94,87.0,256,4,384,False,2.1719040870666504,0.019435334855244422
falcon_h1,a100-80gb,1024,32,94,87.0,256,4,768,False,2.6926079988479614,0.005541849300033399
falcon_h1,a100-80gb,2048,1,94,87.0,256,8,24,True,4.029952049255371,0.03588132739794825
falcon_h1,a100-80gb,2048,4,94,87.0,256,8,96,False,4.075007915496826,0.014512104618377566
falcon_h1,a100-80gb,2048,16,94,87.0,256,8,384,False,4.172287940979004,0.022978578900918582
falcon_h1,a100-80gb,2048,32,94,87.0,256,8,768,False,5.158400058746338,0.006163894641154686
falcon_h1,a100-80gb,4096,1,94,87.0,256,16,24,True,7.878144025802612,0.027554135879895653
falcon_h1,a100-80gb,4096,4,94,87.0,256,16,96,False,7.906816005706787,0.037109075711203525
falcon_h1,a100-80gb,4096,16,94,87.0,256,16,384,False,7.970304012298584,0.0333453079541853
falcon_h1,a100-80gb,4096,32,94,87.0,256,16,768,False,10.06489610671997,0.010174280949555286
falcon_h1,a100-80gb,8192,1,94,87.0,256,32,24,True,15.457280158996582,0.1134648358560185
falcon_h1,a100-80gb,8192,4,94,87.0,256,32,96,False,15.873023986816406,0.11723430653525124
falcon_h1,a100-80gb,8192,16,94,87.0,256,32,384,False,15.836671829223633,0.06278874636029501
falcon_h1,a100-80gb,8192,32,94,87.0,256,32,768,False,19.888639450073242,0.016856884140814783
falcon_h1,a100-80gb,512,1,108,100.0,256,2,24,True,1.0787839889526367,0.00824587222812963
falcon_h1,a100-80gb,512,4,108,100.0,256,2,96,True,1.0813440084457397,0.005901221577316352
falcon_h1,a100-80gb,512,16,108,100.0,256,2,384,False,1.1683839559555054,0.00790611026196888
falcon_h1,a100-80gb,512,32,108,100.0,256,2,768,False,1.3839360475540161,0.005118848874594714
falcon_h1,a100-80gb,1024,1,108,100.0,256,4,24,True,2.084864020347595,0.016713457115237588
falcon_h1,a100-80gb,1024,4,108,100.0,256,4,96,True,2.0879359245300293,0.013925777230946295
falcon_h1,a100-80gb,1024,16,108,100.0,256,4,384,False,2.1719040870666504,0.01072077918853842
falcon_h1,a100-80gb,1024,32,108,100.0,256,4,768,False,2.536960005760193,0.003885836377264935
falcon_h1,a100-80gb,2048,1,108,100.0,256,8,24,True,4.006911993026733,0.018244219330558767
falcon_h1,a100-80gb,2048,4,108,100.0,256,8,96,True,4.030976057052612,0.009538413802152498
falcon_h1,a100-80gb,2048,16,108,100.0,256,8,384,False,4.09548807144165,0.02087003268971247
falcon_h1,a100-80gb,2048,32,108,100.0,256,8,768,False,4.83840012550354,0.005050147984714122
falcon_h1,a100-80gb,4096,1,108,100.0,256,16,24,True,7.989759922027588,0.02895924529657115
falcon_h1,a100-80gb,4096,4,108,100.0,256,16,96,True,7.927295923233032,0.09552722674921531
falcon_h1,a100-80gb,4096,16,108,100.0,256,16,384,False,7.9385600090026855,0.01784137177334932
falcon_h1,a100-80gb,4096,32,108,100.0,256,16,768,False,9.433599948883057,0.006724382318804061
falcon_h1,a100-80gb,8192,1,108,100.0,256,32,24,True,15.49721622467041,0.05655181454925951
falcon_h1,a100-80gb,8192,4,108,100.0,256,32,96,True,15.627264022827148,0.04355257069777777
falcon_h1,a100-80gb,8192,16,108,100.0,256,32,384,False,15.754752159118652,0.026214155728724833
falcon_h1,a100-80gb,8192,32,108,100.0,256,32,768,False,18.62912082672119,0.03185717357817932
falcon_h1,a100-80gb,512,1,14,13.0,512,1,48,False,0.6533120274543762,0.008824627901507894
falcon_h1,a100-80gb,512,4,14,13.0,512,1,192,False,0.9461759924888611,0.0074906927389160475
falcon_h1,a100-80gb,512,16,14,13.0,512,1,768,False,2.992639899253845,0.017492771862587
falcon_h1,a100-80gb,512,32,14,13.0,512,1,1536,False,5.6345601081848145,0.004108698454177757
falcon_h1,a100-80gb,1024,1,14,13.0,512,2,48,False,1.1601920127868652,0.012108445030089674
falcon_h1,a100-80gb,1024,4,14,13.0,512,2,192,False,1.6491519808769226,0.005104026657965183
falcon_h1,a100-80gb,1024,16,14,13.0,512,2,768,False,5.650432109832764,0.006461984270796794
falcon_h1,a100-80gb,1024,32,14,13.0,512,2,1536,False,11.040768146514893,0.07395223924829104
falcon_h1,a100-80gb,2048,1,14,13.0,512,4,48,False,2.152959942817688,0.012052976503247093
falcon_h1,a100-80gb,2048,4,14,13.0,512,4,192,False,3.0571519136428833,0.0045603362978650095
falcon_h1,a100-80gb,2048,16,14,13.0,512,4,768,False,11.060735702514648,0.005045543575914567
falcon_h1,a100-80gb,2048,32,14,13.0,512,4,1536,False,21.84447956085205,0.004429475827951309
falcon_h1,a100-80gb,4096,1,14,13.0,512,8,48,False,4.09497594833374,0.015836111063794105
falcon_h1,a100-80gb,4096,4,14,13.0,512,8,192,False,5.874176025390625,0.00760872856769219
falcon_h1,a100-80gb,4096,16,14,13.0,512,8,768,False,21.87724781036377,0.006215460249541718
falcon_h1,a100-80gb,4096,32,14,13.0,512,8,1536,False,43.45702362060547,0.007336789575444188
falcon_h1,a100-80gb,8192,1,14,13.0,512,16,48,False,8.064000129699707,0.0585209524212337
falcon_h1,a100-80gb,8192,4,14,13.0,512,16,192,False,11.502592086791992,0.008181463282282394
falcon_h1,a100-80gb,8192,16,14,13.0,512,16,768,False,43.52921676635742,0.009085255945729754
falcon_h1,a100-80gb,8192,32,14,13.0,512,16,1536,False,86.68620681762695,0.0669923433726261
falcon_h1,a100-80gb,512,1,27,25.0,512,1,48,False,0.6143999993801117,0.009325958482392102
falcon_h1,a100-80gb,512,4,27,25.0,512,1,192,False,0.752128005027771,0.008417177633966957
falcon_h1,a100-80gb,512,16,27,25.0,512,1,768,False,1.6394239664077759,0.0029143772829487015
falcon_h1,a100-80gb,512,32,27,25.0,512,1,1536,False,3.0146560668945312,0.0021587979873694085
falcon_h1,a100-80gb,1024,1,27,25.0,512,2,48,False,1.1207680106163025,0.0105758288218905
falcon_h1,a100-80gb,1024,4,27,25.0,512,2,192,False,1.264639973640442,0.009031463401152358
falcon_h1,a100-80gb,1024,16,27,25.0,512,2,768,False,3.045888066291809,0.006152495783421253
falcon_h1,a100-80gb,1024,32,27,25.0,512,2,1536,False,5.794816017150879,0.004923899238218347
falcon_h1,a100-80gb,2048,1,27,25.0,512,4,48,False,2.115583896636963,0.015099530627040848
falcon_h1,a100-80gb,2048,4,27,25.0,512,4,192,False,2.2599680423736572,0.013241346218834861
falcon_h1,a100-80gb,2048,16,27,25.0,512,4,768,False,5.847552061080933,0.005270217245881742
falcon_h1,a100-80gb,2048,32,27,25.0,512,4,1536,False,11.35257625579834,0.005715635470585706
falcon_h1,a100-80gb,4096,1,27,25.0,512,8,48,False,4.116991996765137,0.014025885707091632
falcon_h1,a100-80gb,4096,4,27,25.0,512,8,192,False,4.292608022689819,0.018082652490395507
falcon_h1,a100-80gb,4096,16,27,25.0,512,8,768,False,11.44985580444336,0.005336192050636217
falcon_h1,a100-80gb,4096,32,27,25.0,512,8,1536,False,22.46246337890625,0.007269695401124854
falcon_h1,a100-80gb,8192,1,27,25.0,512,16,48,False,8.039936065673828,0.036512057668767216
falcon_h1,a100-80gb,8192,4,27,25.0,512,16,192,False,8.21555233001709,0.028222533470301896
falcon_h1,a100-80gb,8192,16,27,25.0,512,16,768,False,22.662144660949707,0.009034114155296827
falcon_h1,a100-80gb,8192,32,27,25.0,512,16,1536,False,44.6878719329834,0.009756005072298615
falcon_h1,a100-80gb,512,1,40,37.0,512,1,48,False,0.6031360030174255,0.009232420311330251
falcon_h1,a100-80gb,512,4,40,37.0,512,1,192,False,0.7034879922866821,0.009559782192850433
falcon_h1,a100-80gb,512,16,40,37.0,512,1,768,False,1.2651519775390625,0.004625049280945462
falcon_h1,a100-80gb,512,32,40,37.0,512,1,1536,False,2.2609920501708984,0.005376393285713223
falcon_h1,a100-80gb,1024,1,40,37.0,512,2,48,False,1.1059199571609497,0.009375793767371172
falcon_h1,a100-80gb,1024,4,40,37.0,512,2,192,False,1.2113919854164124,0.010251965510582885
falcon_h1,a100-80gb,1024,16,40,37.0,512,2,768,False,2.2942720651626587,0.005319760265474442
falcon_h1,a100-80gb,1024,32,40,37.0,512,2,1536,False,4.282880067825317,0.006726944902727623
falcon_h1,a100-80gb,2048,1,40,37.0,512,4,48,False,2.107904076576233,0.014274523641048465
falcon_h1,a100-80gb,2048,4,40,37.0,512,4,192,False,2.225152015686035,0.009596287453667633
falcon_h1,a100-80gb,2048,16,40,37.0,512,4,768,False,4.343808174133301,0.00502123387750122
falcon_h1,a100-80gb,2048,32,40,37.0,512,4,1536,False,8.332799911499023,0.003745383226886213
falcon_h1,a100-80gb,4096,1,40,37.0,512,8,48,False,4.111871957778931,0.007726527580844523
falcon_h1,a100-80gb,4096,4,40,37.0,512,8,192,False,4.203007936477661,0.012411100693553266
falcon_h1,a100-80gb,4096,16,40,37.0,512,8,768,False,8.442879676818848,0.004922882960113776
falcon_h1,a100-80gb,4096,32,40,37.0,512,8,1536,False,16.42137622833252,0.005856761087869732
falcon_h1,a100-80gb,8192,1,40,37.0,512,16,48,False,8.052736282348633,0.036688990692592724
falcon_h1,a100-80gb,8192,4,40,37.0,512,16,192,False,8.1909761428833,0.027213678919687907
falcon_h1,a100-80gb,8192,16,40,37.0,512,16,768,False,16.63334369659424,0.00643027365438147
falcon_h1,a100-80gb,8192,32,40,37.0,512,16,1536,False,32.59699249267578,0.007047726824784076
falcon_h1,a100-80gb,512,1,54,50.0,512,1,48,True,0.5964800119400024,0.006601960015520536
falcon_h1,a100-80gb,512,4,54,50.0,512,1,192,False,0.6661120057106018,0.008848381193625347
falcon_h1,a100-80gb,512,16,54,50.0,512,1,768,False,1.0424319505691528,0.002610681503209053
falcon_h1,a100-80gb,512,32,54,50.0,512,1,1536,False,1.8216960430145264,0.0045552284752877915
falcon_h1,a100-80gb,1024,1,54,50.0,512,2,48,True,1.1018239855766296,0.009692900002209272
falcon_h1,a100-80gb,1024,4,54,50.0,512,2,192,False,1.179136037826538,0.005534440037361971
falcon_h1,a100-80gb,1024,16,54,50.0,512,2,768,False,1.851904034614563,0.004590894615762544
falcon_h1,a100-80gb,1024,32,54,50.0,512,2,1536,False,3.4058239459991455,0.005449628864528015
falcon_h1,a100-80gb,2048,1,54,50.0,512,4,48,True,2.0930559635162354,0.01257159494831795
falcon_h1,a100-80gb,2048,4,54,50.0,512,4,192,False,2.1790720224380493,0.015600469298943747
falcon_h1,a100-80gb,2048,16,54,50.0,512,4,768,False,3.4565120935440063,0.0032037769549584337
falcon_h1,a100-80gb,2048,32,54,50.0,512,4,1536,False,6.562816143035889,0.004789619524018054
falcon_h1,a100-80gb,4096,1,54,50.0,512,8,48,True,4.096512079238892,0.015862240460654545
falcon_h1,a100-80gb,4096,4,54,50.0,512,8,192,False,4.16921591758728,0.014855150634379624
falcon_h1,a100-80gb,4096,16,54,50.0,512,8,768,False,6.671360015869141,0.005181041871325251
falcon_h1,a100-80gb,4096,32,54,50.0,512,8,1536,False,12.880895614624023,0.005445413565871073
falcon_h1,a100-80gb,8192,1,54,50.0,512,16,48,True,8.031744003295898,0.030192840627089053
falcon_h1,a100-80gb,8192,4,54,50.0,512,16,192,False,8.114688396453857,0.024896268076690615
falcon_h1,a100-80gb,8192,16,54,50.0,512,16,768,False,13.095423698425293,0.00400974871136329
falcon_h1,a100-80gb,8192,32,54,50.0,512,16,1536,False,25.51398468017578,0.009300367703627683
falcon_h1,a100-80gb,512,1,68,63.0,512,1,48,True,0.5934079885482788,0.005457067032552603
falcon_h1,a100-80gb,512,4,68,63.0,512,1,192,False,0.6461440026760101,0.009123877132299767
falcon_h1,a100-80gb,512,16,68,63.0,512,1,768,False,0.9149439930915833,0.0071239775739554275
falcon_h1,a100-80gb,512,32,68,63.0,512,1,1536,False,1.5815680027008057,0.006087801813781867
falcon_h1,a100-80gb,1024,1,68,63.0,512,2,48,True,1.1008000373840332,0.006234353918789216
falcon_h1,a100-80gb,1024,4,68,63.0,512,2,192,False,1.1560959815979004,0.0038451458698249975
falcon_h1,a100-80gb,1024,16,68,63.0,512,2,768,False,1.598464012145996,0.005073129285015287
falcon_h1,a100-80gb,1024,32,68,63.0,512,2,1536,False,2.92300808429718,0.006166647915837142
falcon_h1,a100-80gb,2048,1,68,63.0,512,4,48,True,2.0951039791107178,0.015150348337549113
falcon_h1,a100-80gb,2048,4,68,63.0,512,4,192,False,2.159615993499756,0.011769351609713626
falcon_h1,a100-80gb,2048,16,68,63.0,512,4,768,False,2.958336114883423,0.003359935633983138
falcon_h1,a100-80gb,2048,32,68,63.0,512,4,1536,False,5.6002562046051025,0.007160534588909647
falcon_h1,a100-80gb,4096,1,68,63.0,512,8,48,True,4.092927932739258,0.015410768389243375
falcon_h1,a100-80gb,4096,4,68,63.0,512,8,192,False,4.167167901992798,0.019766677258946312
falcon_h1,a100-80gb,4096,16,68,63.0,512,8,768,False,5.673471927642822,0.006312390816040084
falcon_h1,a100-80gb,4096,32,68,63.0,512,8,1536,False,10.955775737762451,0.005231382813051013
falcon_h1,a100-80gb,8192,1,68,63.0,512,16,48,True,8.094719886779785,0.031082256777423996
falcon_h1,a100-80gb,8192,4,68,63.0,512,16,192,False,8.169472217559814,0.02869320548060554
falcon_h1,a100-80gb,8192,16,68,63.0,512,16,768,False,11.111936092376709,0.00577747594211911
falcon_h1,a100-80gb,8192,32,68,63.0,512,16,1536,False,21.65452766418457,0.033284497384919176
falcon_h1,a100-80gb,512,1,81,75.0,512,1,48,True,0.5934079885482788,0.0093253238429177
falcon_h1,a100-80gb,512,4,81,75.0,512,1,192,False,0.6277120113372803,0.009005633086039801
falcon_h1,a100-80gb,512,16,81,75.0,512,1,768,False,0.8381440043449402,0.004040162218118747
falcon_h1,a100-80gb,512,32,81,75.0,512,1,1536,False,1.4346239566802979,0.005888369310900772
falcon_h1,a100-80gb,1024,1,81,75.0,512,2,48,True,1.1089919805526733,0.0074030851037694394
falcon_h1,a100-80gb,1024,4,81,75.0,512,2,192,False,1.1484160423278809,0.005912077361250691
falcon_h1,a100-80gb,1024,16,81,75.0,512,2,768,False,1.439743995666504,0.002822994679938674
falcon_h1,a100-80gb,1024,32,81,75.0,512,2,1536,False,2.632192015647888,0.00333742069765647
falcon_h1,a100-80gb,2048,1,81,75.0,512,4,48,True,2.08844792842865,0.016203799593134487
falcon_h1,a100-80gb,2048,4,81,75.0,512,4,192,False,2.1524479389190674,0.013033821424126816
falcon_h1,a100-80gb,2048,16,81,75.0,512,4,768,False,2.642944097518921,0.0036379696275794142
falcon_h1,a100-80gb,2048,32,81,75.0,512,4,1536,False,5.033472061157227,0.006128776083646541
falcon_h1,a100-80gb,4096,1,81,75.0,512,8,48,True,4.0959999561309814,0.016722212285382537
falcon_h1,a100-80gb,4096,4,81,75.0,512,8,192,False,4.124160051345825,0.02247232592092899
falcon_h1,a100-80gb,4096,16,81,75.0,512,8,768,False,5.055488109588623,0.005063902890342024
falcon_h1,a100-80gb,4096,32,81,75.0,512,8,1536,False,9.812992095947266,0.008499311080007958
falcon_h1,a100-80gb,8192,1,81,75.0,512,16,48,True,8.03327989578247,0.05199535968087079
falcon_h1,a100-80gb,8192,4,81,75.0,512,16,192,False,8.012800216674805,0.026086605144625706
falcon_h1,a100-80gb,8192,16,81,75.0,512,16,768,False,9.870847702026367,0.009341092320279283
falcon_h1,a100-80gb,8192,32,81,75.0,512,16,1536,False,19.386879920959473,0.011607801558474478
falcon_h1,a100-80gb,512,1,94,87.0,512,1,48,True,0.5908480286598206,0.011343370031992178
falcon_h1,a100-80gb,512,4,94,87.0,512,1,192,False,0.6318079829216003,0.010688141905627925
falcon_h1,a100-80gb,512,16,94,87.0,512,1,768,False,0.8012799918651581,0.007741580403085879
falcon_h1,a100-80gb,512,32,94,87.0,512,1,1536,False,1.3649920225143433,0.005172068824158191
falcon_h1,a100-80gb,1024,1,94,87.0,512,2,48,True,1.1064319610595703,0.007846957490960737
falcon_h1,a100-80gb,1024,4,94,87.0,512,2,192,False,1.141759991645813,0.008877955365921175
falcon_h1,a100-80gb,1024,16,94,87.0,512,2,768,False,1.3521920442581177,0.005379651985297411
falcon_h1,a100-80gb,1024,32,94,87.0,512,2,1536,False,2.4842240810394287,0.0032183471608071648
falcon_h1,a100-80gb,2048,1,94,87.0,512,4,48,True,2.1150718927383423,0.010056861842594429
falcon_h1,a100-80gb,2048,4,94,87.0,512,4,192,False,2.15449595451355,0.013448724690307452
falcon_h1,a100-80gb,2048,16,94,87.0,512,4,768,False,2.4780800342559814,0.0024989893407860067
falcon_h1,a100-80gb,2048,32,94,87.0,512,4,1536,False,4.733951807022095,0.007757331937985835
falcon_h1,a100-80gb,4096,1,94,87.0,512,8,48,True,4.104191780090332,0.015636233054691907
falcon_h1,a100-80gb,4096,4,94,87.0,512,8,192,False,4.134399890899658,0.019651114758783214
falcon_h1,a100-80gb,4096,16,94,87.0,512,8,768,False,4.719104051589966,0.0064050092294353
falcon_h1,a100-80gb,4096,32,94,87.0,512,8,1536,False,9.22265625,0.008694947915899906
falcon_h1,a100-80gb,8192,1,94,87.0,512,16,48,True,8.024064064025879,0.02476514286037133
falcon_h1,a100-80gb,8192,4,94,87.0,512,16,192,False,8.051199913024902,0.032785827052769834
falcon_h1,a100-80gb,8192,16,94,87.0,512,16,768,False,9.197056293487549,0.30913821534515945
falcon_h1,a100-80gb,8192,32,94,87.0,512,16,1536,False,18.183167457580566,0.015159769259473637
falcon_h1,a100-80gb,512,1,108,100.0,512,1,48,True,0.5918720066547394,0.009965525668384441
falcon_h1,a100-80gb,512,4,108,100.0,512,1,192,False,0.6210560202598572,0.010554329500758998
falcon_h1,a100-80gb,512,16,108,100.0,512,1,768,False,0.7685120105743408,0.0073056589737867834
falcon_h1,a100-80gb,512,32,108,100.0,512,1,1536,False,1.3102079629898071,0.003923103297345627
falcon_h1,a100-80gb,1024,1,108,100.0,512,2,48,True,1.104383945465088,0.0033721011855738147
falcon_h1,a100-80gb,1024,4,108,100.0,512,2,192,False,1.1279360055923462,0.010007554807376445
falcon_h1,a100-80gb,1024,16,108,100.0,512,2,768,False,1.2815359830856323,0.005881426352531846
falcon_h1,a100-80gb,1024,32,108,100.0,512,2,1536,False,2.3823360204696655,0.006672222612215226
falcon_h1,a100-80gb,2048,1,108,100.0,512,4,48,True,2.0971519947052,0.013860455991206874
falcon_h1,a100-80gb,2048,4,108,100.0,512,4,192,False,2.1222399473190308,0.00782910649231421
falcon_h1,a100-80gb,2048,16,108,100.0,512,4,768,False,2.323456048965454,0.0065024271150722224
falcon_h1,a100-80gb,2048,32,108,100.0,512,4,1536,False,4.541439771652222,0.006032910811554606
falcon_h1,a100-80gb,4096,1,108,100.0,512,8,48,True,4.083712100982666,0.014170948312505973
falcon_h1,a100-80gb,4096,4,108,100.0,512,8,192,False,4.122112035751343,0.022357979648004567
falcon_h1,a100-80gb,4096,16,108,100.0,512,8,768,False,4.394495964050293,0.007301781240565701
falcon_h1,a100-80gb,4096,32,108,100.0,512,8,1536,False,8.855040073394775,0.01207225854313555
falcon_h1,a100-80gb,8192,1,108,100.0,512,16,48,True,7.984639883041382,0.03858174627785477
falcon_h1,a100-80gb,8192,4,108,100.0,512,16,192,False,8.070144176483154,0.03318282377128766
falcon_h1,a100-80gb,8192,16,108,100.0,512,16,768,False,8.55295991897583,0.010837039840531956
falcon_h1,a100-80gb,8192,32,108,100.0,512,16,1536,False,17.490943908691406,0.033457706096013506
falcon_h1,a100-80gb,1024,1,14,13.0,1024,1,96,False,0.7582719922065735,0.007715187353431523
falcon_h1,a100-80gb,1024,4,14,13.0,1024,1,384,False,1.5953919887542725,0.005793623962173284
falcon_h1,a100-80gb,1024,16,14,13.0,1024,1,1536,False,5.505023956298828,0.004356544120173599
falcon_h1,a100-80gb,1024,32,14,13.0,1024,1,3072,False,10.851328372955322,0.005482755977860059
falcon_h1,a100-80gb,2048,1,14,13.0,1024,2,96,False,1.2682240009307861,0.007418796966646802
falcon_h1,a100-80gb,2048,4,14,13.0,1024,2,384,False,2.919424057006836,0.003137692382141024
falcon_h1,a100-80gb,2048,16,14,13.0,1024,2,1536,False,10.783231735229492,0.006190432411758207
falcon_h1,a100-80gb,2048,32,14,13.0,1024,2,3072,False,21.48761558532715,0.003337586552142904
falcon_h1,a100-80gb,4096,1,14,13.0,1024,4,96,False,2.2707200050354004,0.012118050454579511
falcon_h1,a100-80gb,4096,4,14,13.0,1024,4,384,False,5.646336078643799,0.00523930402725351
falcon_h1,a100-80gb,4096,16,14,13.0,1024,4,1536,False,21.348864555358887,0.006426623476071937
falcon_h1,a100-80gb,4096,32,14,13.0,1024,4,3072,False,42.763776779174805,0.005695894755002328
falcon_h1,a100-80gb,8192,1,14,13.0,1024,8,96,False,4.261888027191162,0.01628278578791928
falcon_h1,a100-80gb,8192,4,14,13.0,1024,8,384,False,11.053567886352539,0.006573657498162312
falcon_h1,a100-80gb,8192,16,14,13.0,1024,8,1536,False,42.468353271484375,0.026968131947264495
falcon_h1,a100-80gb,8192,32,14,13.0,1024,8,3072,False,85.3125114440918,0.009344728896959248
falcon_h1,a100-80gb,1024,1,27,25.0,1024,1,96,False,0.6661120057106018,0.007466559380037408
falcon_h1,a100-80gb,1024,4,27,25.0,1024,1,384,False,0.9507839977741241,0.004773785695246271
falcon_h1,a100-80gb,1024,16,27,25.0,1024,1,1536,False,2.9460480213165283,0.001770345978772713
falcon_h1,a100-80gb,1024,32,27,25.0,1024,1,3072,False,5.67142391204834,0.005534376811171714
falcon_h1,a100-80gb,2048,1,27,25.0,1024,2,96,False,1.1694079637527466,0.007434474529829201
falcon_h1,a100-80gb,2048,4,27,25.0,1024,2,384,False,1.6486400365829468,0.005392623328684118
falcon_h1,a100-80gb,2048,16,27,25.0,1024,2,1536,False,5.657088041305542,0.004022854910406518
falcon_h1,a100-80gb,2048,32,27,25.0,1024,2,3072,False,11.111936092376709,0.006385581175866832
falcon_h1,a100-80gb,4096,1,27,25.0,1024,4,96,False,2.1703680753707886,0.008358088247111239
falcon_h1,a100-80gb,4096,4,27,25.0,1024,4,384,False,3.0591999292373657,0.006403961972897557
falcon_h1,a100-80gb,4096,16,27,25.0,1024,4,1536,False,11.067903995513916,0.006744390615957695
falcon_h1,a100-80gb,4096,32,27,25.0,1024,4,3072,False,21.996031761169434,0.007571737723665987
falcon_h1,a100-80gb,8192,1,27,25.0,1024,8,96,False,4.145151853561401,0.02727684217304503
falcon_h1,a100-80gb,8192,4,27,25.0,1024,8,384,False,5.862911939620972,0.006133658184046777
falcon_h1,a100-80gb,8192,16,27,25.0,1024,8,1536,False,21.89568042755127,0.006256756325263035
falcon_h1,a100-80gb,8192,32,27,25.0,1024,8,3072,False,43.76627159118652,0.007768471412300937
falcon_h1,a100-80gb,1024,1,40,37.0,1024,1,96,False,0.636927992105484,0.006696562682650649
falcon_h1,a100-80gb,1024,4,40,37.0,1024,1,384,False,0.8325120210647583,0.007801545591911213
falcon_h1,a100-80gb,1024,16,40,37.0,1024,1,1536,False,2.203648090362549,0.00400970134773506
falcon_h1,a100-80gb,1024,32,40,37.0,1024,1,3072,False,4.16102409362793,0.004681336956685391
falcon_h1,a100-80gb,2048,1,40,37.0,1024,2,96,False,1.1402239799499512,0.008455160701742152
falcon_h1,a100-80gb,2048,4,40,37.0,1024,2,384,False,1.3506560325622559,0.0059601615955433476
falcon_h1,a100-80gb,2048,16,40,37.0,1024,2,1536,False,4.166655778884888,0.005379628287728397
falcon_h1,a100-80gb,2048,32,40,37.0,1024,2,3072,False,8.083968162536621,0.006597526031866007
falcon_h1,a100-80gb,4096,1,40,37.0,1024,4,96,False,2.140160083770752,0.01847145551616579
falcon_h1,a100-80gb,4096,4,40,37.0,1024,4,384,False,2.3823360204696655,0.006400390059588176
falcon_h1,a100-80gb,4096,16,40,37.0,1024,4,1536,False,8.092672348022461,0.006125151763730748
falcon_h1,a100-80gb,4096,32,40,37.0,1024,4,3072,False,15.94214391708374,0.005086851384981623
falcon_h1,a100-80gb,8192,1,40,37.0,1024,8,96,False,4.1303040981292725,0.02397215911658078
falcon_h1,a100-80gb,8192,4,40,37.0,1024,8,384,False,4.448767900466919,0.00718331283841958
falcon_h1,a100-80gb,8192,16,40,37.0,1024,8,1536,False,15.941632270812988,0.0057330330912129905
falcon_h1,a100-80gb,8192,32,40,37.0,1024,8,3072,False,31.633407592773438,0.004275362324836713
falcon_h1,a100-80gb,1024,1,54,50.0,1024,1,96,False,0.6149120032787323,0.009210307769019129
falcon_h1,a100-80gb,1024,4,54,50.0,1024,1,384,False,0.7613440155982971,0.007349368162719125
falcon_h1,a100-80gb,1024,16,54,50.0,1024,1,1536,False,1.7643519639968872,0.005199045331378083
falcon_h1,a100-80gb,1024,32,54,50.0,1024,1,3072,False,3.2972800731658936,0.0052001349299086045
falcon_h1,a100-80gb,2048,1,54,50.0,1024,2,96,False,1.1263999938964844,0.009322824134220364
falcon_h1,a100-80gb,2048,4,54,50.0,1024,2,384,False,1.2702720165252686,0.004318945012726663
falcon_h1,a100-80gb,2048,16,54,50.0,1024,2,1536,False,3.289088010787964,0.005253691161790471
falcon_h1,a100-80gb,2048,32,54,50.0,1024,2,3072,False,6.355967998504639,0.005418449831778795
falcon_h1,a100-80gb,4096,1,54,50.0,1024,4,96,False,2.130944013595581,0.00930034435678328
falcon_h1,a100-80gb,4096,4,54,50.0,1024,4,384,False,2.2789119482040405,0.0086781723568333
falcon_h1,a100-80gb,4096,16,54,50.0,1024,4,1536,False,6.334464073181152,0.005149500643535784
falcon_h1,a100-80gb,4096,32,54,50.0,1024,4,3072,False,12.469247817993164,0.0066046189838607616
falcon_h1,a100-80gb,8192,1,54,50.0,1024,8,96,False,4.103679895401001,0.018399151374713877
falcon_h1,a100-80gb,8192,4,54,50.0,1024,8,384,False,4.265471935272217,0.0181825206777614
falcon_h1,a100-80gb,8192,16,54,50.0,1024,8,1536,False,12.424192428588867,0.005792606675478531
falcon_h1,a100-80gb,8192,32,54,50.0,1024,8,3072,False,24.69529628753662,0.009913875008200944
falcon_h1,a100-80gb,1024,1,68,63.0,1024,1,96,False,0.6067200005054474,0.011595792609469595
falcon_h1,a100-80gb,1024,4,68,63.0,1024,1,384,False,0.7219200134277344,0.007840272605540669
falcon_h1,a100-80gb,1024,16,68,63.0,1024,1,1536,False,1.5134719610214233,0.0058337008181950974
falcon_h1,a100-80gb,1024,32,68,63.0,1024,1,3072,False,2.833407998085022,0.006877629859471872
falcon_h1,a100-80gb,2048,1,68,63.0,1024,2,96,False,1.1110399961471558,0.007754340424899512
falcon_h1,a100-80gb,2048,4,68,63.0,1024,2,384,False,1.2354559898376465,0.010377901608045803
falcon_h1,a100-80gb,2048,16,68,63.0,1024,2,1536,False,2.7960320711135864,0.005920932525372376
falcon_h1,a100-80gb,2048,32,68,63.0,1024,2,3072,False,5.426176071166992,0.0046501838463809935
falcon_h1,a100-80gb,4096,1,68,63.0,1024,4,96,False,2.107904076576233,0.01898035510154002
falcon_h1,a100-80gb,4096,4,68,63.0,1024,4,384,False,2.2456319332122803,0.012812057682939982
falcon_h1,a100-80gb,4096,16,68,63.0,1024,4,1536,False,5.346304178237915,0.006688726034392948
falcon_h1,a100-80gb,4096,32,68,63.0,1024,4,3072,False,10.605567932128906,0.007478966099025285
falcon_h1,a100-80gb,8192,1,68,63.0,1024,8,96,False,4.100096225738525,0.024830720875164785
falcon_h1,a100-80gb,8192,4,68,63.0,1024,8,384,False,4.225536108016968,0.01923131464301238
falcon_h1,a100-80gb,8192,16,68,63.0,1024,8,1536,False,10.450431823730469,0.006952644863456847
falcon_h1,a100-80gb,8192,32,68,63.0,1024,8,3072,False,20.960768699645996,0.0131055509905929
falcon_h1,a100-80gb,1024,1,81,75.0,1024,1,96,False,0.6062079966068268,0.004584559494515276
falcon_h1,a100-80gb,1024,4,81,75.0,1024,1,384,False,0.7029760181903839,0.009508445336826547
falcon_h1,a100-80gb,1024,16,81,75.0,1024,1,1536,False,1.376255989074707,0.005311016739646693
falcon_h1,a100-80gb,1024,32,81,75.0,1024,1,3072,False,2.602496027946472,0.007048352551100828
falcon_h1,a100-80gb,2048,1,81,75.0,1024,2,96,False,1.106943964958191,0.009728903693535724
falcon_h1,a100-80gb,2048,4,81,75.0,1024,2,384,False,1.2175359725952148,0.008512823414563485
falcon_h1,a100-80gb,2048,16,81,75.0,1024,2,1536,False,2.5139200687408447,0.004579454700160009
falcon_h1,a100-80gb,2048,32,81,75.0,1024,2,3072,False,4.965888023376465,0.007632546130889735
falcon_h1,a100-80gb,4096,1,81,75.0,1024,4,96,False,2.1196799278259277,0.008608767029579996
falcon_h1,a100-80gb,4096,4,81,75.0,1024,4,384,False,2.219007968902588,0.012690992277876866
falcon_h1,a100-80gb,4096,16,81,75.0,1024,4,1536,False,4.788224220275879,0.012911656135604292
falcon_h1,a100-80gb,4096,32,81,75.0,1024,4,3072,False,9.696768283843994,0.0182799117359818
falcon_h1,a100-80gb,8192,1,81,75.0,1024,8,96,False,4.119040012359619,0.01573136847110134
falcon_h1,a100-80gb,8192,4,81,75.0,1024,8,384,False,4.204031944274902,0.031576815710049354
falcon_h1,a100-80gb,8192,16,81,75.0,1024,8,1536,False,9.326591968536377,0.006714152893124841
falcon_h1,a100-80gb,8192,32,81,75.0,1024,8,3072,False,19.15596866607666,0.01715859876909158
falcon_h1,a100-80gb,1024,1,94,87.0,1024,1,96,False,0.6010879874229431,0.007574983879246555
falcon_h1,a100-80gb,1024,4,94,87.0,1024,1,384,False,0.6845439970493317,0.0073120134792599815
falcon_h1,a100-80gb,1024,16,94,87.0,1024,1,1536,False,1.30457603931427,0.0070615646607613885
falcon_h1,a100-80gb,1024,32,94,87.0,1024,1,3072,False,2.4883201122283936,0.004481674559853822
falcon_h1,a100-80gb,2048,1,94,87.0,1024,2,96,False,1.1130880117416382,0.005645968219550464
falcon_h1,a100-80gb,2048,4,94,87.0,1024,2,384,False,1.18886399269104,0.004804210479645234
falcon_h1,a100-80gb,2048,16,94,87.0,1024,2,1536,False,2.3639039993286133,0.005200097892574141
falcon_h1,a100-80gb,2048,32,94,87.0,1024,2,3072,False,4.746752023696899,0.010403099601598471
falcon_h1,a100-80gb,4096,1,94,87.0,1024,4,96,False,2.112511992454529,0.007512388210075898
falcon_h1,a100-80gb,4096,4,94,87.0,1024,4,384,False,2.2016000747680664,0.010335681130393874
falcon_h1,a100-80gb,4096,16,94,87.0,1024,4,1536,False,4.484095811843872,0.004716136899986942
falcon_h1,a100-80gb,4096,32,94,87.0,1024,4,3072,False,9.27027177810669,0.012563938918073534
falcon_h1,a100-80gb,8192,1,94,87.0,1024,8,96,False,4.114431858062744,0.022056492237333147
falcon_h1,a100-80gb,8192,4,94,87.0,1024,8,384,False,4.18560004234314,0.020691877503381625
falcon_h1,a100-80gb,8192,16,94,87.0,1024,8,1536,False,8.72755241394043,0.011384798234747081
falcon_h1,a100-80gb,8192,32,94,87.0,1024,8,3072,False,18.30451202392578,0.013542528013552
falcon_h1,a100-80gb,1024,1,108,100.0,1024,1,96,True,0.5964800119400024,0.01167339306956471
falcon_h1,a100-80gb,1024,4,108,100.0,1024,1,384,False,0.6702080070972443,0.010328377328969766
falcon_h1,a100-80gb,1024,16,108,100.0,1024,1,1536,False,1.250815987586975,0.004999123770489692
falcon_h1,a100-80gb,1024,32,108,100.0,1024,1,3072,False,2.434559941291809,0.0041525308398613694
falcon_h1,a100-80gb,2048,1,108,100.0,1024,2,96,True,1.1115520000457764,0.00897908907186204
falcon_h1,a100-80gb,2048,4,108,100.0,1024,2,384,False,1.176576018333435,0.0061440026319055
falcon_h1,a100-80gb,2048,16,108,100.0,1024,2,1536,False,2.269695997238159,0.008662040941867
falcon_h1,a100-80gb,2048,32,108,100.0,1024,2,3072,False,4.624896049499512,0.0718760325537881
falcon_h1,a100-80gb,4096,1,108,100.0,1024,4,96,True,2.0966399908065796,0.008553806379422355
falcon_h1,a100-80gb,4096,4,108,100.0,1024,4,384,False,2.1821439266204834,0.011887511645828634
falcon_h1,a100-80gb,4096,16,108,100.0,1024,4,1536,False,4.294656038284302,0.006877665357940485
falcon_h1,a100-80gb,4096,32,108,100.0,1024,4,3072,False,8.99942398071289,0.013627594097068723
falcon_h1,a100-80gb,8192,1,108,100.0,1024,8,96,True,4.060160160064697,0.015699866464386557
falcon_h1,a100-80gb,8192,4,108,100.0,1024,8,384,False,4.166143894195557,0.017329548348198977
falcon_h1,a100-80gb,8192,16,108,100.0,1024,8,1536,False,8.343552112579346,0.009312855292467406
falcon_h1,a100-80gb,8192,32,108,100.0,1024,8,3072,False,17.83961582183838,0.032213879680589204
falcon_h1,a100-80gb,2048,1,14,13.0,2048,1,192,False,0.9477120041847229,0.005462406230082144
falcon_h1,a100-80gb,2048,4,14,13.0,2048,1,768,False,2.9040639400482178,0.0064943590284142275
falcon_h1,a100-80gb,2048,16,14,13.0,2048,1,3072,False,10.727936267852783,0.0036060088818625595
falcon_h1,a100-80gb,2048,32,14,13.0,2048,1,6144,False,21.196288108825684,0.006657407405035001
falcon_h1,a100-80gb,4096,1,14,13.0,2048,2,192,False,1.6286720037460327,0.003945323911178073
falcon_h1,a100-80gb,4096,4,14,13.0,2048,2,768,False,5.4917120933532715,0.005687077115184837
falcon_h1,a100-80gb,4096,16,14,13.0,2048,2,3072,False,21.23263931274414,0.0064953449535239145
falcon_h1,a100-80gb,4096,32,14,13.0,2048,2,6144,False,42.19289779663086,0.005393239086604946
falcon_h1,a100-80gb,8192,1,14,13.0,2048,4,192,False,3.0054399967193604,0.0039349978491446174
falcon_h1,a100-80gb,8192,4,14,13.0,2048,4,768,False,10.761216163635254,0.0048561496248933885
falcon_h1,a100-80gb,8192,16,14,13.0,2048,4,3072,False,42.23539161682129,0.00820324725956862
falcon_h1,a100-80gb,8192,32,14,13.0,2048,4,6144,False,84.18252563476562,0.006077123430346279
falcon_h1,a100-80gb,2048,1,27,25.0,2048,1,192,False,0.7562240064144135,0.006498794011235669
falcon_h1,a100-80gb,2048,4,27,25.0,2048,1,768,False,1.5918079614639282,0.0035734108335042686
falcon_h1,a100-80gb,2048,16,27,25.0,2048,1,3072,False,5.603327989578247,0.006775188675108902
falcon_h1,a100-80gb,2048,32,27,25.0,2048,1,6144,False,10.919936180114746,0.005833720352877949
falcon_h1,a100-80gb,4096,1,27,25.0,2048,2,192,False,1.2651519775390625,0.009172288338368985
falcon_h1,a100-80gb,4096,4,27,25.0,2048,2,768,False,2.9445120096206665,0.0039349978491446174
falcon_h1,a100-80gb,4096,16,27,25.0,2048,2,3072,False,10.970111846923828,0.002928247141863362
falcon_h1,a100-80gb,4096,32,27,25.0,2048,2,6144,False,21.626368522644043,0.033949944503092196
falcon_h1,a100-80gb,8192,1,27,25.0,2048,4,192,False,2.266624093055725,0.007547212670003196
falcon_h1,a100-80gb,8192,4,27,25.0,2048,4,768,False,5.6401917934417725,0.008708339232999768
falcon_h1,a100-80gb,8192,16,27,25.0,2048,4,3072,False,21.711872100830078,0.005912969063252334
falcon_h1,a100-80gb,8192,32,27,25.0,2048,4,6144,False,43.03104019165039,0.0043922226376956535
falcon_h1,a100-80gb,2048,1,40,37.0,2048,1,192,False,0.696832001209259,0.007741575322223822
falcon_h1,a100-80gb,2048,4,40,37.0,2048,1,768,False,1.2216320037841797,0.004208246218664794
falcon_h1,a100-80gb,2048,16,40,37.0,2048,1,3072,False,4.098560094833374,0.00711170462704931
falcon_h1,a100-80gb,2048,32,40,37.0,2048,1,6144,False,7.920128107070923,0.003054842325565416
falcon_h1,a100-80gb,4096,1,40,37.0,2048,2,192,False,1.2139519453048706,0.006283677027757512
falcon_h1,a100-80gb,4096,4,40,37.0,2048,2,768,False,2.208255887031555,0.003945256530287267
falcon_h1,a100-80gb,4096,16,40,37.0,2048,2,3072,False,7.965183973312378,0.0041017135324251455
falcon_h1,a100-80gb,4096,32,40,37.0,2048,2,6144,False,15.622656345367432,0.007890595573394495
falcon_h1,a100-80gb,8192,1,40,37.0,2048,4,192,False,2.206719994544983,0.015763932893080698
falcon_h1,a100-80gb,8192,4,40,37.0,2048,4,768,False,4.172287940979004,0.006265158524260394
falcon_h1,a100-80gb,8192,16,40,37.0,2048,4,3072,False,15.699456214904785,0.0058566906583887085
falcon_h1,a100-80gb,8192,32,40,37.0,2048,4,6144,False,31.01696014404297,0.01045190118259384
falcon_h1,a100-80gb,2048,1,54,50.0,2048,1,192,False,0.6702080070972443,0.008402616157853978
falcon_h1,a100-80gb,2048,4,54,50.0,2048,1,768,False,1.0019840002059937,0.008573504297427207
falcon_h1,a100-80gb,2048,16,54,50.0,2048,1,3072,False,3.22816002368927,0.007097766662411621
falcon_h1,a100-80gb,2048,32,54,50.0,2048,1,6144,False,6.192640066146851,0.006063769559240122
falcon_h1,a100-80gb,4096,1,54,50.0,2048,2,192,False,1.1724799871444702,0.01282432441015409
falcon_h1,a100-80gb,4096,4,54,50.0,2048,2,768,False,1.7699840068817139,0.00474932929842271
falcon_h1,a100-80gb,4096,16,54,50.0,2048,2,3072,False,6.220288038253784,0.005478460687332115
falcon_h1,a100-80gb,4096,32,54,50.0,2048,2,6144,False,12.16051197052002,0.004875274526383631
falcon_h1,a100-80gb,8192,1,54,50.0,2048,4,192,False,2.1637120246887207,0.01377272422396365
falcon_h1,a100-80gb,8192,4,54,50.0,2048,4,768,False,3.2988160848617554,0.004450427301198172
falcon_h1,a100-80gb,8192,16,54,50.0,2048,4,3072,False,12.203519821166992,0.008595091497448653
falcon_h1,a100-80gb,8192,32,54,50.0,2048,4,6144,False,24.08601665496826,0.01110041099785129
falcon_h1,a100-80gb,2048,1,68,63.0,2048,1,192,False,0.6456319987773895,0.011933971897857991
falcon_h1,a100-80gb,2048,4,68,63.0,2048,1,768,False,0.8826879858970642,0.0049804343005145114
falcon_h1,a100-80gb,2048,16,68,63.0,2048,1,3072,False,2.774527907371521,0.0050638889620711535
falcon_h1,a100-80gb,2048,32,68,63.0,2048,1,6144,False,5.2654078006744385,0.0061020750924141295
falcon_h1,a100-80gb,4096,1,68,63.0,2048,2,192,False,1.1612160205841064,0.006726932804272928
falcon_h1,a100-80gb,4096,4,68,63.0,2048,2,768,False,1.5232000350952148,0.007905392435478033
falcon_h1,a100-80gb,4096,16,68,63.0,2048,2,3072,False,5.3048319816589355,0.009197040326670161
falcon_h1,a100-80gb,4096,32,68,63.0,2048,2,6144,False,10.29478406906128,0.010815852461096759
falcon_h1,a100-80gb,8192,1,68,63.0,2048,4,192,False,2.1575679779052734,0.012206675314562087
falcon_h1,a100-80gb,8192,4,68,63.0,2048,4,768,False,2.7960320711135864,0.005392629365312006
falcon_h1,a100-80gb,8192,16,68,63.0,2048,4,3072,False,10.366975784301758,0.005186579711164824
falcon_h1,a100-80gb,8192,32,68,63.0,2048,4,6144,False,20.34534454345703,0.015435303164808675
falcon_h1,a100-80gb,2048,1,81,75.0,2048,1,192,False,0.6292480230331421,0.007947277508932319
falcon_h1,a100-80gb,2048,4,81,75.0,2048,1,768,False,0.8289279937744141,0.006744245609437595
falcon_h1,a100-80gb,2048,16,81,75.0,2048,1,3072,False,2.5333759784698486,0.005135943294715137
falcon_h1,a100-80gb,2048,32,81,75.0,2048,1,6144,False,4.794879913330078,0.01182601975944785
falcon_h1,a100-80gb,4096,1,81,75.0,2048,2,192,False,1.133567988872528,0.007101864083389523
falcon_h1,a100-80gb,4096,4,81,75.0,2048,2,768,False,1.3916159868240356,0.007015207807049103
falcon_h1,a100-80gb,4096,16,81,75.0,2048,2,3072,False,4.8409600257873535,0.008529915895451762
falcon_h1,a100-80gb,4096,32,81,75.0,2048,2,6144,False,9.363967895507812,0.012355973704996593
falcon_h1,a100-80gb,8192,1,81,75.0,2048,4,192,False,2.13862407207489,0.007943582453109506
falcon_h1,a100-80gb,8192,4,81,75.0,2048,4,768,False,2.5026559829711914,0.006861616383885417
falcon_h1,a100-80gb,8192,16,81,75.0,2048,4,3072,False,9.467391967773438,0.013566009431720214
falcon_h1,a100-80gb,8192,32,81,75.0,2048,4,6144,False,18.476032257080078,0.05315613662085841
falcon_h1,a100-80gb,2048,1,94,87.0,2048,1,192,False,0.6261759996414185,0.008916577706590711
falcon_h1,a100-80gb,2048,4,94,87.0,2048,1,768,False,0.8023039996623993,0.007391269562631463
falcon_h1,a100-80gb,2048,16,94,87.0,2048,1,3072,False,2.4135680198669434,0.006241876092350676
falcon_h1,a100-80gb,2048,32,94,87.0,2048,1,6144,False,4.577280044555664,0.00665473405530538
falcon_h1,a100-80gb,4096,1,94,87.0,2048,2,192,False,1.1228159666061401,0.007934811773596057
falcon_h1,a100-80gb,4096,4,94,87.0,2048,2,768,False,1.3137919902801514,0.007391261671948019
falcon_h1,a100-80gb,4096,16,94,87.0,2048,2,3072,False,4.613631963729858,0.009041135836416565
falcon_h1,a100-80gb,4096,32,94,87.0,2048,2,6144,False,8.935424327850342,0.010927415021466968
falcon_h1,a100-80gb,8192,1,94,87.0,2048,4,192,False,2.120703935623169,0.013873856358710641
falcon_h1,a100-80gb,8192,4,94,87.0,2048,4,768,False,2.347007989883423,0.004975783504716668
falcon_h1,a100-80gb,8192,16,94,87.0,2048,4,3072,False,8.994304180145264,0.007684993310549804
falcon_h1,a100-80gb,8192,32,94,87.0,2048,4,6144,False,17.65068817138672,0.04267122025952423
falcon_h1,a100-80gb,2048,1,108,100.0,2048,1,192,False,0.6205440163612366,0.009461764345577967
falcon_h1,a100-80gb,2048,4,108,100.0,2048,1,768,False,0.7726079821586609,0.007412505275710996
falcon_h1,a100-80gb,2048,16,108,100.0,2048,1,3072,False,2.3813120126724243,0.006067720257817977
falcon_h1,a100-80gb,2048,32,108,100.0,2048,1,6144,False,4.45747184753418,0.013419286902021708
falcon_h1,a100-80gb,4096,1,108,100.0,2048,2,192,False,1.1253759860992432,0.006241826548477777
falcon_h1,a100-80gb,4096,4,108,100.0,2048,2,768,False,1.2861440181732178,0.22811491694065986
falcon_h1,a100-80gb,4096,16,108,100.0,2048,2,3072,False,4.504576206207275,0.0068513238096974865
falcon_h1,a100-80gb,4096,32,108,100.0,2048,2,6144,False,8.715263843536377,0.01973965491498427
falcon_h1,a100-80gb,8192,1,108,100.0,2048,4,192,False,2.1212159395217896,0.015475600358254231
falcon_h1,a100-80gb,8192,4,108,100.0,2048,4,768,False,2.2840319871902466,0.00486209043372762
falcon_h1,a100-80gb,8192,16,108,100.0,2048,4,3072,False,8.782847881317139,0.017841384244163514
falcon_h1,a100-80gb,8192,32,108,100.0,2048,4,6144,False,17.265664100646973,0.019692382868603607
falcon_h1,a100-80gb,4096,1,14,13.0,4096,1,384,False,1.5626239776611328,0.004403101225400578
falcon_h1,a100-80gb,4096,4,14,13.0,4096,1,1536,False,5.414400100708008,0.0055877935333598335
falcon_h1,a100-80gb,4096,16,14,13.0,4096,1,6144,False,21.06623935699463,0.005687084784378239
falcon_h1,a100-80gb,4096,32,14,13.0,4096,1,12288,False,41.839616775512695,0.005521080524005963
falcon_h1,a100-80gb,8192,1,14,13.0,4096,2,384,False,2.8835840225219727,0.006530984330257883
falcon_h1,a100-80gb,8192,4,14,13.0,4096,2,1536,False,10.602496147155762,0.004704772047046419
falcon_h1,a100-80gb,8192,16,14,13.0,4096,2,6144,False,41.93382453918457,0.003455594261826113
falcon_h1,a100-80gb,8192,32,14,13.0,4096,2,12288,False,83.51744079589844,0.010866971605661324
falcon_h1,a100-80gb,4096,1,27,25.0,4096,1,384,False,0.9466879963874817,0.005913057246330465
falcon_h1,a100-80gb,4096,4,27,25.0,4096,1,1536,False,2.9020159244537354,0.005741144562392246
falcon_h1,a100-80gb,4096,16,27,25.0,4096,1,6144,False,10.868224143981934,0.0038315005049096543
falcon_h1,a100-80gb,4096,32,27,25.0,4096,1,12288,False,21.45228862762451,0.0038147939510808403
falcon_h1,a100-80gb,8192,1,27,25.0,4096,2,384,False,1.6312320232391357,0.0050581685373638895
falcon_h1,a100-80gb,8192,4,27,25.0,4096,2,1536,False,5.563392162322998,0.005172095574259641
falcon_h1,a100-80gb,8192,16,27,25.0,4096,2,6144,False,21.518335342407227,0.0030550945702991017
falcon_h1,a100-80gb,8192,32,27,25.0,4096,2,12288,False,42.710527420043945,0.005707567179217518
falcon_h1,a100-80gb,4096,1,40,37.0,4096,1,384,False,0.8320000171661377,0.010214933944007697
falcon_h1,a100-80gb,4096,4,40,37.0,4096,1,1536,False,2.1611520051956177,0.004186064607840637
falcon_h1,a100-80gb,4096,16,40,37.0,4096,1,6144,False,7.869951963424683,0.005091533519261809
falcon_h1,a100-80gb,4096,32,40,37.0,4096,1,12288,False,15.485440254211426,0.0043832508272770195
falcon_h1,a100-80gb,8192,1,40,37.0,4096,2,384,False,1.3445119857788086,0.006367490259971148
falcon_h1,a100-80gb,8192,4,40,37.0,4096,2,1536,False,4.08678412437439,0.006083083585727991
falcon_h1,a100-80gb,8192,16,40,37.0,4096,2,6144,False,15.510015964508057,0.0066547919432235585
falcon_h1,a100-80gb,8192,32,40,37.0,4096,2,12288,False,30.77580738067627,0.007176555248830276
falcon_h1,a100-80gb,4096,1,54,50.0,4096,1,384,False,0.7577599883079529,0.008645922098708554
falcon_h1,a100-80gb,4096,4,54,50.0,4096,1,1536,False,1.7274880409240723,0.0031672222128824585
falcon_h1,a100-80gb,4096,16,54,50.0,4096,1,6144,False,6.146048069000244,0.0704131007586939
falcon_h1,a100-80gb,4096,32,54,50.0,4096,1,12288,False,11.994112014770508,0.006778686357952405
falcon_h1,a100-80gb,8192,1,54,50.0,4096,2,384,False,1.2733440399169922,0.0031946936158730034
falcon_h1,a100-80gb,8192,4,54,50.0,4096,2,1536,False,3.2122879028320312,0.003218312603248791
falcon_h1,a100-80gb,8192,16,54,50.0,4096,2,6144,False,12.051456451416016,0.004654956733395782
falcon_h1,a100-80gb,8192,32,54,50.0,4096,2,12288,False,23.773695945739746,0.011206931039544187
falcon_h1,a100-80gb,4096,1,68,63.0,4096,1,384,False,0.7321599721908569,0.007650743361440581
falcon_h1,a100-80gb,4096,4,68,63.0,4096,1,1536,False,1.4730240106582642,0.002678997849087625
falcon_h1,a100-80gb,4096,16,68,63.0,4096,1,6144,False,5.213183879852295,0.009696024600845631
falcon_h1,a100-80gb,4096,32,68,63.0,4096,1,12288,False,10.118144035339355,0.008784968669003626
falcon_h1,a100-80gb,8192,1,68,63.0,4096,2,384,False,1.227776050567627,0.00925761736067187
falcon_h1,a100-80gb,8192,4,68,63.0,4096,2,1536,False,2.70796799659729,0.004660093772471499
falcon_h1,a100-80gb,8192,16,68,63.0,4096,2,6144,False,10.199040412902832,0.008731794993696619
falcon_h1,a100-80gb,8192,32,68,63.0,4096,2,12288,False,20.009984016418457,0.014716539426562883
falcon_h1,a100-80gb,4096,1,81,75.0,4096,1,384,False,0.6963199973106384,0.008578272925284458
falcon_h1,a100-80gb,4096,4,81,75.0,4096,1,1536,False,1.324031949043274,0.004609898055488933
falcon_h1,a100-80gb,4096,16,81,75.0,4096,1,6144,False,4.715519905090332,0.016937888002865973
falcon_h1,a100-80gb,4096,32,81,75.0,4096,1,12288,False,9.162240028381348,0.02080197559960186
falcon_h1,a100-80gb,8192,1,81,75.0,4096,2,384,False,1.210368037223816,0.00528901173013274
falcon_h1,a100-80gb,8192,4,81,75.0,4096,2,1536,False,2.4227840900421143,0.005449532794136889
falcon_h1,a100-80gb,8192,16,81,75.0,4096,2,6144,False,9.21395206451416,0.014609882750836746
falcon_h1,a100-80gb,8192,32,81,75.0,4096,2,12288,False,18.10431957244873,0.07210738834005771
falcon_h1,a100-80gb,4096,1,94,87.0,4096,1,384,False,0.6865919828414917,0.007183431790651181
falcon_h1,a100-80gb,4096,4,94,87.0,4096,1,1536,False,1.2615679502487183,0.007321591583758902
falcon_h1,a100-80gb,4096,16,94,87.0,4096,1,6144,False,4.516863822937012,0.007997026445150103
falcon_h1,a100-80gb,4096,32,94,87.0,4096,1,12288,False,8.786943912506104,0.022718598469037902
falcon_h1,a100-80gb,8192,1,94,87.0,4096,2,384,False,1.1898880004882812,0.01044503224357002
falcon_h1,a100-80gb,8192,4,94,87.0,4096,2,1536,False,2.2947840690612793,0.007905357778177238
falcon_h1,a100-80gb,8192,16,94,87.0,4096,2,6144,False,8.797696113586426,0.04034037378797572
falcon_h1,a100-80gb,8192,32,94,87.0,4096,2,12288,False,17.414143562316895,0.015454952072633485
falcon_h1,a100-80gb,4096,1,108,100.0,4096,1,384,False,0.6712319850921631,0.008065871357741953
falcon_h1,a100-80gb,4096,4,108,100.0,4096,1,1536,False,1.218559980392456,0.008890440076986519
falcon_h1,a100-80gb,4096,16,108,100.0,4096,1,6144,False,4.405248165130615,0.013369190748831377
falcon_h1,a100-80gb,4096,32,108,100.0,4096,1,12288,False,8.521215915679932,0.025411722413180692
falcon_h1,a100-80gb,8192,1,108,100.0,4096,2,384,False,1.1796480417251587,0.010429405144026795
falcon_h1,a100-80gb,8192,4,108,100.0,4096,2,1536,False,2.2041600942611694,0.006713897944075359
falcon_h1,a100-80gb,8192,16,108,100.0,4096,2,6144,False,8.59443187713623,0.00972896225104807
falcon_h1,a100-80gb,8192,32,108,100.0,4096,2,12288,False,16.8591365814209,0.014295070825251756
