timestamp_ms,sm_util_pct,mem_util_pct,memory_used_mb,power_w
0.29434967041015625,100,16,10677.625,335.178
506.1947774887085,100,15,10677.625,101.634
1006.362771987915,0,0,10677.625,93.978
1506.4749431610107,0,0,10677.625,92.189
2006.6119499206543,61,9,10677.625,360.239
2507.0281686782837,100,17,10677.625,348.791
3007.2171325683594,100,14,10677.625,389.252
3507.409191131592,100,14,10677.625,373.787
4007.5963220596313,100,16,10677.625,371.14
4510.2102394104,100,17,10677.625,385.947
5010.4094524383545,100,16,10941.625,353.891
5510.63502407074,100,15,11197.625,284.147
6010.778532981873,100,54,11197.625,287.775
6510.885564804077,100,52,11197.625,285.664
7010.99125289917,100,53,11197.625,306.219
7511.0954694747925,100,37,11453.625,258.761
8011.216977119446,100,51,11453.625,211.309
8511.336651802063,91,86,11453.625,179.543
9011.45394229889,96,91,11453.625,251.22
9511.602821350098,100,56,11453.625,276.011
10011.732464790344,100,35,11455.625,274.494
10511.83416557312,100,58,11455.625,269.349
11011.93364238739,100,52,11455.625,265.434
11512.050580978394,100,54,11455.625,283.546
12012.172198295593,100,51,11455.625,277.529
12512.272536277771,100,22,11457.625,262.995
13012.385407447815,100,30,11457.625,265.11
13512.5134973526,100,31,11457.625,259.086
14012.615909576416,100,26,11457.625,250.293
14512.73541355133,100,31,11457.625,261.204
15012.846691131592,100,34,11457.625,318.26
15512.999396324158,100,14,11457.625,385.947
16013.165176391602,100,16,12397.625,346.95
16927.629631996155,100,17,12603.625,383.829
17459.164707183838,5,1,12603.625,91.595
17959.338843345642,0,0,12731.625,88.225
18493.160323143005,80,11,12751.625,301.666
18993.297510147095,100,17,12751.625,295.317
19493.44172000885,100,16,12751.625,298.029
19993.543029785156,100,16,12751.625,283.276
20493.64879798889,100,14,12751.625,290.487
20993.764394760132,100,14,12751.625,309.855
21795.025782585144,100,17,12751.625,289.57
22295.131400108337,100,17,12751.625,296.565
22795.230756759644,100,16,12751.625,285.341
23295.350680351257,100,17,12751.625,288.969
23795.458632469177,100,14,12751.625,300.741
24295.566875457764,100,15,12751.625,290.487
24795.672282218933,100,14,12751.625,294.724
25295.801244735718,100,13,12751.625,297.76
25795.90819454193,100,15,12751.625,288.7
26296.01692867279,100,15,12751.625,300.148
26796.13122177124,100,17,12751.625,288.969
27296.228003501892,100,17,12751.625,295.317
27796.335745811462,100,16,12751.625,300.148
28296.44990825653,99,16,12751.625,256.705
28796.5493144989,93,14,12751.625,240.973
29296.64530467987,93,14,12751.625,240.298
29796.741905212402,93,13,12751.625,294.123
30296.80454349518,100,16,12751.625,295.048
30796.92170238495,100,16,12751.625,275.41
31297.03449344635,100,17,12751.625,284.47
31797.1401014328,100,15,12751.625,305.294
32297.253303527832,100,15,12751.625,295.03
32797.36196613312,100,14,12751.625,300.741
33297.458086013794,100,13,12751.625,305.294
33797.5705871582,100,15,12751.625,288.969
34297.706040382385,100,15,12751.625,303.507
34797.8021402359,100,17,12751.625,288.969
35297.89873123169,100,15,12751.625,288.376
35797.998046875,100,14,12751.625,299.277
36298.11879348755,100,14,12751.625,294.123
36798.218470573425,100,15,12751.625,278.399
37298.31351852417,100,15,12751.625,291.412
37798.40807533264,100,17,12751.625,305.895
38298.50290298462,100,17,12751.625,297.76
38798.60489463806,100,16,12751.625,316.141
39298.70076370239,100,16,12751.625,281.758
39798.798466682434,100,14,12751.625,294.724
40298.990114212036,93,14,12751.625,254.263
40799.11915588379,93,14,12751.625,253.932
41299.23571395874,100,15,12751.625,302.259
41816.233803749084,100,17,12751.625,312.567
42316.327858924866,100,16,12751.625,295.317
42816.42334842682,100,16,12751.625,312.567
43316.56469249725,100,17,12751.625,281.165
43816.813446998596,100,15,12751.625,288.106
44316.917841911316,100,15,12751.625,303.183
44817.016377449036,100,13,12751.625,299.87
45317.110924720764,100,14,12751.625,314.678
45817.20841693878,100,15,12751.625,289.301
46317.32433319092,100,15,12751.625,295.641
46817.43565273285,100,17,12751.625,305.625
47317.543915748596,100,14,12751.625,300.471
47860.41827201843,100,16,12751.625,288.969
48482.212164878845,100,17,12751.625,303.183
48982.35768699646,100,17,12751.625,297.436
49776.891246795654,100,14,12751.625,301.989
50276.99755573273,100,17,12751.625,309.2
50777.091881752014,100,15,12751.625,305.625
51277.18374347687,99,17,12751.625,256.05
51792.3102312088,93,14,12751.625,246.721
52292.4045085907,93,14,12751.625,249.432
52792.515345573425,100,15,12751.625,303.183
53292.629499435425,100,14,12751.625,292.606
53792.723996162415,100,14,12751.625,307.736
54292.825927734375,100,15,12751.625,290.818
54792.91910171509,100,15,12751.625,302.259
55293.01172542572,100,17,12751.625,308.607
55793.119376182556,100,17,12751.625,295.911
56293.25567150116,100,16,12751.625,300.148
56793.34952735901,100,17,12751.625,289.301
57293.45141792297,100,14,12751.625,297.159
57793.54734802246,100,15,12751.625,309.855
58293.6415643692,100,14,12751.625,301.065
58793.735129356384,100,13,12751.625,307.736
59293.826290130615,100,16,12751.625,303.776
59793.935064315796,100,15,12751.625,297.76
60294.04664325714,100,17,12751.625,301.065
60794.14935493469,100,17,12751.625,287.775
61294.24830055237,100,15,12751.625,300.741
61794.339431762695,100,16,12751.625,309.531
62294.42725658417,100,14,12751.625,285.063
62794.52097129822,93,14,12751.625,248.766
63294.6222114563,93,14,12751.625,244.61
63794.7557516098,100,15,12751.625,298.622
64294.85114955902,100,17,12751.625,309.531
64794.949323654175,100,17,12751.625,304.701
65295.04486274719,100,16,12751.625,321.295
65795.15788459778,100,16,12751.625,299.547
66295.35925006866,100,14,12751.625,299.547
66795.45531082153,100,14,12751.625,308.607
67295.55837345123,100,14,12751.625,301.989
67795.64936351776,100,14,12751.625,306.82
68295.75294780731,100,16,12751.625,305.625
68795.86286354065,100,15,12751.625,300.471
69295.95939445496,100,17,12751.625,284.147
69796.04838180542,100,17,12751.625,303.776
70296.16404724121,100,15,12751.625,315.278
70796.27574634552,100,16,12751.625,300.741
71296.37248706818,100,14,12751.625,313.761
71817.32485198975,100,14,12751.625,282.629
72317.4313621521,100,15,12751.625,301.666
72817.57868766785,100,14,12751.625,314.03
73317.71650505066,100,17,12751.625,308.93
73817.86666679382,93,14,12751.625,246.051
74317.98511791229,93,14,12751.625,252.745
74818.10941028595,94,14,12751.625,293.53
75318.2521276474,100,14,12751.625,312.836
75818.36115169525,100,14,12751.625,291.681
76318.60058879852,100,14,12751.625,302.259
76818.72329425812,100,14,12751.625,315.548
77318.8639125824,100,16,12751.625,308.607
77862.22579860687,100,16,12751.625,307.089
78362.33473777771,100,17,12751.625,277.205
78862.4556388855,100,15,12751.625,300.148
79362.58725166321,100,16,12751.625,314.354
79862.70409679413,100,13,12751.625,304.1
80362.82055950165,100,14,12751.625,317.066
80862.92386817932,100,15,12751.625,294.724
81363.02824020386,100,15,12751.625,292.012
81863.16407966614,100,17,12751.625,308.337
82363.29909801483,100,17,12751.625,290.217
82863.40747642517,100,16,12751.625,310.448
83363.51331996918,100,17,12751.625,295.048
83863.60979747772,100,14,12751.625,304.971
84363.71323680878,100,15,12751.625,293.53
84863.81737709045,100,14,12751.625,257.565
85363.92736911774,93,14,12751.625,250.357
85864.03030776978,93,14,12751.625,254.856
86364.16192913055,100,16,12751.625,318.26
86864.26205253601,100,16,12751.625,287.775
87364.38225364685,100,17,12751.625,292.606
87864.47607421875,100,15,12751.625,313.43
88364.57399463654,100,15,12751.625,306.82
88864.67526912689,100,13,12751.625,318.584
89364.76893043518,100,14,12751.625,305.294
89864.87466430664,100,15,12751.625,298.954
90365.029047966,100,15,12751.625,316.796
90865.15356731415,100,17,12751.625,303.776
91365.2841873169,100,17,12751.625,307.413
91865.37595558167,100,16,12751.625,308.607
92365.47578716278,100,16,12751.625,307.089
92865.58404636383,100,14,12751.625,318.584
93365.67505264282,100,15,12751.625,292.336
93865.7681722641,100,14,12751.625,297.436
94365.86423873901,100,13,12751.625,310.125
94865.96232700348,100,15,12751.625,299.547
95366.06344223022,100,15,12751.625,287.775
95866.16963768005,100,17,12751.625,282.352
96366.2804107666,93,14,12751.625,249.109
96866.54966926575,94,14,12751.625,253.925
97366.65739631653,96,14,12751.625,309.855
97866.79129219055,100,13,12751.625,305.625
98366.88901138306,100,14,12751.625,305.625
98866.98423576355,100,15,12751.625,284.74
99367.08632278442,100,15,12751.625,314.955
99867.22336387634,100,17,12751.625,312.836
100367.3353395462,100,17,12751.625,306.82
100867.43383026123,100,16,12751.625,319.778
101367.52986526489,100,17,12751.625,290.818
101867.62981796265,100,14,12751.625,309.531
102367.73645401001,100,15,12751.625,293.53
102867.83093643188,100,17,12751.625,305.895
103367.9399061203,100,17,12751.625,308.607
103868.04385662079,100,15,12751.625,292.012
104368.17115020752,100,17,12751.625,302.86
104868.26645469666,100,17,12751.625,285.063
105368.36146831512,100,15,12751.625,304.701
105868.50147628784,100,15,12751.625,322.22
106368.72697353363,100,13,12751.625,309.531
106868.82523345947,100,14,12751.625,311.049
107368.92080688477,97,15,12751.625,256.972
107869.01456928253,93,13,12751.625,248.508
108369.11594390869,93,14,12751.625,253.662
108869.2199048996,100,17,12751.625,304.377
109369.32975673676,100,17,12751.625,311.049
109869.42105293274,100,16,12751.625,308.006
110369.5123500824,100,17,12751.625,298.353
110869.60710334778,100,14,12751.625,310.125
111369.69648647308,100,15,12751.625,300.471
111869.79092979431,100,14,12751.625,301.989
112369.89104270935,100,13,12751.625,311.642
112869.9816570282,100,15,12751.625,303.183
113370.06999969482,100,15,12751.625,308.607
113870.179189682,100,17,12751.625,280.834
114370.27923202515,100,17,12751.625,297.159
114870.38796138763,100,16,12751.625,311.642
115370.47930812836,100,16,12751.625,299.277
115870.56944274902,100,14,12751.625,317.066
116370.6569519043,100,14,12751.625,288.376
116870.75001239777,100,14,12751.625,308.006
117370.85339260101,100,14,12751.625,312.567
117870.9836511612,100,16,12751.625,306.82
118371.07277393341,100,15,12751.625,318.26
118871.18061161041,93,13,12751.625,256.05
119371.27074623108,94,14,12751.625,249.702
119871.36268424988,93,14,12751.625,284.442
120371.45268821716,100,15,12751.625,299.277
120871.55249118805,100,17,12751.625,314.678
121371.66922569275,100,17,12751.625,306.488
121871.75813770294,100,16,12751.625,315.872
122371.95053291321,100,17,12751.625,292.606
122872.15079307556,100,15,12751.625,293.199
123372.24048614502,100,15,12751.625,317.99
123872.33023071289,100,14,12751.625,303.776
124372.42521476746,100,14,12751.625,315.548
124872.5254573822,100,15,12751.625,299.87
125372.6178560257,100,15,12751.625,298.353
125872.71114730835,100,17,12751.625,306.82
126372.79844665527,100,17,12751.625,293.8
126872.90169525146,100,16,12751.625,305.294
127372.99408435822,100,16,12751.625,304.971
127873.08695411682,100,14,12751.625,303.183
128373.18737697601,100,15,12751.625,322.22
128873.30014419556,100,14,12751.625,311.049
129373.3905992508,100,13,12751.625,311.642
129873.48341941833,100,16,12751.625,249.961
130373.61993026733,93,14,12751.625,257.298
130873.71110725403,93,14,12751.625,255.121
131373.80211353302,100,17,12751.625,290.217
131873.903008461,100,15,12751.625,307.413
132374.03651332855,100,16,12751.625,311.049
132874.13217830658,100,13,12751.625,309.2
133374.2298669815,100,14,12751.625,318.584
133874.32945919037,100,15,12751.625,294.123
134374.42380142212,100,15,12751.625,298.029
134874.51754379272,100,17,12751.625,315.872
135374.61196517944,100,17,12751.625,309.2
135874.71957206726,100,16,12751.625,313.761
136374.82239151,100,17,12751.625,298.622
136874.95210933685,100,14,12751.625,301.666
137375.05611991882,100,17,12751.625,295.048
137875.15390872955,100,15,12751.625,311.319
138375.25609493256,100,13,12751.625,313.43
138875.35418510437,100,15,12751.625,303.507
139375.4460029602,100,17,12751.625,321.619
139875.54701805115,100,17,12751.625,292.012
140375.65095996857,100,15,12751.625,311.319
140875.74780464172,100,16,12751.625,313.16
141375.86917304993,95,14,12751.625,262.991
141876.05080509186,93,14,12751.625,256.705
142376.15253829956,94,14,12751.625,252.745
142876.24516391754,99,15,12751.625,313.16
143376.376121521,100,16,12751.625,307.089
143876.47377681732,100,15,12751.625,303.507
144376.57156276703,100,17,12751.625,323.414
144876.6670036316,100,17,12751.625,300.148
145376.923163414,100,15,12751.625,303.507
145877.08524894714,100,16,12751.625,317.99
146377.20466518402,100,14,12751.625,299.277
146877.30165958405,100,14,12751.625,306.219
147377.39930438995,100,15,12751.625,283.546
147877.5080499649,100,14,12751.625,309.2
148377.60379123688,100,17,12751.625,320.101
148877.7036113739,100,15,12751.625,313.16
149377.80311012268,100,17,12751.625,324.331
149877.90031433105,100,17,12751.625,297.76
150378.0123167038,100,15,12751.625,307.736
150878.12201404572,100,14,12751.625,322.22
151378.2614774704,100,13,12751.625,306.219
151878.35993289948,100,16,12751.625,317.667
152378.45900154114,100,15,12751.625,305.294
152878.56773757935,100,17,12751.625,251.812
153378.66512203217,93,14,12751.625,262.129
153878.75935173035,93,14,12751.625,251.211
154378.85612392426,100,15,12751.625,312.567
154878.95702552795,100,14,12751.625,305.895
155379.0627450943,100,13,12751.625,314.955
155879.1690273285,100,15,12751.625,316.141
