"# value_kind: measured=solo_prefill_ms,solo_decode_ms,prefill_stream_ms,decode_stream_ms,concurrent_ms; derived=overlap_ratio,speedup_vs_seq,decode_inflation_pct,combined_tok_per_ms; metadata=model,device,config_status,prefill_layer,decode_layer,decode_batch,context_len,prefill_tokens,chunk,prefill_mode,prefill_batch,n_chunks,backend,prefill_sm_frac,prefill_sm,decode_sm,status"
model__metadata,device__metadata,config_status__metadata,prefill_layer__metadata,decode_layer__metadata,decode_batch__metadata,context_len__metadata,prefill_tokens__metadata,chunk__metadata,prefill_mode__metadata,prefill_batch__metadata,n_chunks__metadata,backend__metadata,prefill_sm_frac__metadata,prefill_sm__metadata,decode_sm__metadata,status__metadata,solo_prefill_ms__measured,solo_decode_ms__measured,prefill_stream_ms__measured,decode_stream_ms__measured,concurrent_ms__measured,overlap_ratio__derived,speedup_vs_seq__derived,decode_inflation_pct__derived,combined_tok_per_ms__derived
zamba2_7b,a100_sxm4_80gb,verified,ssm,attn,1,4096,256,256,full,1,1,sequential,,108,108,ok,0.6502,0.1137,0.6502,0.1137,0.7639,1.0,1.0,0.0,336.4297
zamba2_7b,a100_sxm4_80gb,verified,ssm,attn,1,4096,256,256,full,1,1,two_stream,,108,108,ok,0.6502,0.1137,0.6508,0.128,0.6508,0.8519,1.1739,12.6126,394.9277
zamba2_7b,a100_sxm4_80gb,verified,ssm,attn,1,4096,256,256,full,1,1,green_ctx,0.5,54,54,ok,0.6502,0.1137,0.7219,0.1833,0.7219,0.945,1.0582,61.2613,355.9951
zamba2_7b,a100_sxm4_80gb,verified,ssm,attn,1,4096,256,256,full,1,1,green_ctx,0.7,76,32,ok,0.6502,0.1137,0.7158,0.2529,0.7158,0.937,1.0672,122.5225,359.0509
zamba2_7b,a100_sxm4_80gb,verified,ssm,attn,1,4096,256,256,full,1,1,green_ctx_protect,,,,failed:no_room(decode_floor=None),,,,,,,,,
zamba2_7b,a100_sxm4_80gb,verified,ssm,attn,2,4096,256,256,full,1,1,sequential,,108,108,ok,0.6395,0.1792,0.6395,0.1792,0.8187,1.0,1.0,0.0,315.1384
zamba2_7b,a100_sxm4_80gb,verified,ssm,attn,2,4096,256,256,full,1,1,two_stream,,108,108,ok,0.6395,0.1792,0.6518,0.1905,0.6518,0.7961,1.2561,6.2857,395.8415
zamba2_7b,a100_sxm4_80gb,verified,ssm,attn,2,4096,256,256,full,1,1,green_ctx,0.5,54,54,ok,0.6395,0.1792,0.724,0.3011,0.724,0.8843,1.1308,68.0,356.3693
zamba2_7b,a100_sxm4_80gb,verified,ssm,attn,2,4096,256,256,full,1,1,green_ctx,0.7,76,32,ok,0.6395,0.1792,0.7199,0.4332,0.7199,0.8793,1.1373,141.7143,358.397
zamba2_7b,a100_sxm4_80gb,verified,ssm,attn,2,4096,256,256,full,1,1,green_ctx_protect,,,,failed:no_room(decode_floor=None),,,,,,,,,
zamba2_7b,a100_sxm4_80gb,verified,ssm,attn,4,4096,256,256,full,1,1,sequential,,108,108,ok,0.6451,0.3297,0.6451,0.3297,0.9748,1.0,1.0,0.0,266.7082
zamba2_7b,a100_sxm4_80gb,verified,ssm,attn,4,4096,256,256,full,1,1,two_stream,,108,108,ok,0.6451,0.3297,0.6584,0.3338,0.6584,0.6754,1.4806,1.2422,394.8775
zamba2_7b,a100_sxm4_80gb,verified,ssm,attn,4,4096,256,256,full,1,1,green_ctx,0.5,54,54,ok,0.6451,0.3297,0.726,0.5514,0.726,0.7447,1.3427,67.236,358.1188
zamba2_7b,a100_sxm4_80gb,verified,ssm,attn,4,4096,256,256,full,1,1,green_ctx,0.7,76,32,ok,0.6451,0.3297,0.7265,0.8212,0.8212,0.8424,1.187,149.0683,316.5913
zamba2_7b,a100_sxm4_80gb,verified,ssm,attn,4,4096,256,256,full,1,1,green_ctx_protect,,,,failed:no_room(decode_floor=None),,,,,,,,,
zamba2_7b,a100_sxm4_80gb,verified,ssm,attn,8,4096,256,256,full,1,1,sequential,,108,108,ok,0.6359,0.9595,0.6359,0.9595,1.5954,1.0,1.0,0.0,165.4766
zamba2_7b,a100_sxm4_80gb,verified,ssm,attn,8,4096,256,256,full,1,1,two_stream,,108,108,ok,0.6359,0.9595,0.6646,0.9656,0.9656,0.6053,1.6522,0.6403,273.3961
zamba2_7b,a100_sxm4_80gb,verified,ssm,attn,8,4096,256,256,full,1,1,green_ctx,0.5,54,54,ok,0.6359,0.9595,0.7347,1.5882,1.5882,0.9955,1.0045,65.5283,166.2234
zamba2_7b,a100_sxm4_80gb,verified,ssm,attn,8,4096,256,256,full,1,1,green_ctx,0.7,76,32,ok,0.6359,0.9595,0.724,2.5303,2.5303,1.586,0.6305,163.714,104.3353
zamba2_7b,a100_sxm4_80gb,verified,ssm,attn,8,4096,256,256,full,1,1,green_ctx_protect,,,,failed:no_room(decode_floor=None),,,,,,,,,
zamba2_7b,a100_sxm4_80gb,verified,ssm,attn,16,4096,256,256,full,1,1,sequential,,108,108,ok,0.638,1.5831,0.638,1.5831,2.2211,1.0,1.0,0.0,122.4643
zamba2_7b,a100_sxm4_80gb,verified,ssm,attn,16,4096,256,256,full,1,1,two_stream,,108,108,ok,0.638,1.5831,0.6676,1.6108,1.6108,0.7252,1.3789,1.7464,168.8652
zamba2_7b,a100_sxm4_80gb,verified,ssm,attn,16,4096,256,256,full,1,1,green_ctx,0.5,54,54,ok,0.638,1.5831,0.7332,3.1437,3.1437,1.4154,0.7065,98.577,86.5228
zamba2_7b,a100_sxm4_80gb,verified,ssm,attn,16,4096,256,256,full,1,1,green_ctx,0.7,76,32,ok,0.638,1.5831,0.7199,5.0345,5.0345,2.2667,0.4412,218.0142,54.0273
zamba2_7b,a100_sxm4_80gb,verified,ssm,attn,16,4096,256,256,full,1,1,green_ctx_protect,,,,failed:no_room(decode_floor=None),,,,,,,,,
zamba2_7b,a100_sxm4_80gb,verified,ssm,attn,32,4096,256,256,full,1,1,sequential,,108,108,ok,0.642,3.2072,0.642,3.2072,3.8492,1.0,1.0,0.0,74.8204
zamba2_7b,a100_sxm4_80gb,verified,ssm,attn,32,4096,256,256,full,1,1,two_stream,,108,108,ok,0.642,3.2072,0.6728,3.1805,3.1805,0.8263,1.2102,-0.8301,90.5506
zamba2_7b,a100_sxm4_80gb,verified,ssm,attn,32,4096,256,256,full,1,1,green_ctx,0.5,54,54,ok,0.642,3.2072,0.7332,5.9689,5.9689,1.5507,0.6449,86.1111,48.2501
zamba2_7b,a100_sxm4_80gb,verified,ssm,attn,32,4096,256,256,full,1,1,green_ctx,0.7,76,32,ok,0.642,3.2072,0.7286,10.0362,10.0362,2.6073,0.3835,212.931,28.6961
zamba2_7b,a100_sxm4_80gb,verified,ssm,attn,32,4096,256,256,full,1,1,green_ctx_protect,,,,failed:no_room(decode_floor=None),,,,,,,,,
zamba2_7b,a100_sxm4_80gb,verified,ssm,attn,64,4096,256,256,full,1,1,sequential,,108,108,ok,0.6446,6.2413,0.6446,6.2413,6.8859,1.0,1.0,0.0,46.4719
zamba2_7b,a100_sxm4_80gb,verified,ssm,attn,64,4096,256,256,full,1,1,two_stream,,108,108,ok,0.6446,6.2413,0.6769,6.1875,6.1875,0.8986,1.1129,-0.8614,51.717
zamba2_7b,a100_sxm4_80gb,verified,ssm,attn,64,4096,256,256,full,1,1,green_ctx,0.5,54,54,ok,0.6446,6.2413,0.7378,11.9137,11.9137,1.7302,0.578,90.886,26.8598
zamba2_7b,a100_sxm4_80gb,verified,ssm,attn,64,4096,256,256,full,1,1,green_ctx,0.7,76,32,ok,0.6446,6.2413,0.7337,20.0602,20.0602,2.9132,0.3433,221.411,15.952
zamba2_7b,a100_sxm4_80gb,verified,ssm,attn,64,4096,256,256,full,1,1,green_ctx_protect,,,,failed:no_room(decode_floor=None),,,,,,,,,
zamba2_7b,a100_sxm4_80gb,verified,ssm,attn,128,4096,256,256,full,1,1,sequential,,108,108,ok,0.6426,12.542,0.6426,12.542,13.1845,1.0,1.0,0.0,29.1251
zamba2_7b,a100_sxm4_80gb,verified,ssm,attn,128,4096,256,256,full,1,1,two_stream,,108,108,ok,0.6426,12.542,0.684,12.3904,12.3904,0.9398,1.0641,-1.2084,30.9917
zamba2_7b,a100_sxm4_80gb,verified,ssm,attn,128,4096,256,256,full,1,1,green_ctx,0.5,54,54,ok,0.6426,12.542,0.7465,23.7481,23.7481,1.8012,0.5552,89.3493,16.1697
zamba2_7b,a100_sxm4_80gb,verified,ssm,attn,128,4096,256,256,full,1,1,green_ctx,0.7,76,32,ok,0.6426,12.542,0.7455,40.0988,40.0988,3.0414,0.3288,219.7175,9.5763
zamba2_7b,a100_sxm4_80gb,verified,ssm,attn,128,4096,256,256,full,1,1,green_ctx_protect,,,,failed:no_room(decode_floor=None),,,,,,,,,
zamba2_7b,a100_sxm4_80gb,verified,ssm,attn,256,4096,256,256,full,1,1,sequential,,108,108,ok,0.6508,25.2191,0.6508,25.2191,25.8698,1.0,1.0,0.0,19.7914
zamba2_7b,a100_sxm4_80gb,verified,ssm,attn,256,4096,256,256,full,1,1,two_stream,,108,108,ok,0.6508,25.2191,0.6927,25.0327,25.0327,0.9676,1.0334,-0.739,20.4532
zamba2_7b,a100_sxm4_80gb,verified,ssm,attn,256,4096,256,256,full,1,1,green_ctx,0.5,54,54,ok,0.6508,25.2191,0.7608,47.3656,47.3656,1.8309,0.5462,87.8167,10.8095
zamba2_7b,a100_sxm4_80gb,verified,ssm,attn,256,4096,256,256,full,1,1,green_ctx,0.7,76,32,ok,0.6508,25.2191,0.7675,79.959,79.959,3.0908,0.3235,217.0578,6.4033
zamba2_7b,a100_sxm4_80gb,verified,ssm,attn,256,4096,256,256,full,1,1,green_ctx_protect,,,,failed:no_room(decode_floor=None),,,,,,,,,
zamba2_7b,a100_sxm4_80gb,verified,ssm,attn,512,4096,256,256,full,1,1,sequential,,,,failed:OutOfMemoryError,,,,,,,,,
zamba2_7b,a100_sxm4_80gb,verified,ssm,attn,512,4096,256,256,full,1,1,two_stream,,,,failed:OutOfMemoryError,,,,,,,,,
zamba2_7b,a100_sxm4_80gb,verified,ssm,attn,512,4096,256,256,full,1,1,green_ctx,0.5,,,failed:OutOfMemoryError,,,,,,,,,
zamba2_7b,a100_sxm4_80gb,verified,ssm,attn,512,4096,256,256,full,1,1,green_ctx,0.7,,,failed:OutOfMemoryError,,,,,,,,,
zamba2_7b,a100_sxm4_80gb,verified,ssm,ssm,1,4096,256,256,full,1,1,sequential,,108,108,ok,0.6456,0.5171,0.6456,0.5171,1.1628,1.0,1.0,0.0,221.0274
zamba2_7b,a100_sxm4_80gb,verified,ssm,ssm,1,4096,256,256,full,1,1,two_stream,,108,108,ok,0.6456,0.5171,0.6569,0.5171,0.6569,0.5649,1.7701,0.0,391.2339
zamba2_7b,a100_sxm4_80gb,verified,ssm,ssm,1,4096,256,256,full,1,1,green_ctx,0.5,54,54,ok,0.6456,0.5171,0.7132,0.5181,0.7132,0.6134,1.6303,0.198,360.3396
zamba2_7b,a100_sxm4_80gb,verified,ssm,ssm,1,4096,256,256,full,1,1,green_ctx,0.7,76,32,ok,0.6456,0.5171,0.703,0.5243,0.703,0.6046,1.654,1.3861,365.5886
zamba2_7b,a100_sxm4_80gb,verified,ssm,ssm,1,4096,256,256,full,1,1,green_ctx_protect,,,,failed:no_room(decode_floor=None),,,,,,,,,
zamba2_7b,a100_sxm4_80gb,verified,ssm,ssm,2,4096,256,256,full,1,1,sequential,,108,108,ok,0.638,0.5202,0.638,0.5202,1.1581,1.0,1.0,0.0,222.7702
zamba2_7b,a100_sxm4_80gb,verified,ssm,ssm,2,4096,256,256,full,1,1,two_stream,,108,108,ok,0.638,0.5202,0.6482,0.5161,0.6482,0.5597,1.7867,-0.7874,398.0302
zamba2_7b,a100_sxm4_80gb,verified,ssm,ssm,2,4096,256,256,full,1,1,green_ctx,0.5,54,54,ok,0.638,0.5202,0.7045,0.5253,0.7045,0.6083,1.6439,0.9842,366.2109
zamba2_7b,a100_sxm4_80gb,verified,ssm,ssm,2,4096,256,256,full,1,1,green_ctx,0.7,76,32,ok,0.638,0.5202,0.6963,0.5509,0.6963,0.6012,1.6632,5.9055,370.5193
zamba2_7b,a100_sxm4_80gb,verified,ssm,ssm,2,4096,256,256,full,1,1,green_ctx_protect,,,,failed:no_room(decode_floor=None),,,,,,,,,
zamba2_7b,a100_sxm4_80gb,verified,ssm,ssm,4,4096,256,256,full,1,1,sequential,,108,108,ok,0.6287,0.51,0.6287,0.51,1.1387,1.0,1.0,0.0,228.333
zamba2_7b,a100_sxm4_80gb,verified,ssm,ssm,4,4096,256,256,full,1,1,two_stream,,108,108,ok,0.6287,0.51,0.6395,0.5207,0.6395,0.5616,1.7806,2.1084,406.5753
zamba2_7b,a100_sxm4_80gb,verified,ssm,ssm,4,4096,256,256,full,1,1,green_ctx,0.5,54,54,ok,0.6287,0.51,0.704,0.5612,0.704,0.6183,1.6175,10.0402,369.3182
zamba2_7b,a100_sxm4_80gb,verified,ssm,ssm,4,4096,256,256,full,1,1,green_ctx,0.7,76,32,ok,0.6287,0.51,0.7014,0.6195,0.7014,0.616,1.6234,21.4859,370.6661
zamba2_7b,a100_sxm4_80gb,verified,ssm,ssm,4,4096,256,256,full,1,1,green_ctx_protect,,,,failed:no_room(decode_floor=None),,,,,,,,,
zamba2_7b,a100_sxm4_80gb,verified,ssm,ssm,8,4096,256,256,full,1,1,sequential,,108,108,ok,0.6374,0.554,0.6374,0.554,1.1914,1.0,1.0,0.0,221.5836
zamba2_7b,a100_sxm4_80gb,verified,ssm,ssm,8,4096,256,256,full,1,1,two_stream,,108,108,ok,0.6374,0.554,0.641,0.5647,0.641,0.538,1.8586,1.9409,411.8411
zamba2_7b,a100_sxm4_80gb,verified,ssm,ssm,8,4096,256,256,full,1,1,green_ctx,0.5,54,54,ok,0.6374,0.554,0.7076,0.6533,0.7076,0.5939,1.6838,17.9298,373.1006
zamba2_7b,a100_sxm4_80gb,verified,ssm,ssm,8,4096,256,256,full,1,1,green_ctx,0.7,76,32,ok,0.6374,0.554,0.703,0.766,0.766,0.6429,1.5555,38.2625,344.6691
zamba2_7b,a100_sxm4_80gb,verified,ssm,ssm,8,4096,256,256,full,1,1,green_ctx_protect,,,,failed:no_room(decode_floor=None),,,,,,,,,
zamba2_7b,a100_sxm4_80gb,verified,ssm,ssm,16,4096,256,256,full,1,1,sequential,,108,108,ok,0.6364,0.6523,0.6364,0.6523,1.2887,1.0,1.0,0.0,211.0648
zamba2_7b,a100_sxm4_80gb,verified,ssm,ssm,16,4096,256,256,full,1,1,two_stream,,108,108,ok,0.6364,0.6523,0.6441,0.6559,0.6569,0.5097,1.9618,0.5494,414.0686
zamba2_7b,a100_sxm4_80gb,verified,ssm,ssm,16,4096,256,256,full,1,1,green_ctx,0.5,54,54,ok,0.6364,0.6523,0.7127,0.8238,0.8238,0.6393,1.5643,26.2951,330.174
zamba2_7b,a100_sxm4_80gb,verified,ssm,ssm,16,4096,256,256,full,1,1,green_ctx,0.7,76,32,ok,0.6364,0.6523,0.7101,1.0445,1.0445,0.8105,1.2338,60.1256,260.4167
zamba2_7b,a100_sxm4_80gb,verified,ssm,ssm,16,4096,256,256,full,1,1,green_ctx_protect,,,,failed:no_room(decode_floor=None),,,,,,,,,
zamba2_7b,a100_sxm4_80gb,verified,ssm,ssm,32,4096,256,256,full,1,1,sequential,,108,108,ok,0.6303,0.8182,0.6303,0.8182,1.4484,1.0,1.0,0.0,198.8335
zamba2_7b,a100_sxm4_80gb,verified,ssm,ssm,32,4096,256,256,full,1,1,two_stream,,108,108,ok,0.6303,0.8182,0.6508,0.8223,0.8223,0.5677,1.7615,0.5006,350.2491
zamba2_7b,a100_sxm4_80gb,verified,ssm,ssm,32,4096,256,256,full,1,1,green_ctx,0.5,54,54,ok,0.6303,0.8182,0.7204,1.1566,1.1566,0.7985,1.2523,41.3642,249.004
zamba2_7b,a100_sxm4_80gb,verified,ssm,ssm,32,4096,256,256,full,1,1,green_ctx,0.7,76,32,ok,0.6303,0.8182,0.7178,1.6461,1.6461,1.1364,0.8799,101.189,174.9611
zamba2_7b,a100_sxm4_80gb,verified,ssm,ssm,32,4096,256,256,full,1,1,green_ctx_protect,,,,failed:no_room(decode_floor=None),,,,,,,,,
zamba2_7b,a100_sxm4_80gb,verified,ssm,ssm,64,4096,256,256,full,1,1,sequential,,108,108,ok,0.6344,1.1663,0.6344,1.1663,1.8007,1.0,1.0,0.0,177.7083
zamba2_7b,a100_sxm4_80gb,verified,ssm,ssm,64,4096,256,256,full,1,1,two_stream,,108,108,ok,0.6344,1.1663,0.6579,1.1715,1.1715,0.6506,1.5372,0.439,273.1643
zamba2_7b,a100_sxm4_80gb,verified,ssm,ssm,64,4096,256,256,full,1,1,green_ctx,0.5,54,54,ok,0.6344,1.1663,0.726,1.9599,1.9599,1.0884,0.9188,68.0421,163.2706
zamba2_7b,a100_sxm4_80gb,verified,ssm,ssm,64,4096,256,256,full,1,1,green_ctx,0.7,76,32,ok,0.6344,1.1663,0.7214,3.0817,3.0817,1.7114,0.5843,164.223,103.8378
zamba2_7b,a100_sxm4_80gb,verified,ssm,ssm,64,4096,256,256,full,1,1,green_ctx_protect,,,,failed:no_room(decode_floor=None),,,,,,,,,
zamba2_7b,a100_sxm4_80gb,verified,ssm,ssm,128,4096,256,256,full,1,1,sequential,,108,108,ok,0.6359,2.1356,0.6359,2.1356,2.7715,1.0,1.0,0.0,138.5553
zamba2_7b,a100_sxm4_80gb,verified,ssm,ssm,128,4096,256,256,full,1,1,two_stream,,108,108,ok,0.6359,2.1356,0.6656,2.1361,2.1361,0.7707,1.2975,0.024,179.7699
zamba2_7b,a100_sxm4_80gb,verified,ssm,ssm,128,4096,256,256,full,1,1,green_ctx,0.5,54,54,ok,0.6359,2.1356,0.7332,3.7028,3.7028,1.336,0.7485,73.3877,103.7058
zamba2_7b,a100_sxm4_80gb,verified,ssm,ssm,128,4096,256,256,full,1,1,green_ctx,0.7,76,32,ok,0.6359,2.1356,0.7235,5.9474,5.9474,2.1459,0.466,178.4944,64.5661
zamba2_7b,a100_sxm4_80gb,verified,ssm,ssm,128,4096,256,256,full,1,1,green_ctx_protect,,,,failed:no_room(decode_floor=None),,,,,,,,,
zamba2_7b,a100_sxm4_80gb,verified,ssm,ssm,256,4096,256,256,full,1,1,sequential,,108,108,ok,0.639,4.076,0.639,4.076,4.715,1.0,1.0,0.0,108.5894
zamba2_7b,a100_sxm4_80gb,verified,ssm,ssm,256,4096,256,256,full,1,1,two_stream,,108,108,ok,0.639,4.076,0.6687,4.0776,4.0776,0.8648,1.1563,0.0377,125.565
zamba2_7b,a100_sxm4_80gb,verified,ssm,ssm,256,4096,256,256,full,1,1,green_ctx,0.5,54,54,ok,0.639,4.076,0.7276,7.1823,7.1823,1.5233,0.6565,76.209,71.286
zamba2_7b,a100_sxm4_80gb,verified,ssm,ssm,256,4096,256,256,full,1,1,green_ctx,0.7,76,32,ok,0.639,4.076,0.7199,11.6644,11.6644,2.4739,0.4042,186.1701,43.8943
zamba2_7b,a100_sxm4_80gb,verified,ssm,ssm,256,4096,256,256,full,1,1,green_ctx_protect,,,,failed:no_room(decode_floor=None),,,,,,,,,
zamba2_7b,a100_sxm4_80gb,verified,ssm,ssm,512,4096,256,256,full,1,1,sequential,,108,108,ok,0.64,7.9212,0.64,7.9212,8.5612,1.0,1.0,0.0,89.7076
zamba2_7b,a100_sxm4_80gb,verified,ssm,ssm,512,4096,256,256,full,1,1,two_stream,,108,108,ok,0.64,7.9212,0.6671,7.9196,7.9196,0.9251,1.081,-0.0194,96.9744
zamba2_7b,a100_sxm4_80gb,verified,ssm,ssm,512,4096,256,256,full,1,1,green_ctx,0.5,54,54,ok,0.64,7.9212,0.7388,14.0984,14.0984,1.6468,0.6072,77.9846,54.4741
zamba2_7b,a100_sxm4_80gb,verified,ssm,ssm,512,4096,256,256,full,1,1,green_ctx,0.7,76,32,ok,0.64,7.9212,0.7332,23.0328,23.0328,2.6904,0.3717,190.7763,33.3437
zamba2_7b,a100_sxm4_80gb,verified,ssm,ssm,512,4096,256,256,full,1,1,green_ctx_protect,,,,failed:no_room(decode_floor=None),,,,,,,,,
zamba2_7b,a100_sxm4_80gb,verified,attn,attn,1,4096,256,256,full,1,1,sequential,,108,108,ok,0.3436,0.1147,0.3436,0.1147,0.4582,1.0,1.0,0.0,560.8415
zamba2_7b,a100_sxm4_80gb,verified,attn,attn,1,4096,256,256,full,1,1,two_stream,,108,108,ok,0.3436,0.1147,0.3891,0.1772,0.3891,0.8492,1.1776,54.4643,660.4646
zamba2_7b,a100_sxm4_80gb,verified,attn,attn,1,4096,256,256,full,1,1,green_ctx,0.5,54,54,ok,0.3436,0.1147,0.6195,0.1874,0.6195,1.352,0.7397,63.3929,414.8373
zamba2_7b,a100_sxm4_80gb,verified,attn,attn,1,4096,256,256,full,1,1,green_ctx,0.7,76,32,ok,0.3436,0.1147,0.5069,0.2621,0.5069,1.1061,0.904,128.5714,507.0234
zamba2_7b,a100_sxm4_80gb,verified,attn,attn,1,4096,256,256,full,1,1,green_ctx_protect,,,,failed:no_room(decode_floor=None),,,,,,,,,
zamba2_7b,a100_sxm4_80gb,verified,attn,attn,2,4096,256,256,full,1,1,sequential,,108,108,ok,0.343,0.1782,0.343,0.1782,0.5212,1.0,1.0,0.0,494.9963
zamba2_7b,a100_sxm4_80gb,verified,attn,attn,2,4096,256,256,full,1,1,two_stream,,108,108,ok,0.343,0.1782,0.449,0.2652,0.449,0.8615,1.1608,48.8506,574.5795
zamba2_7b,a100_sxm4_80gb,verified,attn,attn,2,4096,256,256,full,1,1,green_ctx,0.5,54,54,ok,0.343,0.1782,0.6205,0.3103,0.6205,1.1906,0.8399,74.1379,415.7642
zamba2_7b,a100_sxm4_80gb,verified,attn,attn,2,4096,256,256,full,1,1,green_ctx,0.7,76,32,ok,0.343,0.1782,0.5161,0.4552,0.5161,0.9902,1.0099,155.4598,499.907
zamba2_7b,a100_sxm4_80gb,verified,attn,attn,2,4096,256,256,full,1,1,green_ctx_protect,,,,failed:no_room(decode_floor=None),,,,,,,,,
zamba2_7b,a100_sxm4_80gb,verified,attn,attn,4,4096,256,256,full,1,1,sequential,,108,108,ok,0.343,0.3287,0.343,0.3287,0.6717,1.0,1.0,0.0,387.0522
zamba2_7b,a100_sxm4_80gb,verified,attn,attn,4,4096,256,256,full,1,1,two_stream,,108,108,ok,0.343,0.3287,0.5878,0.4116,0.5878,0.875,1.1429,25.2336,442.3454
zamba2_7b,a100_sxm4_80gb,verified,attn,attn,4,4096,256,256,full,1,1,green_ctx,0.5,54,54,ok,0.343,0.3287,0.6369,0.5837,0.6369,0.9482,1.0547,77.5701,408.2094
zamba2_7b,a100_sxm4_80gb,verified,attn,attn,4,4096,256,256,full,1,1,green_ctx,0.7,76,32,ok,0.343,0.3287,0.5161,0.8417,0.8417,1.253,0.7981,156.0748,308.8884
zamba2_7b,a100_sxm4_80gb,verified,attn,attn,4,4096,256,256,full,1,1,green_ctx_protect,,,,failed:no_room(decode_floor=None),,,,,,,,,
zamba2_7b,a100_sxm4_80gb,verified,attn,attn,8,4096,256,256,full,1,1,sequential,,108,108,ok,0.343,0.9595,0.343,0.9595,1.3025,1.0,1.0,0.0,202.6828
zamba2_7b,a100_sxm4_80gb,verified,attn,attn,8,4096,256,256,full,1,1,two_stream,,108,108,ok,0.343,0.9595,1.047,0.9646,1.047,0.8039,1.244,0.5336,252.1394
zamba2_7b,a100_sxm4_80gb,verified,attn,attn,8,4096,256,256,full,1,1,green_ctx,0.5,54,54,ok,0.343,0.9595,0.6328,1.5903,1.5903,1.2209,0.8191,65.7417,166.0093
zamba2_7b,a100_sxm4_80gb,verified,attn,attn,8,4096,256,256,full,1,1,green_ctx,0.7,76,32,ok,0.343,0.9595,0.511,2.5324,2.5324,1.9442,0.5144,163.9274,104.2509
zamba2_7b,a100_sxm4_80gb,verified,attn,attn,8,4096,256,256,full,1,1,green_ctx_protect,,,,failed:no_room(decode_floor=None),,,,,,,,,
zamba2_7b,a100_sxm4_80gb,verified,attn,attn,16,4096,256,256,full,1,1,sequential,,108,108,ok,0.3441,1.5831,0.3441,1.5831,1.9272,1.0,1.0,0.0,141.1397
zamba2_7b,a100_sxm4_80gb,verified,attn,attn,16,4096,256,256,full,1,1,two_stream,,108,108,ok,0.3441,1.5831,1.8299,1.7142,1.8299,0.9495,1.0532,8.2794,148.643
zamba2_7b,a100_sxm4_80gb,verified,attn,attn,16,4096,256,256,full,1,1,green_ctx,0.5,54,54,ok,0.3441,1.5831,0.6385,3.1775,3.1775,1.6488,0.6065,100.7115,85.6026
zamba2_7b,a100_sxm4_80gb,verified,attn,attn,16,4096,256,256,full,1,1,green_ctx,0.7,76,32,ok,0.3441,1.5831,0.514,5.0309,5.0309,2.6105,0.3831,217.7878,54.0657
zamba2_7b,a100_sxm4_80gb,verified,attn,attn,16,4096,256,256,full,1,1,green_ctx_protect,,,,failed:no_room(decode_floor=None),,,,,,,,,
zamba2_7b,a100_sxm4_80gb,verified,attn,attn,32,4096,256,256,full,1,1,sequential,,108,108,ok,0.3451,3.1775,0.3451,3.1775,3.5226,1.0,1.0,0.0,81.7587
zamba2_7b,a100_sxm4_80gb,verified,attn,attn,32,4096,256,256,full,1,1,two_stream,,108,108,ok,0.3451,3.1775,3.3864,3.3526,3.3864,0.9613,1.0402,5.5108,85.0469
zamba2_7b,a100_sxm4_80gb,verified,attn,attn,32,4096,256,256,full,1,1,green_ctx,0.5,54,54,ok,0.3451,3.1775,0.639,6.0252,6.0252,1.7105,0.5846,89.6229,47.7991
zamba2_7b,a100_sxm4_80gb,verified,attn,attn,32,4096,256,256,full,1,1,green_ctx,0.7,76,32,ok,0.3451,3.1775,0.514,10.0342,10.0342,2.8485,0.3511,215.7912,28.7019
zamba2_7b,a100_sxm4_80gb,verified,attn,attn,32,4096,256,256,full,1,1,green_ctx_protect,,,,failed:no_room(decode_floor=None),,,,,,,,,
zamba2_7b,a100_sxm4_80gb,verified,attn,attn,64,4096,256,256,full,1,1,sequential,,108,108,ok,0.3441,6.2781,0.3441,6.2781,6.6222,1.0,1.0,0.0,48.3223
zamba2_7b,a100_sxm4_80gb,verified,attn,attn,64,4096,256,256,full,1,1,two_stream,,108,108,ok,0.3441,6.2781,6.5567,6.3611,6.5567,0.9901,1.01,1.3212,48.8052
zamba2_7b,a100_sxm4_80gb,verified,attn,attn,64,4096,256,256,full,1,1,green_ctx,0.5,54,54,ok,0.3441,6.2781,0.6328,11.8871,11.8871,1.795,0.5571,89.3411,26.9199
zamba2_7b,a100_sxm4_80gb,verified,attn,attn,64,4096,256,256,full,1,1,green_ctx,0.7,76,32,ok,0.3441,6.2781,0.5151,20.0335,20.0335,3.0252,0.3306,219.0997,15.9732
zamba2_7b,a100_sxm4_80gb,verified,attn,attn,64,4096,256,256,full,1,1,green_ctx_protect,,,,failed:no_room(decode_floor=None),,,,,,,,,
zamba2_7b,a100_sxm4_80gb,verified,attn,attn,128,4096,256,256,full,1,1,sequential,,108,108,ok,0.343,12.607,0.343,12.607,12.95,1.0,1.0,0.0,29.6525
zamba2_7b,a100_sxm4_80gb,verified,attn,attn,128,4096,256,256,full,1,1,two_stream,,108,108,ok,0.343,12.607,12.7867,12.5978,12.7867,0.9874,1.0128,-0.0731,30.0312
zamba2_7b,a100_sxm4_80gb,verified,attn,attn,128,4096,256,256,full,1,1,green_ctx,0.5,54,54,ok,0.343,12.607,0.6339,23.7379,23.7379,1.833,0.5455,88.2914,16.1767
zamba2_7b,a100_sxm4_80gb,verified,attn,attn,128,4096,256,256,full,1,1,green_ctx,0.7,76,32,ok,0.343,12.607,0.5151,40.0297,40.0297,3.0911,0.3235,217.5202,9.5929
zamba2_7b,a100_sxm4_80gb,verified,attn,attn,128,4096,256,256,full,1,1,green_ctx_protect,,,,failed:no_room(decode_floor=None),,,,,,,,,
zamba2_7b,a100_sxm4_80gb,verified,attn,attn,256,4096,256,256,full,1,1,sequential,,108,108,ok,0.3441,25.214,0.3441,25.214,25.558,1.0,1.0,0.0,20.0329
zamba2_7b,a100_sxm4_80gb,verified,attn,attn,256,4096,256,256,full,1,1,two_stream,,108,108,ok,0.3441,25.214,25.3727,25.2186,25.3727,0.9927,1.0073,0.0183,20.1792
zamba2_7b,a100_sxm4_80gb,verified,attn,attn,256,4096,256,256,full,1,1,green_ctx,0.5,54,54,ok,0.3441,25.214,0.6349,47.36,47.36,1.853,0.5397,87.8325,10.8108
zamba2_7b,a100_sxm4_80gb,verified,attn,attn,256,4096,256,256,full,1,1,green_ctx,0.7,76,32,ok,0.3441,25.214,0.5171,79.9375,79.9375,3.1277,0.3197,217.0369,6.405
zamba2_7b,a100_sxm4_80gb,verified,attn,attn,256,4096,256,256,full,1,1,green_ctx_protect,,,,failed:no_room(decode_floor=None),,,,,,,,,
zamba2_7b,a100_sxm4_80gb,verified,attn,attn,512,4096,256,256,full,1,1,sequential,,,,failed:OutOfMemoryError,,,,,,,,,
zamba2_7b,a100_sxm4_80gb,verified,attn,attn,512,4096,256,256,full,1,1,two_stream,,,,failed:OutOfMemoryError,,,,,,,,,
zamba2_7b,a100_sxm4_80gb,verified,attn,attn,512,4096,256,256,full,1,1,green_ctx,0.5,,,failed:OutOfMemoryError,,,,,,,,,
zamba2_7b,a100_sxm4_80gb,verified,attn,attn,512,4096,256,256,full,1,1,green_ctx,0.7,,,failed:OutOfMemoryError,,,,,,,,,
zamba2_7b,a100_sxm4_80gb,verified,attn,ssm,1,4096,256,256,full,1,1,sequential,,108,108,ok,0.343,0.5212,0.343,0.5212,0.8643,1.0,1.0,0.0,297.3656
zamba2_7b,a100_sxm4_80gb,verified,attn,ssm,1,4096,256,256,full,1,1,two_stream,,108,108,ok,0.343,0.5212,0.3574,0.5207,0.5207,0.6025,1.6598,-0.0982,493.5626
zamba2_7b,a100_sxm4_80gb,verified,attn,ssm,1,4096,256,256,full,1,1,green_ctx,0.5,54,54,ok,0.343,0.5212,0.6246,0.5217,0.6246,0.7227,1.3836,0.0982,411.437
zamba2_7b,a100_sxm4_80gb,verified,attn,ssm,1,4096,256,256,full,1,1,green_ctx,0.7,76,32,ok,0.343,0.5212,0.5059,0.5335,0.5335,0.6173,1.62,2.3576,481.7208
zamba2_7b,a100_sxm4_80gb,verified,attn,ssm,1,4096,256,256,full,1,1,green_ctx_protect,,,,failed:no_room(decode_floor=None),,,,,,,,,
zamba2_7b,a100_sxm4_80gb,verified,attn,ssm,2,4096,256,256,full,1,1,sequential,,108,108,ok,0.3441,0.5105,0.3441,0.5105,0.8545,1.0,1.0,0.0,301.9211
zamba2_7b,a100_sxm4_80gb,verified,attn,ssm,2,4096,256,256,full,1,1,two_stream,,108,108,ok,0.3441,0.5105,0.3604,0.5222,0.5222,0.6111,1.6363,2.3069,494.0258
zamba2_7b,a100_sxm4_80gb,verified,attn,ssm,2,4096,256,256,full,1,1,green_ctx,0.5,54,54,ok,0.3441,0.5105,0.6236,0.5386,0.6236,0.7298,1.3703,5.5165,413.7161
zamba2_7b,a100_sxm4_80gb,verified,attn,ssm,2,4096,256,256,full,1,1,green_ctx,0.7,76,32,ok,0.3441,0.5105,0.5069,0.5612,0.5612,0.6567,1.5228,9.9298,459.7685
zamba2_7b,a100_sxm4_80gb,verified,attn,ssm,2,4096,256,256,full,1,1,green_ctx_protect,,,,failed:no_room(decode_floor=None),,,,,,,,,
zamba2_7b,a100_sxm4_80gb,verified,attn,ssm,4,4096,256,256,full,1,1,sequential,,108,108,ok,0.342,0.514,0.342,0.514,0.8561,1.0,1.0,0.0,303.7156
zamba2_7b,a100_sxm4_80gb,verified,attn,ssm,4,4096,256,256,full,1,1,two_stream,,108,108,ok,0.342,0.514,0.3604,0.5279,0.5279,0.6166,1.6217,2.6892,492.5437
zamba2_7b,a100_sxm4_80gb,verified,attn,ssm,4,4096,256,256,full,1,1,green_ctx,0.5,54,54,ok,0.342,0.514,0.6267,0.5786,0.6267,0.7321,1.366,12.5498,414.8795
zamba2_7b,a100_sxm4_80gb,verified,attn,ssm,4,4096,256,256,full,1,1,green_ctx,0.7,76,32,ok,0.342,0.514,0.51,0.638,0.638,0.7452,1.3419,24.1036,407.5542
zamba2_7b,a100_sxm4_80gb,verified,attn,ssm,4,4096,256,256,full,1,1,green_ctx_protect,,,,failed:no_room(decode_floor=None),,,,,,,,,
zamba2_7b,a100_sxm4_80gb,verified,attn,ssm,8,4096,256,256,full,1,1,sequential,,108,108,ok,0.343,0.5581,0.343,0.5581,0.9011,1.0,1.0,0.0,292.9687
zamba2_7b,a100_sxm4_80gb,verified,attn,ssm,8,4096,256,256,full,1,1,two_stream,,108,108,ok,0.343,0.5581,0.3615,0.5816,0.5816,0.6455,1.5493,4.2202,453.8952
zamba2_7b,a100_sxm4_80gb,verified,attn,ssm,8,4096,256,256,full,1,1,green_ctx,0.5,54,54,ok,0.343,0.5581,0.6328,0.6687,0.6687,0.742,1.3476,19.8165,394.8124
zamba2_7b,a100_sxm4_80gb,verified,attn,ssm,8,4096,256,256,full,1,1,green_ctx,0.7,76,32,ok,0.343,0.5581,0.514,0.7813,0.7813,0.867,1.1533,40.0,337.8932
zamba2_7b,a100_sxm4_80gb,verified,attn,ssm,8,4096,256,256,full,1,1,green_ctx_protect,,,,failed:no_room(decode_floor=None),,,,,,,,,
zamba2_7b,a100_sxm4_80gb,verified,attn,ssm,16,4096,256,256,full,1,1,sequential,,108,108,ok,0.343,0.6528,0.343,0.6528,0.9958,1.0,1.0,0.0,273.1362
zamba2_7b,a100_sxm4_80gb,verified,attn,ssm,16,4096,256,256,full,1,1,two_stream,,108,108,ok,0.343,0.6528,0.3615,0.6687,0.6687,0.6715,1.4893,2.4314,406.7764
zamba2_7b,a100_sxm4_80gb,verified,attn,ssm,16,4096,256,256,full,1,1,green_ctx,0.5,54,54,ok,0.343,0.6528,0.6451,0.8325,0.8325,0.836,1.1962,27.5294,326.722
zamba2_7b,a100_sxm4_80gb,verified,attn,ssm,16,4096,256,256,full,1,1,green_ctx,0.7,76,32,ok,0.343,0.6528,0.5181,1.0655,1.0655,1.0699,0.9346,63.2157,255.2859
zamba2_7b,a100_sxm4_80gb,verified,attn,ssm,16,4096,256,256,full,1,1,green_ctx_protect,,,,failed:no_room(decode_floor=None),,,,,,,,,
zamba2_7b,a100_sxm4_80gb,verified,attn,ssm,32,4096,256,256,full,1,1,sequential,,108,108,ok,0.3441,0.8182,0.3441,0.8182,1.1622,1.0,1.0,0.0,247.7974
zamba2_7b,a100_sxm4_80gb,verified,attn,ssm,32,4096,256,256,full,1,1,two_stream,,108,108,ok,0.3441,0.8182,0.3656,0.8248,0.8248,0.7097,1.4091,0.8135,349.162
zamba2_7b,a100_sxm4_80gb,verified,attn,ssm,32,4096,256,256,full,1,1,green_ctx,0.5,54,54,ok,0.3441,0.8182,0.6656,1.1607,1.1607,0.9987,1.0013,41.8648,248.1253
zamba2_7b,a100_sxm4_80gb,verified,attn,ssm,32,4096,256,256,full,1,1,green_ctx,0.7,76,32,ok,0.3441,0.8182,0.5181,1.6655,1.6655,1.433,0.6978,103.567,172.9173
zamba2_7b,a100_sxm4_80gb,verified,attn,ssm,32,4096,256,256,full,1,1,green_ctx_protect,,,,failed:no_room(decode_floor=None),,,,,,,,,
zamba2_7b,a100_sxm4_80gb,verified,attn,ssm,64,4096,256,256,full,1,1,sequential,,108,108,ok,0.3441,1.1689,0.3441,1.1689,1.513,1.0,1.0,0.0,211.5059
zamba2_7b,a100_sxm4_80gb,verified,attn,ssm,64,4096,256,256,full,1,1,two_stream,,108,108,ok,0.3441,1.1689,0.3676,1.2073,1.2073,0.798,1.2532,3.2852,265.0551
zamba2_7b,a100_sxm4_80gb,verified,attn,ssm,64,4096,256,256,full,1,1,green_ctx,0.5,54,54,ok,0.3441,1.1689,0.6564,1.9866,1.9866,1.313,0.7616,69.9518,161.0825
zamba2_7b,a100_sxm4_80gb,verified,attn,ssm,64,4096,256,256,full,1,1,green_ctx,0.7,76,32,ok,0.3441,1.1689,0.5171,3.0996,3.0996,2.0487,0.4881,165.1774,103.2375
zamba2_7b,a100_sxm4_80gb,verified,attn,ssm,64,4096,256,256,full,1,1,green_ctx_protect,,,,failed:no_room(decode_floor=None),,,,,,,,,
zamba2_7b,a100_sxm4_80gb,verified,attn,ssm,128,4096,256,256,full,1,1,sequential,,108,108,ok,0.3441,2.1361,0.3441,2.1361,2.4801,1.0,1.0,0.0,154.8307
zamba2_7b,a100_sxm4_80gb,verified,attn,ssm,128,4096,256,256,full,1,1,two_stream,,108,108,ok,0.3441,2.1361,0.3738,2.1729,2.1729,0.8761,1.1414,1.7258,176.7201
zamba2_7b,a100_sxm4_80gb,verified,attn,ssm,128,4096,256,256,full,1,1,green_ctx,0.5,54,54,ok,0.3441,2.1361,0.6431,3.7202,3.7202,1.5,0.6667,74.1611,103.2205
zamba2_7b,a100_sxm4_80gb,verified,attn,ssm,128,4096,256,256,full,1,1,green_ctx,0.7,76,32,ok,0.3441,2.1361,0.5192,5.9658,5.9658,2.4054,0.4157,179.2905,64.3666
zamba2_7b,a100_sxm4_80gb,verified,attn,ssm,128,4096,256,256,full,1,1,green_ctx_protect,,,,failed:no_room(decode_floor=None),,,,,,,,,
zamba2_7b,a100_sxm4_80gb,verified,attn,ssm,256,4096,256,256,full,1,1,sequential,,108,108,ok,0.3441,4.0755,0.3441,4.0755,4.4196,1.0,1.0,0.0,115.848
zamba2_7b,a100_sxm4_80gb,verified,attn,ssm,256,4096,256,256,full,1,1,two_stream,,108,108,ok,0.3441,4.0755,0.3881,4.1272,4.1272,0.9339,1.0708,1.2689,124.0541
zamba2_7b,a100_sxm4_80gb,verified,attn,ssm,256,4096,256,256,full,1,1,green_ctx,0.5,54,54,ok,0.3441,4.0755,0.6472,7.2934,7.2934,1.6503,0.606,78.9573,70.2001
zamba2_7b,a100_sxm4_80gb,verified,attn,ssm,256,4096,256,256,full,1,1,green_ctx,0.7,76,32,ok,0.3441,4.0755,0.5263,11.8354,11.8354,2.6779,0.3734,190.402,43.2601
zamba2_7b,a100_sxm4_80gb,verified,attn,ssm,256,4096,256,256,full,1,1,green_ctx_protect,,,,failed:no_room(decode_floor=None),,,,,,,,,
zamba2_7b,a100_sxm4_80gb,verified,attn,ssm,512,4096,256,256,full,1,1,sequential,,108,108,ok,0.3451,8.0425,0.3451,8.0425,8.3876,1.0,1.0,0.0,91.5639
zamba2_7b,a100_sxm4_80gb,verified,attn,ssm,512,4096,256,256,full,1,1,two_stream,,108,108,ok,0.3451,8.0425,1.3015,8.0686,8.0686,0.962,1.0395,0.3247,95.1837
zamba2_7b,a100_sxm4_80gb,verified,attn,ssm,512,4096,256,256,full,1,1,green_ctx,0.5,54,54,ok,0.3451,8.0425,0.6441,14.3027,14.3027,1.7052,0.5864,77.8393,53.6961
zamba2_7b,a100_sxm4_80gb,verified,attn,ssm,512,4096,256,256,full,1,1,green_ctx,0.7,76,32,ok,0.3451,8.0425,0.5366,22.9837,22.9837,2.7402,0.3649,185.778,33.415
zamba2_7b,a100_sxm4_80gb,verified,attn,ssm,512,4096,256,256,full,1,1,green_ctx_protect,,,,failed:no_room(decode_floor=None),,,,,,,,,
