model,device,seq_len,batch_size,sm_count,sm_ratio_pct,prefill_chunk_tokens,n_kernel_calls,n_blocks_per_call,cooperative_safe,latency_ms,latency_std_ms,state_passing_active
zamba2,a100-sxm4-80gb,512,1,14,13.0,256,2,112,False,1.207808017730713,0.016743081973668982,True
zamba2,a100-sxm4-80gb,512,4,14,13.0,256,2,448,False,1.7950719594955444,0.006978581035573984,True
zamba2,a100-sxm4-80gb,512,16,14,13.0,256,2,1792,False,5.544447898864746,0.02119810134862943,True
zamba2,a100-sxm4-80gb,512,32,14,13.0,256,2,3584,False,10.787327766418457,0.005482577853743681,True
zamba2,a100-sxm4-80gb,1024,1,14,13.0,256,4,112,False,2.155519962310791,0.015909185638246393,True
zamba2,a100-sxm4-80gb,1024,4,14,13.0,256,4,448,False,3.1605759859085083,0.007481410902413074,True
zamba2,a100-sxm4-80gb,1024,16,14,13.0,256,4,1792,False,10.862080097198486,0.0040399799333455935,True
zamba2,a100-sxm4-80gb,1024,32,14,13.0,256,4,3584,False,21.368831634521484,0.07900366477407281,True
zamba2,a100-sxm4-80gb,2048,1,14,13.0,256,8,112,False,4.048895835876465,0.019219581472556566,True
zamba2,a100-sxm4-80gb,2048,4,14,13.0,256,8,448,False,5.906944036483765,0.007681232911062297,True
zamba2,a100-sxm4-80gb,2048,16,14,13.0,256,8,1792,False,21.49888038635254,0.008321767114779647,True
zamba2,a100-sxm4-80gb,2048,32,14,13.0,256,8,3584,False,42.5425910949707,0.07506103586106704,True
zamba2,a100-sxm4-80gb,4096,1,14,13.0,256,16,112,False,7.898623943328857,0.03618920148491749,True
zamba2,a100-sxm4-80gb,4096,4,14,13.0,256,16,448,False,11.388416290283203,0.007574138245147539,True
zamba2,a100-sxm4-80gb,4096,16,14,13.0,256,16,1792,False,42.7770881652832,0.00868856978178554,True
zamba2,a100-sxm4-80gb,4096,32,14,13.0,256,16,3584,False,84.8911361694336,0.05547788819238765,True
zamba2,a100-sxm4-80gb,8192,1,14,13.0,256,32,112,False,15.623680114746094,0.03322090508028257,True
zamba2,a100-sxm4-80gb,8192,4,14,13.0,256,32,448,False,22.356480598449707,0.007042161929825356,True
zamba2,a100-sxm4-80gb,8192,16,14,13.0,256,32,1792,False,85.32889556884766,0.09290815147043693,True
zamba2,a100-sxm4-80gb,8192,32,14,13.0,256,32,3584,False,169.5831069946289,0.05666576712189602,True
zamba2,a100-sxm4-80gb,512,1,27,25.0,256,2,112,False,1.1187200546264648,0.009151933162704882,True
zamba2,a100-sxm4-80gb,512,4,27,25.0,256,2,448,False,1.3271039724349976,0.007031798357556077,True
zamba2,a100-sxm4-80gb,512,16,27,25.0,256,2,1792,False,3.0156800746917725,0.00862160709955253,True
zamba2,a100-sxm4-80gb,512,32,27,25.0,256,2,3584,False,5.6151039600372314,0.005022306958459722,True
zamba2,a100-sxm4-80gb,1024,1,27,25.0,256,4,112,False,2.0771840810775757,0.01255251925789634,True
zamba2,a100-sxm4-80gb,1024,4,27,25.0,256,4,448,False,2.287616014480591,0.013755760723795777,True
zamba2,a100-sxm4-80gb,1024,16,27,25.0,256,4,1792,False,5.747712135314941,0.0070086662563385435,True
zamba2,a100-sxm4-80gb,1024,32,27,25.0,256,4,3584,False,11.014143943786621,0.0038329080989175676,True
zamba2,a100-sxm4-80gb,2048,1,27,25.0,256,8,112,False,4.004863977432251,0.01466691818977211,True
zamba2,a100-sxm4-80gb,2048,4,27,25.0,256,8,448,False,4.211711883544922,0.014452839839569093,True
zamba2,a100-sxm4-80gb,2048,16,27,25.0,256,8,1792,False,11.212287902832031,0.007953169440342215,True
zamba2,a100-sxm4-80gb,2048,32,27,25.0,256,8,3584,False,21.801984786987305,0.0025104419768131624,True
zamba2,a100-sxm4-80gb,4096,1,27,25.0,256,16,112,False,7.88428807258606,0.0266854241029702,True
zamba2,a100-sxm4-80gb,4096,4,27,25.0,256,16,448,False,8.08191967010498,0.02144305152680792,True
zamba2,a100-sxm4-80gb,4096,16,27,25.0,256,16,1792,False,22.14400005340576,0.00897976414486987,True
zamba2,a100-sxm4-80gb,4096,32,27,25.0,256,16,3584,False,43.37459182739258,0.013274424211723453,True
zamba2,a100-sxm4-80gb,8192,1,27,25.0,256,32,112,False,15.429120063781738,0.04350317241320417,True
zamba2,a100-sxm4-80gb,8192,4,27,25.0,256,32,448,False,15.746560096740723,0.062022102575548695,True
zamba2,a100-sxm4-80gb,8192,16,27,25.0,256,32,1792,False,44.00998306274414,0.009177356762898268,True
zamba2,a100-sxm4-80gb,8192,32,27,25.0,256,32,3584,False,86.52851104736328,0.007900366461546224,True
zamba2,a100-sxm4-80gb,512,1,40,37.0,256,2,112,False,1.0982400178909302,0.009635638598078774,True
zamba2,a100-sxm4-80gb,512,4,40,37.0,256,2,448,False,1.2497919797897339,0.007741572519054531,True
zamba2,a100-sxm4-80gb,512,16,40,37.0,256,2,1792,False,2.3019520044326782,0.007795518103548558,True
zamba2,a100-sxm4-80gb,512,32,40,37.0,256,2,3584,False,4.087807893753052,0.007500754977096492,True
zamba2,a100-sxm4-80gb,1024,1,40,37.0,256,4,112,False,2.0736000537872314,0.013372700162432888,True
zamba2,a100-sxm4-80gb,1024,4,40,37.0,256,4,448,False,2.213887929916382,0.011959339283806481,True
zamba2,a100-sxm4-80gb,1024,16,40,37.0,256,4,1792,False,4.271103858947754,0.0065869365219825525,True
zamba2,a100-sxm4-80gb,1024,32,40,37.0,256,4,3584,False,7.9482879638671875,0.0031301556922831777,True
zamba2,a100-sxm4-80gb,2048,1,40,37.0,256,8,112,False,3.9767040014266968,0.024099403478131727,True
zamba2,a100-sxm4-80gb,2048,4,40,37.0,256,8,448,False,4.148223876953125,0.016592164355194654,True
zamba2,a100-sxm4-80gb,2048,16,40,37.0,256,8,1792,False,8.19814395904541,0.12269665861754518,True
zamba2,a100-sxm4-80gb,2048,32,40,37.0,256,8,3584,False,15.661567687988281,0.006260401508842153,True
zamba2,a100-sxm4-80gb,4096,1,40,37.0,256,16,112,False,7.817728042602539,0.022703414979223284,True
zamba2,a100-sxm4-80gb,4096,4,40,37.0,256,16,448,False,7.926783800125122,0.021862649457970257,True
zamba2,a100-sxm4-80gb,4096,16,40,37.0,256,16,1792,False,16.045055389404297,0.008259816287017595,True
zamba2,a100-sxm4-80gb,4096,32,40,37.0,256,16,3584,False,31.09376049041748,0.007932080781035373,True
zamba2,a100-sxm4-80gb,8192,1,40,37.0,256,32,112,False,15.500800132751465,0.03811726581423004,True
zamba2,a100-sxm4-80gb,8192,4,40,37.0,256,32,448,False,15.732223987579346,0.20321890617652053,True
zamba2,a100-sxm4-80gb,8192,16,40,37.0,256,32,1792,False,31.739904403686523,0.007894320853071117,True
zamba2,a100-sxm4-80gb,8192,32,40,37.0,256,32,3584,False,61.95097732543945,0.003586234841494712,True
zamba2,a100-sxm4-80gb,512,1,54,50.0,256,2,112,False,1.0726400017738342,0.0058166999119013485,True
zamba2,a100-sxm4-80gb,512,4,54,50.0,256,2,448,False,1.1878399848937988,0.005270270774146978,True
zamba2,a100-sxm4-80gb,512,16,54,50.0,256,2,1792,False,1.8688000440597534,0.006459220392944862,True
zamba2,a100-sxm4-80gb,512,32,54,50.0,256,2,3584,False,3.1692800521850586,0.004462187079407847,True
zamba2,a100-sxm4-80gb,1024,1,54,50.0,256,4,112,False,2.0541439056396484,0.008263519193401818,True
zamba2,a100-sxm4-80gb,1024,4,54,50.0,256,4,448,False,2.1637120246887207,0.01000760630936823,True
zamba2,a100-sxm4-80gb,1024,16,54,50.0,256,4,1792,False,3.383296012878418,0.005441070352981249,True
zamba2,a100-sxm4-80gb,1024,32,54,50.0,256,4,3584,False,6.108160018920898,0.02793942592826,True
zamba2,a100-sxm4-80gb,2048,1,54,50.0,256,8,112,False,3.9808000326156616,0.012873287075786003,True
zamba2,a100-sxm4-80gb,2048,4,54,50.0,256,8,448,False,4.090368032455444,0.017987005307110306,True
zamba2,a100-sxm4-80gb,2048,16,54,50.0,256,8,1792,False,6.387200117111206,0.004965106437187902,True
zamba2,a100-sxm4-80gb,2048,32,54,50.0,256,8,3584,False,11.98848009109497,0.004435996010190113,True
zamba2,a100-sxm4-80gb,4096,1,54,50.0,256,16,112,False,7.797760009765625,0.023898216194892036,True
zamba2,a100-sxm4-80gb,4096,4,54,50.0,256,16,448,False,7.941119909286499,0.030460946496861815,True
zamba2,a100-sxm4-80gb,4096,16,54,50.0,256,16,1792,False,12.390912055969238,0.0055762422696534805,True
zamba2,a100-sxm4-80gb,4096,32,54,50.0,256,16,3584,False,23.742464065551758,0.0071606793214733415,True
zamba2,a100-sxm4-80gb,8192,1,54,50.0,256,32,112,False,15.472127914428711,0.028642620980029003,True
zamba2,a100-sxm4-80gb,8192,4,54,50.0,256,32,448,False,15.594496250152588,0.04431879024434728,True
zamba2,a100-sxm4-80gb,8192,16,54,50.0,256,32,1792,False,24.400383949279785,0.0072319826536744415,True
zamba2,a100-sxm4-80gb,8192,32,54,50.0,256,32,3584,False,47.2545280456543,0.007369349225185169,True
zamba2,a100-sxm4-80gb,512,1,68,63.0,256,2,112,False,1.0813440084457397,0.0048942875550652895,True
zamba2,a100-sxm4-80gb,512,4,68,63.0,256,2,448,False,1.1632640361785889,0.01102088329233745,True
zamba2,a100-sxm4-80gb,512,16,68,63.0,256,2,1792,False,1.6276479959487915,0.00581270413928859,True
zamba2,a100-sxm4-80gb,512,32,68,63.0,256,2,3584,False,2.6705920696258545,0.0056304347753027935,True
zamba2,a100-sxm4-80gb,1024,1,68,63.0,256,4,112,False,2.0505599975585938,0.013704450991300375,True
zamba2,a100-sxm4-80gb,1024,4,68,63.0,256,4,448,False,2.142720103263855,0.006981868420667927,True
zamba2,a100-sxm4-80gb,1024,16,68,63.0,256,4,1792,False,2.871295928955078,0.005035086088546848,True
zamba2,a100-sxm4-80gb,1024,32,68,63.0,256,4,3584,False,5.079551935195923,0.003165384939102645,True
zamba2,a100-sxm4-80gb,2048,1,68,63.0,256,8,112,False,3.978752017021179,0.017487824963138988,True
zamba2,a100-sxm4-80gb,2048,4,68,63.0,256,8,448,False,4.072959899902344,0.011883562954706946,True
zamba2,a100-sxm4-80gb,2048,16,68,63.0,256,8,1792,False,5.3488640785217285,0.0056716639136601375,True
zamba2,a100-sxm4-80gb,2048,32,68,63.0,256,8,3584,False,9.903103828430176,0.006772022482017271,True
zamba2,a100-sxm4-80gb,4096,1,68,63.0,256,16,112,False,7.805951833724976,0.01930417660494367,True
zamba2,a100-sxm4-80gb,4096,4,68,63.0,256,16,448,False,7.9385600090026855,0.03218239994926052,True
zamba2,a100-sxm4-80gb,4096,16,68,63.0,256,16,1792,False,10.305535793304443,0.006601933311356168,True
zamba2,a100-sxm4-80gb,4096,32,68,63.0,256,16,3584,False,19.539456367492676,0.06608312642884696,True
zamba2,a100-sxm4-80gb,8192,1,68,63.0,256,32,112,False,15.411712169647217,0.053608309159025515,True
zamba2,a100-sxm4-80gb,8192,4,68,63.0,256,32,448,False,15.519744396209717,0.05019075913366934,True
zamba2,a100-sxm4-80gb,8192,16,68,63.0,256,32,1792,False,20.211711883544922,0.006958471342266476,True
zamba2,a100-sxm4-80gb,8192,32,68,63.0,256,32,3584,False,38.81625556945801,0.008721508514613452,True
zamba2,a100-sxm4-80gb,512,1,81,75.0,256,2,112,False,1.0629119873046875,0.011304768153955657,True
zamba2,a100-sxm4-80gb,512,4,81,75.0,256,2,448,False,1.1448320150375366,0.008904159956900158,True
zamba2,a100-sxm4-80gb,512,16,81,75.0,256,2,1792,False,1.467903971672058,0.006071506651777626,True
zamba2,a100-sxm4-80gb,512,32,81,75.0,256,2,3584,False,2.355712056159973,0.005526016316753641,True
zamba2,a100-sxm4-80gb,1024,1,81,75.0,256,4,112,False,2.0362240076065063,0.011394615505539442,True
zamba2,a100-sxm4-80gb,1024,4,81,75.0,256,4,448,False,2.1094400882720947,0.008471635786374394,True
zamba2,a100-sxm4-80gb,1024,16,81,75.0,256,4,1792,False,2.542080044746399,0.00432966642411015,True
zamba2,a100-sxm4-80gb,1024,32,81,75.0,256,4,3584,False,4.4318718910217285,0.0055503091084654205,True
zamba2,a100-sxm4-80gb,2048,1,81,75.0,256,8,112,False,3.950592041015625,0.01126350620518695,True
zamba2,a100-sxm4-80gb,2048,4,81,75.0,256,8,448,False,4.041215896606445,0.014473880279384739,True
zamba2,a100-sxm4-80gb,2048,16,81,75.0,256,8,1792,False,4.694015979766846,0.008052118201831104,True
zamba2,a100-sxm4-80gb,2048,32,81,75.0,256,8,3584,False,8.592384338378906,0.0063162427062146455,True
zamba2,a100-sxm4-80gb,4096,1,81,75.0,256,16,112,False,7.813632011413574,0.01693101049461787,True
zamba2,a100-sxm4-80gb,4096,4,81,75.0,256,16,448,False,7.890431880950928,0.0234642732189507,True
zamba2,a100-sxm4-80gb,4096,16,81,75.0,256,16,1792,False,8.995840072631836,0.0037701066593314888,True
zamba2,a100-sxm4-80gb,4096,32,81,75.0,256,16,3584,False,16.910847663879395,0.00802597879579116,True
zamba2,a100-sxm4-80gb,8192,1,81,75.0,256,32,112,False,15.346176147460938,0.06786738452516694,True
zamba2,a100-sxm4-80gb,8192,4,81,75.0,256,32,448,False,15.517183780670166,0.04369875983905455,True
zamba2,a100-sxm4-80gb,8192,16,81,75.0,256,32,1792,False,17.59385585784912,0.007260229866835324,True
zamba2,a100-sxm4-80gb,8192,32,81,75.0,256,32,3584,False,33.53753662109375,0.012178185713846454,True
zamba2,a100-sxm4-80gb,512,1,94,87.0,256,2,112,False,1.0762239694595337,0.005932707952731421,True
zamba2,a100-sxm4-80gb,512,4,94,87.0,256,2,448,False,1.1325440406799316,0.006508642865051865,True
zamba2,a100-sxm4-80gb,512,16,94,87.0,256,2,1792,False,1.3818880319595337,0.005457081199765357,True
zamba2,a100-sxm4-80gb,512,32,94,87.0,256,2,3584,False,2.151423931121826,0.007156667671861646,True
zamba2,a100-sxm4-80gb,1024,1,94,87.0,256,4,112,False,2.0439040660858154,0.01682739869016803,True
zamba2,a100-sxm4-80gb,1024,4,94,87.0,256,4,448,False,2.101248025894165,0.013028502685801762,True
zamba2,a100-sxm4-80gb,1024,16,94,87.0,256,4,1792,False,2.34444797039032,0.009174814573649019,True
zamba2,a100-sxm4-80gb,1024,32,94,87.0,256,4,3584,False,4.032511949539185,0.0064772578018843785,True
zamba2,a100-sxm4-80gb,2048,1,94,87.0,256,8,112,False,3.951616048812866,0.016519965205294643,True
zamba2,a100-sxm4-80gb,2048,4,94,87.0,256,8,448,False,4.011519908905029,0.01399928607583681,True
zamba2,a100-sxm4-80gb,2048,16,94,87.0,256,8,1792,False,4.284416198730469,0.008753023887414096,True
zamba2,a100-sxm4-80gb,2048,32,94,87.0,256,8,3584,False,7.793152093887329,0.006246431824065269,True
zamba2,a100-sxm4-80gb,4096,1,94,87.0,256,16,112,False,7.80134391784668,0.021994389161831777,True
zamba2,a100-sxm4-80gb,4096,4,94,87.0,256,16,448,False,7.8494720458984375,0.02820172407792931,True
zamba2,a100-sxm4-80gb,4096,16,94,87.0,256,16,1792,False,8.162816047668457,0.00975042662846836,True
zamba2,a100-sxm4-80gb,4096,32,94,87.0,256,16,3584,False,15.301119804382324,0.0050500459299117504,True
zamba2,a100-sxm4-80gb,8192,1,94,87.0,256,32,112,False,15.463935852050781,0.031401860007850585,True
zamba2,a100-sxm4-80gb,8192,4,94,87.0,256,32,448,False,15.491584300994873,0.06439717335148985,True
zamba2,a100-sxm4-80gb,8192,16,94,87.0,256,32,1792,False,15.917567729949951,0.008997845318962241,True
zamba2,a100-sxm4-80gb,8192,32,94,87.0,256,32,3584,False,30.309887886047363,0.04668282058507199,True
zamba2,a100-sxm4-80gb,512,1,108,100.0,256,2,112,False,1.067520022392273,0.008559907111316958,True
zamba2,a100-sxm4-80gb,512,4,108,100.0,256,2,448,False,1.1146240234375,0.008527204173023682,True
zamba2,a100-sxm4-80gb,512,16,108,100.0,256,2,1792,False,1.331712007522583,0.011557546324350526,True
zamba2,a100-sxm4-80gb,512,32,108,100.0,256,2,3584,False,1.9783680438995361,0.003372119687736693,True
zamba2,a100-sxm4-80gb,1024,1,108,100.0,256,4,112,False,2.0362240076065063,0.007403074111095028,True
zamba2,a100-sxm4-80gb,1024,4,108,100.0,256,4,448,False,2.089471936225891,0.015020223028646671,True
zamba2,a100-sxm4-80gb,1024,16,108,100.0,256,4,1792,False,2.3070719242095947,0.01092745523191858,True
zamba2,a100-sxm4-80gb,1024,32,108,100.0,256,4,3584,False,3.6889599561691284,0.007150926069445416,True
zamba2,a100-sxm4-80gb,2048,1,108,100.0,256,8,112,False,3.938815951347351,0.008914607749341733,True
zamba2,a100-sxm4-80gb,2048,4,108,100.0,256,8,448,False,3.991551995277405,0.01649594099873822,True
zamba2,a100-sxm4-80gb,2048,16,108,100.0,256,8,1792,False,4.225024223327637,0.014966228416100425,True
zamba2,a100-sxm4-80gb,2048,32,108,100.0,256,8,3584,False,7.082495927810669,0.005654249220837076,True
zamba2,a100-sxm4-80gb,4096,1,108,100.0,256,16,112,False,7.766527891159058,0.021339250011593588,True
zamba2,a100-sxm4-80gb,4096,4,108,100.0,256,16,448,False,7.865855932235718,0.030014870663871984,True
zamba2,a100-sxm4-80gb,4096,16,108,100.0,256,16,1792,False,8.118783950805664,0.01957125064973356,True
zamba2,a100-sxm4-80gb,4096,32,108,100.0,256,16,3584,False,13.881855964660645,0.0046751786447097946,True
zamba2,a100-sxm4-80gb,8192,1,108,100.0,256,32,112,False,15.423488140106201,0.04099183542087386,True
zamba2,a100-sxm4-80gb,8192,4,108,100.0,256,32,448,False,15.441407680511475,0.045757624326066844,True
zamba2,a100-sxm4-80gb,8192,16,108,100.0,256,32,1792,False,15.655936241149902,0.042830177002833036,True
zamba2,a100-sxm4-80gb,8192,32,108,100.0,256,32,3584,False,27.46726417541504,0.04188339364829512,True
zamba2,a100-sxm4-80gb,512,1,14,13.0,512,1,224,False,0.8268799781799316,0.009437109940300534,True
zamba2,a100-sxm4-80gb,512,4,14,13.0,512,1,896,False,1.6465920209884644,0.0057724697621596675,True
zamba2,a100-sxm4-80gb,512,16,14,13.0,512,1,3584,False,5.43231987953186,0.005176678604649507,True
zamba2,a100-sxm4-80gb,512,32,14,13.0,512,1,7168,False,10.656767845153809,0.0042959335538704435,True
zamba2,a100-sxm4-80gb,1024,1,14,13.0,512,2,224,False,1.3286399841308594,0.006847141235780018,True
zamba2,a100-sxm4-80gb,1024,4,14,13.0,512,2,896,False,2.981376051902771,0.004146915514993894,True
zamba2,a100-sxm4-80gb,1024,16,14,13.0,512,2,3584,False,10.669568061828613,0.005609607933515562,True
zamba2,a100-sxm4-80gb,1024,32,14,13.0,512,2,7168,False,21.117952346801758,0.007481400771631509,True
zamba2,a100-sxm4-80gb,2048,1,14,13.0,512,4,224,False,2.300927996635437,0.010914111198966119,True
zamba2,a100-sxm4-80gb,2048,4,14,13.0,512,4,896,False,5.634559869766235,0.03349175669375829,True
zamba2,a100-sxm4-80gb,2048,16,14,13.0,512,4,3584,False,21.125632286071777,0.005712746519897026,True
zamba2,a100-sxm4-80gb,2048,32,14,13.0,512,4,7168,False,42.05516815185547,0.00793538461280667,True
zamba2,a100-sxm4-80gb,4096,1,14,13.0,512,8,224,False,4.232703924179077,0.018852267590087974,True
zamba2,a100-sxm4-80gb,4096,4,14,13.0,512,8,896,False,10.953216075897217,0.005546897836835139,True
zamba2,a100-sxm4-80gb,4096,16,14,13.0,512,8,3584,False,42.04800033569336,0.009387228659762128,True
zamba2,a100-sxm4-80gb,4096,32,14,13.0,512,8,7168,False,83.96441650390625,0.07862277155066175,True
zamba2,a100-sxm4-80gb,8192,1,14,13.0,512,16,224,False,8.102911949157715,0.04470910207872224,True
zamba2,a100-sxm4-80gb,8192,4,14,13.0,512,16,896,False,21.60435199737549,0.007780337629942982,True
zamba2,a100-sxm4-80gb,8192,16,14,13.0,512,16,3584,False,83.89478302001953,0.010007447107323713,True
zamba2,a100-sxm4-80gb,8192,32,14,13.0,512,16,7168,False,167.73683166503906,0.0560611482111747,True
zamba2,a100-sxm4-80gb,512,1,27,25.0,512,1,224,False,0.6952959895133972,0.0064628459419294,True
zamba2,a100-sxm4-80gb,512,4,27,25.0,512,1,896,False,1.1008000373840332,0.00644387548314875,True
zamba2,a100-sxm4-80gb,512,16,27,25.0,512,1,3584,False,2.8851200342178345,0.004503823829320046,True
zamba2,a100-sxm4-80gb,512,32,27,25.0,512,1,7168,False,5.5167999267578125,0.004125744614226211,True
zamba2,a100-sxm4-80gb,1024,1,27,25.0,512,2,224,False,1.18886399269104,0.006219399607066212,True
zamba2,a100-sxm4-80gb,1024,4,27,25.0,512,2,896,False,1.7894400358200073,0.006520273234003103,True
zamba2,a100-sxm4-80gb,1024,16,27,25.0,512,2,3584,False,5.543423891067505,0.004900157779878546,True
zamba2,a100-sxm4-80gb,1024,32,27,25.0,512,2,7168,False,10.836480140686035,0.004735709261363176,True
zamba2,a100-sxm4-80gb,2048,1,27,25.0,512,4,224,False,2.160640001296997,0.01393374281584969,True
zamba2,a100-sxm4-80gb,2048,4,27,25.0,512,4,896,False,3.1703040599823,0.007644629795179604,True
zamba2,a100-sxm4-80gb,2048,16,27,25.0,512,4,3584,False,10.861567974090576,0.004513979969327778,True
zamba2,a100-sxm4-80gb,2048,32,27,25.0,512,4,7168,False,21.45638370513916,0.00415777066170377,True
zamba2,a100-sxm4-80gb,4096,1,27,25.0,512,8,224,False,4.0960001945495605,0.01134592810276148,True
zamba2,a100-sxm4-80gb,4096,4,27,25.0,512,8,896,False,5.9161601066589355,0.004856028959448963,True
zamba2,a100-sxm4-80gb,4096,16,27,25.0,512,8,3584,False,21.49990463256836,0.0028881659522999766,True
zamba2,a100-sxm4-80gb,4096,32,27,25.0,512,8,7168,False,42.71820831298828,0.006421732677097983,True
zamba2,a100-sxm4-80gb,8192,1,27,25.0,512,16,224,False,8.001023769378662,0.03255052659372429,True
zamba2,a100-sxm4-80gb,8192,4,27,25.0,512,16,896,False,11.4268159866333,0.007110914812467775,True
zamba2,a100-sxm4-80gb,8192,16,27,25.0,512,16,3584,False,42.773502349853516,0.0027813779505189273,True
zamba2,a100-sxm4-80gb,8192,32,27,25.0,512,16,7168,False,85.22342681884766,0.007450314425651887,True
zamba2,a100-sxm4-80gb,512,1,40,37.0,512,1,224,False,0.6563839912414551,0.006912319424651232,True
zamba2,a100-sxm4-80gb,512,4,40,37.0,512,1,896,False,0.9415680170059204,0.0028332775793005103,True
zamba2,a100-sxm4-80gb,512,16,40,37.0,512,1,3584,False,2.1253119707107544,0.004740761668569522,True
zamba2,a100-sxm4-80gb,512,32,40,37.0,512,1,7168,False,3.984384059906006,0.004322948185975014,True
zamba2,a100-sxm4-80gb,1024,1,40,37.0,512,2,224,False,1.151487946510315,0.005692175550259611,True
zamba2,a100-sxm4-80gb,1024,4,40,37.0,512,2,896,False,1.439743995666504,0.008748386171996548,True
zamba2,a100-sxm4-80gb,1024,16,40,37.0,512,2,3584,False,4.021759986877441,0.004383164174958401,True
zamba2,a100-sxm4-80gb,1024,32,40,37.0,512,2,7168,False,7.762944221496582,0.004365854004478489,True
zamba2,a100-sxm4-80gb,2048,1,40,37.0,512,4,224,False,2.1278719902038574,0.009370219043986714,True
zamba2,a100-sxm4-80gb,2048,4,40,37.0,512,4,896,False,2.433535933494568,0.003927504433619242,True
zamba2,a100-sxm4-80gb,2048,16,40,37.0,512,4,3584,False,7.8100481033325195,0.0021288731849057703,True
zamba2,a100-sxm4-80gb,2048,32,40,37.0,512,4,7168,False,15.308800220489502,0.08637291723956278,True
zamba2,a100-sxm4-80gb,4096,1,40,37.0,512,8,224,False,4.060672044754028,0.015686842178724188,True
zamba2,a100-sxm4-80gb,4096,4,40,37.0,512,8,896,False,4.420608043670654,0.00495695391144187,True
zamba2,a100-sxm4-80gb,4096,16,40,37.0,512,8,3584,False,15.391744136810303,0.00459970189693129,True
zamba2,a100-sxm4-80gb,4096,32,40,37.0,512,8,7168,False,30.39590358734131,0.008180427255038297,True
zamba2,a100-sxm4-80gb,8192,1,40,37.0,512,16,224,False,7.947263956069946,0.02479307405114084,True
zamba2,a100-sxm4-80gb,8192,4,40,37.0,512,16,896,False,8.402431964874268,0.0040617274694649845,True
zamba2,a100-sxm4-80gb,8192,16,40,37.0,512,16,3584,False,30.54540729522705,0.00676131150455999,True
zamba2,a100-sxm4-80gb,8192,32,40,37.0,512,16,7168,False,60.57574462890625,0.006945630885565846,True
zamba2,a100-sxm4-80gb,512,1,54,50.0,512,1,224,False,0.6302720010280609,0.007712181340711274,True
zamba2,a100-sxm4-80gb,512,4,54,50.0,512,1,896,False,0.8407040238380432,0.009717517627133104,True
zamba2,a100-sxm4-80gb,512,16,54,50.0,512,1,3584,False,1.6926720142364502,0.005913031211673649,True
zamba2,a100-sxm4-80gb,512,32,54,50.0,512,1,7168,False,3.0786560773849487,0.003561934431001576,True
zamba2,a100-sxm4-80gb,1024,1,54,50.0,512,2,224,False,1.1284480094909668,0.008966741555938256,True
zamba2,a100-sxm4-80gb,1024,4,54,50.0,512,2,896,False,1.3501440286636353,0.008721700038113855,True
zamba2,a100-sxm4-80gb,1024,16,54,50.0,512,2,3584,False,3.1380480527877808,0.005881439958915086,True
zamba2,a100-sxm4-80gb,1024,32,54,50.0,512,2,7168,False,5.940223932266235,0.00475914905579295,True
zamba2,a100-sxm4-80gb,2048,1,54,50.0,512,4,224,False,2.084351897239685,0.01004705716179989,True
zamba2,a100-sxm4-80gb,2048,4,54,50.0,512,4,896,False,2.323456048965454,0.00927833419803779,True
zamba2,a100-sxm4-80gb,2048,16,54,50.0,512,4,3584,False,6.013439893722534,0.004074518684078772,True
zamba2,a100-sxm4-80gb,2048,32,54,50.0,512,4,7168,False,11.655167579650879,0.004666551035498115,True
zamba2,a100-sxm4-80gb,4096,1,54,50.0,512,8,224,False,4.022272109985352,0.018076125599802404,True
zamba2,a100-sxm4-80gb,4096,4,54,50.0,512,8,896,False,4.240384101867676,0.0250167236128718,True
zamba2,a100-sxm4-80gb,4096,16,54,50.0,512,8,3584,False,11.754496097564697,0.004351224510596507,True
zamba2,a100-sxm4-80gb,4096,32,54,50.0,512,8,7168,False,23.08915138244629,0.0529547211999345,True
zamba2,a100-sxm4-80gb,8192,1,54,50.0,512,16,224,False,7.912960052490234,0.024586715309351772,True
zamba2,a100-sxm4-80gb,8192,4,54,50.0,512,16,896,False,8.14796781539917,0.029577942985089273,True
zamba2,a100-sxm4-80gb,8192,16,54,50.0,512,16,3584,False,23.250944137573242,0.011565035324001324,True
zamba2,a100-sxm4-80gb,8192,32,54,50.0,512,16,7168,False,45.954559326171875,0.0051326816838689095,True
zamba2,a100-sxm4-80gb,512,1,68,63.0,512,1,224,False,0.6144000291824341,0.006724352159021114,True
zamba2,a100-sxm4-80gb,512,4,68,63.0,512,1,896,False,0.7797759771347046,0.009581687572066622,True
zamba2,a100-sxm4-80gb,512,16,68,63.0,512,1,3584,False,1.4648320078849792,0.005555440528838306,True
zamba2,a100-sxm4-80gb,512,32,68,63.0,512,1,7168,False,2.555903911590576,0.004399072329375864,True
zamba2,a100-sxm4-80gb,1024,1,68,63.0,512,2,224,False,1.1059199571609497,0.008654672667399887,True
zamba2,a100-sxm4-80gb,1024,4,68,63.0,512,2,896,False,1.2784639596939087,0.008537413606557971,True
zamba2,a100-sxm4-80gb,1024,16,68,63.0,512,2,3584,False,2.6408960819244385,0.005617998052689594,True
zamba2,a100-sxm4-80gb,1024,32,68,63.0,512,2,7168,False,4.890111923217773,0.004947609014143116,True
zamba2,a100-sxm4-80gb,2048,1,68,63.0,512,4,224,False,2.0787200927734375,0.011415026323446157,True
zamba2,a100-sxm4-80gb,2048,4,68,63.0,512,4,896,False,2.247167944908142,0.008845707914436451,True
zamba2,a100-sxm4-80gb,2048,16,68,63.0,512,4,3584,False,4.981247901916504,0.004555235624271315,True
zamba2,a100-sxm4-80gb,2048,32,68,63.0,512,4,7168,False,9.553919792175293,0.006308553785703639,True
zamba2,a100-sxm4-80gb,4096,1,68,63.0,512,8,224,False,4.0565760135650635,0.014684899142012535,True
zamba2,a100-sxm4-80gb,4096,4,68,63.0,512,8,896,False,4.243456125259399,0.014344580453165546,True
zamba2,a100-sxm4-80gb,4096,16,68,63.0,512,8,3584,False,9.688063621520996,0.0059131305379195725,True
zamba2,a100-sxm4-80gb,4096,32,68,63.0,512,8,7168,False,18.888704299926758,0.004248301778072258,True
zamba2,a100-sxm4-80gb,8192,1,68,63.0,512,16,224,False,7.899647951126099,0.026392111816388248,True
zamba2,a100-sxm4-80gb,8192,4,68,63.0,512,16,896,False,8.03379201889038,0.015940326740057173,True
zamba2,a100-sxm4-80gb,8192,16,68,63.0,512,16,3584,False,19.07097625732422,0.010243177627715384,True
zamba2,a100-sxm4-80gb,8192,32,68,63.0,512,16,7168,False,37.54854393005371,0.02174063895672477,True
zamba2,a100-sxm4-80gb,512,1,81,75.0,512,1,224,False,0.6031360030174255,0.00740071338807213,True
zamba2,a100-sxm4-80gb,512,4,81,75.0,512,1,896,False,0.7536640167236328,0.00704833792595557,True
zamba2,a100-sxm4-80gb,512,16,81,75.0,512,1,3584,False,1.3096959590911865,0.00558892722541712,True
zamba2,a100-sxm4-80gb,512,32,81,75.0,512,1,7168,False,2.2297600507736206,0.009618098128283988,True
zamba2,a100-sxm4-80gb,1024,1,81,75.0,512,2,224,False,1.1074559688568115,0.0067416642481581005,True
zamba2,a100-sxm4-80gb,1024,4,81,75.0,512,2,896,False,1.2451840043067932,0.005956231779009617,True
zamba2,a100-sxm4-80gb,1024,16,81,75.0,512,2,3584,False,2.3265280723571777,0.005461295446107038,True
zamba2,a100-sxm4-80gb,1024,32,81,75.0,512,2,7168,False,4.231679916381836,0.003520880640501814,True
zamba2,a100-sxm4-80gb,2048,1,81,75.0,512,4,224,False,2.0771840810775757,0.00987446935946721,True
zamba2,a100-sxm4-80gb,2048,4,81,75.0,512,4,896,False,2.2236160039901733,0.007568064408251829,True
zamba2,a100-sxm4-80gb,2048,16,81,75.0,512,4,3584,False,4.343296051025391,0.007029352310272338,True
zamba2,a100-sxm4-80gb,2048,32,81,75.0,512,4,7168,False,8.230400085449219,0.005740910678905822,True
zamba2,a100-sxm4-80gb,4096,1,81,75.0,512,8,224,False,3.9874560832977295,0.021846406143917984,True
zamba2,a100-sxm4-80gb,4096,4,81,75.0,512,8,896,False,4.156928062438965,0.014450885730729153,True
zamba2,a100-sxm4-80gb,4096,16,81,75.0,512,8,3584,False,8.370176315307617,0.00588837898928518,True
zamba2,a100-sxm4-80gb,4096,32,81,75.0,512,8,7168,False,16.227839469909668,0.004137094652761489,True
zamba2,a100-sxm4-80gb,8192,1,81,75.0,512,16,224,False,7.848448038101196,0.019873975347492058,True
zamba2,a100-sxm4-80gb,8192,4,81,75.0,512,16,896,False,7.979007959365845,0.042293538482918426,True
zamba2,a100-sxm4-80gb,8192,16,81,75.0,512,16,3584,False,16.431615829467773,0.00589252833234739,True
zamba2,a100-sxm4-80gb,8192,32,81,75.0,512,16,7168,False,32.2421760559082,0.04862034563590066,True
zamba2,a100-sxm4-80gb,512,1,94,87.0,512,1,224,False,0.5995519757270813,0.01034189377106188,True
zamba2,a100-sxm4-80gb,512,4,94,87.0,512,1,896,False,0.7183360159397125,0.007787343651665193,True
zamba2,a100-sxm4-80gb,512,16,94,87.0,512,1,3584,False,1.2190719842910767,0.005975765364875978,True
zamba2,a100-sxm4-80gb,512,32,94,87.0,512,1,7168,False,2.032639980316162,0.0033461368804225834,True
zamba2,a100-sxm4-80gb,1024,1,94,87.0,512,2,224,False,1.0915839672088623,0.008638476486843884,True
zamba2,a100-sxm4-80gb,1024,4,94,87.0,512,2,896,False,1.2247040271759033,0.012871467777886825,True
zamba2,a100-sxm4-80gb,1024,16,94,87.0,512,2,3584,False,2.132480025291443,0.007905446308787601,True
zamba2,a100-sxm4-80gb,1024,32,94,87.0,512,2,7168,False,3.8425599336624146,0.0038753280116327893,True
zamba2,a100-sxm4-80gb,2048,1,94,87.0,512,4,224,False,2.067456007003784,0.01145837376216459,True
zamba2,a100-sxm4-80gb,2048,4,94,87.0,512,4,896,False,2.1872639656066895,0.010423272640482158,True
zamba2,a100-sxm4-80gb,2048,16,94,87.0,512,4,3584,False,3.9470080137252808,0.005353644909233501,True
zamba2,a100-sxm4-80gb,2048,32,94,87.0,512,4,7168,False,7.467008113861084,0.006754660989525075,True
zamba2,a100-sxm4-80gb,4096,1,94,87.0,512,8,224,False,4.004863977432251,0.00997253106156981,True
zamba2,a100-sxm4-80gb,4096,4,94,87.0,512,8,896,False,4.126208066940308,0.015885745247295493,True
zamba2,a100-sxm4-80gb,4096,16,94,87.0,512,8,3584,False,7.5786237716674805,0.007574262876751147,True
zamba2,a100-sxm4-80gb,4096,32,94,87.0,512,8,7168,False,14.700544357299805,0.0028639616108683723,True
zamba2,a100-sxm4-80gb,8192,1,94,87.0,512,16,224,False,7.887871980667114,0.03245373415790536,True
zamba2,a100-sxm4-80gb,8192,4,94,87.0,512,16,896,False,7.971328020095825,0.02684290656742829,True
zamba2,a100-sxm4-80gb,8192,16,94,87.0,512,16,3584,False,14.838784217834473,0.005244844482759191,True
zamba2,a100-sxm4-80gb,8192,32,94,87.0,512,16,7168,False,29.180928230285645,0.009447231948991372,True
zamba2,a100-sxm4-80gb,512,1,108,100.0,512,1,224,False,0.5985279977321625,0.009098312838145687,True
zamba2,a100-sxm4-80gb,512,4,108,100.0,512,1,896,False,0.7055360078811646,0.0069960866280726775,True
zamba2,a100-sxm4-80gb,512,16,108,100.0,512,1,3584,False,1.1356159448623657,0.007416452221443607,True
zamba2,a100-sxm4-80gb,512,32,108,100.0,512,1,7168,False,1.8682880401611328,0.004403047009824297,True
zamba2,a100-sxm4-80gb,1024,1,108,100.0,512,2,224,False,1.0874879956245422,0.005990369225794576,True
zamba2,a100-sxm4-80gb,1024,4,108,100.0,512,2,896,False,1.2026880383491516,0.008862160371080634,True
zamba2,a100-sxm4-80gb,1024,16,108,100.0,512,2,3584,False,1.9522559642791748,0.004295918392129735,True
zamba2,a100-sxm4-80gb,1024,32,108,100.0,512,2,7168,False,3.509760022163391,0.08468751588442491,True
zamba2,a100-sxm4-80gb,2048,1,108,100.0,512,4,224,False,2.052095890045166,0.013868818899810592,True
zamba2,a100-sxm4-80gb,2048,4,108,100.0,512,4,896,False,2.170880079269409,0.007769333251670195,True
zamba2,a100-sxm4-80gb,2048,16,108,100.0,512,4,3584,False,3.5983359813690186,0.0061525742640028145,True
zamba2,a100-sxm4-80gb,2048,32,108,100.0,512,4,7168,False,6.792191982269287,0.004318837610678667,True
zamba2,a100-sxm4-80gb,4096,1,108,100.0,512,8,224,False,4.018175840377808,0.008217567240609097,True
zamba2,a100-sxm4-80gb,4096,4,108,100.0,512,8,896,False,4.096512079238892,0.016261225944956974,True
zamba2,a100-sxm4-80gb,4096,16,108,100.0,512,8,3584,False,6.869503974914551,0.005158650194773987,True
zamba2,a100-sxm4-80gb,4096,32,108,100.0,512,8,7168,False,13.353983879089355,0.008135658544665147,True
zamba2,a100-sxm4-80gb,8192,1,108,100.0,512,16,224,False,7.864832162857056,0.019496087997703835,True
zamba2,a100-sxm4-80gb,8192,4,108,100.0,512,16,896,False,7.9477760791778564,0.024391320102182586,True
zamba2,a100-sxm4-80gb,8192,16,108,100.0,512,16,3584,False,13.414912223815918,0.0066547397633144835,True
zamba2,a100-sxm4-80gb,8192,32,108,100.0,512,16,7168,False,26.479104042053223,0.011155315091340353,True
zamba2,a100-sxm4-80gb,1024,1,14,13.0,1024,1,448,False,1.0992640256881714,0.007276085399979995,True
zamba2,a100-sxm4-80gb,1024,4,14,13.0,1024,1,1792,False,2.8339200019836426,0.005035031135907014,True
zamba2,a100-sxm4-80gb,1024,16,14,13.0,1024,1,7168,False,10.572800159454346,0.005397926018425622,True
zamba2,a100-sxm4-80gb,1024,32,14,13.0,1024,1,14336,False,21.227519989013672,0.004797865312471268,True
zamba2,a100-sxm4-80gb,2048,1,14,13.0,1024,2,448,False,1.7674239873886108,0.007820172736397029,True
zamba2,a100-sxm4-80gb,2048,4,14,13.0,1024,2,1792,False,5.450239896774292,0.003957057071598538,True
zamba2,a100-sxm4-80gb,2048,16,14,13.0,1024,2,7168,False,20.97817611694336,0.0034218226666460983,True
zamba2,a100-sxm4-80gb,2048,32,14,13.0,1024,2,14336,False,42.29171180725098,0.006271898920119825,True
zamba2,a100-sxm4-80gb,4096,1,14,13.0,1024,4,448,False,3.1139841079711914,0.007403044064443006,True
zamba2,a100-sxm4-80gb,4096,4,14,13.0,1024,4,1792,False,10.668031692504883,0.00325449523621566,True
zamba2,a100-sxm4-80gb,4096,16,14,13.0,1024,4,7168,False,41.80070495605469,0.009080042238126492,True
zamba2,a100-sxm4-80gb,4096,32,14,13.0,1024,4,14336,False,84.42726135253906,0.06322896478781014,True
zamba2,a100-sxm4-80gb,8192,1,14,13.0,1024,8,448,False,5.781503915786743,0.006283765527396033,True
zamba2,a100-sxm4-80gb,8192,4,14,13.0,1024,8,1792,False,21.111807823181152,0.006726782001991622,True
zamba2,a100-sxm4-80gb,8192,16,14,13.0,1024,8,7168,False,83.42220687866211,0.01399240249922786,True
zamba2,a100-sxm4-80gb,8192,32,14,13.0,1024,8,14336,False,168.70604705810547,0.02410950698805766,True
zamba2,a100-sxm4-80gb,1024,1,27,25.0,1024,1,448,False,0.8355839848518372,0.00635008603360576,True
zamba2,a100-sxm4-80gb,1024,4,27,25.0,1024,1,1792,False,1.651199996471405,0.0069585138134376735,True
zamba2,a100-sxm4-80gb,1024,16,27,25.0,1024,1,7168,False,5.474816083908081,0.005109764759428234,True
zamba2,a100-sxm4-80gb,1024,32,27,25.0,1024,1,14336,False,10.827775955200195,0.0044295198865237015,True
zamba2,a100-sxm4-80gb,2048,1,27,25.0,1024,2,448,False,1.3337600231170654,0.009800502110246584,True
zamba2,a100-sxm4-80gb,2048,4,27,25.0,1024,2,1792,False,2.9900801181793213,0.004903737940632631,True
zamba2,a100-sxm4-80gb,2048,16,27,25.0,1024,2,7168,False,10.74944019317627,0.004922971125361587,True
zamba2,a100-sxm4-80gb,2048,32,27,25.0,1024,2,14336,False,21.48863983154297,0.0036269713118729056,True
zamba2,a100-sxm4-80gb,4096,1,27,25.0,1024,4,448,False,2.298880100250244,0.009728874138074129,True
zamba2,a100-sxm4-80gb,4096,4,27,25.0,1024,4,1792,False,5.650432109832764,0.0023250545910761928,True
zamba2,a100-sxm4-80gb,4096,16,27,25.0,1024,4,7168,False,21.286911964416504,0.005275540146692269,True
zamba2,a100-sxm4-80gb,4096,32,27,25.0,1024,4,14336,False,42.80780792236328,0.005021316100414243,True
zamba2,a100-sxm4-80gb,8192,1,27,25.0,1024,8,448,False,4.2593278884887695,0.013619683285701761,True
zamba2,a100-sxm4-80gb,8192,4,27,25.0,1024,8,1792,False,10.999296188354492,0.004268871240506872,True
zamba2,a100-sxm4-80gb,8192,16,27,25.0,1024,8,7168,False,42.37312126159668,0.005270157651218266,True
zamba2,a100-sxm4-80gb,8192,32,27,25.0,1024,8,14336,False,85.45126342773438,0.0052454675167482355,True
zamba2,a100-sxm4-80gb,1024,1,40,37.0,1024,1,448,False,0.7557120025157928,0.005748197735336226,True
zamba2,a100-sxm4-80gb,1024,4,40,37.0,1024,1,1792,False,1.32915198802948,0.007400714671022084,True
zamba2,a100-sxm4-80gb,1024,16,40,37.0,1024,1,7168,False,3.95468807220459,0.003875242613108263,True
zamba2,a100-sxm4-80gb,1024,32,40,37.0,1024,1,14336,False,7.7511680126190186,0.08837977438467744,True
zamba2,a100-sxm4-80gb,2048,1,40,37.0,1024,2,448,False,1.2462079524993896,0.004965184015340903,True
zamba2,a100-sxm4-80gb,2048,4,40,37.0,1024,2,1792,False,2.2814719676971436,0.0070127714448159776,True
zamba2,a100-sxm4-80gb,2048,16,40,37.0,1024,2,7168,False,7.696896076202393,0.004666354543425867,True
zamba2,a100-sxm4-80gb,2048,32,40,37.0,1024,2,14336,False,15.314943790435791,0.00334442792077282,True
zamba2,a100-sxm4-80gb,4096,1,40,37.0,1024,4,448,False,2.214911937713623,0.00975996911075551,True
zamba2,a100-sxm4-80gb,4096,4,40,37.0,1024,4,1792,False,4.191231966018677,0.00526129059203729,True
zamba2,a100-sxm4-80gb,4096,16,40,37.0,1024,4,7168,False,15.177216053009033,0.0050350699292223975,True
zamba2,a100-sxm4-80gb,4096,32,40,37.0,1024,4,14336,False,30.445568084716797,0.0043120723251134285,True
zamba2,a100-sxm4-80gb,8192,1,40,37.0,1024,8,448,False,4.17792010307312,0.021175105689420975,True
zamba2,a100-sxm4-80gb,8192,4,40,37.0,1024,8,1792,False,8.01638412475586,0.006331729844945973,True
zamba2,a100-sxm4-80gb,8192,16,40,37.0,1024,8,7168,False,30.14195156097412,0.00242325375620938,True
zamba2,a100-sxm4-80gb,8192,32,40,37.0,1024,8,14336,False,60.71091079711914,0.007372082242957308,True
zamba2,a100-sxm4-80gb,1024,1,54,50.0,1024,1,448,False,0.7040000259876251,0.007876589405884234,True
zamba2,a100-sxm4-80gb,1024,4,54,50.0,1024,1,1792,False,1.1315200328826904,0.006459230262251967,True
zamba2,a100-sxm4-80gb,1024,16,54,50.0,1024,1,7168,False,3.0438400506973267,0.004585807816868617,True
zamba2,a100-sxm4-80gb,1024,32,54,50.0,1024,1,14336,False,5.924863815307617,0.007343847589733785,True
zamba2,a100-sxm4-80gb,2048,1,54,50.0,1024,2,448,False,1.2047359943389893,0.008969341410873142,True
zamba2,a100-sxm4-80gb,2048,4,54,50.0,1024,2,1792,False,1.8585599660873413,0.008389453700392291,True
zamba2,a100-sxm4-80gb,2048,16,54,50.0,1024,2,7168,False,5.8670079708099365,0.005630435739782631,True
zamba2,a100-sxm4-80gb,2048,32,54,50.0,1024,2,14336,False,11.64902400970459,0.005788314497757546,True
zamba2,a100-sxm4-80gb,4096,1,54,50.0,1024,4,448,False,2.199552059173584,0.008955693823906414,True
zamba2,a100-sxm4-80gb,4096,4,54,50.0,1024,4,1792,False,3.321344017982483,0.00578863877906048,True
zamba2,a100-sxm4-80gb,4096,16,54,50.0,1024,4,7168,False,11.507200241088867,0.005414336015488606,True
zamba2,a100-sxm4-80gb,4096,32,54,50.0,1024,4,14336,False,23.0830078125,0.008260042231219959,True
zamba2,a100-sxm4-80gb,8192,1,54,50.0,1024,8,448,False,4.119040012359619,0.026781019729469918,True
zamba2,a100-sxm4-80gb,8192,4,54,50.0,1024,8,1792,False,6.22540807723999,0.0065834078455915945,True
zamba2,a100-sxm4-80gb,8192,16,54,50.0,1024,8,7168,False,22.791680335998535,0.004765113497384527,True
zamba2,a100-sxm4-80gb,8192,32,54,50.0,1024,8,14336,False,45.98169708251953,0.02259486743319419,True
zamba2,a100-sxm4-80gb,1024,1,68,63.0,1024,1,448,False,0.6732800006866455,0.00703594566572961,True
zamba2,a100-sxm4-80gb,1024,4,68,63.0,1024,1,1792,False,1.0142719745635986,0.0046099310082941755,True
zamba2,a100-sxm4-80gb,1024,16,68,63.0,1024,1,7168,False,2.52620792388916,0.0036187628786901404,True
zamba2,a100-sxm4-80gb,1024,32,68,63.0,1024,1,14336,False,4.877311944961548,0.005876389865827758,True
zamba2,a100-sxm4-80gb,2048,1,68,63.0,1024,2,448,False,1.1709439754486084,0.008251525059366433,True
zamba2,a100-sxm4-80gb,2048,4,68,63.0,1024,2,1792,False,1.6061439514160156,0.0046614047929673585,True
zamba2,a100-sxm4-80gb,2048,16,68,63.0,1024,2,7168,False,4.8296959400177,0.0036058192945426946,True
zamba2,a100-sxm4-80gb,2048,32,68,63.0,1024,2,14336,False,9.556479930877686,0.00468011615038388,True
zamba2,a100-sxm4-80gb,4096,1,68,63.0,1024,4,448,False,2.127359986305237,0.014544191684743314,True
zamba2,a100-sxm4-80gb,4096,4,68,63.0,1024,4,1792,False,2.808319926261902,0.0042137231635339676,True
zamba2,a100-sxm4-80gb,4096,16,68,63.0,1024,4,7168,False,9.428479671478271,0.004365856498531098,True
zamba2,a100-sxm4-80gb,4096,32,68,63.0,1024,4,14336,False,18.90713596343994,0.04469830107876308,True
zamba2,a100-sxm4-80gb,8192,1,68,63.0,1024,8,448,False,4.082175970077515,0.01706156372349065,True
zamba2,a100-sxm4-80gb,8192,4,68,63.0,1024,8,1792,False,5.2014079093933105,0.009325344787796164,True
zamba2,a100-sxm4-80gb,8192,16,68,63.0,1024,8,7168,False,18.63935947418213,0.007562879788591769,True
zamba2,a100-sxm4-80gb,8192,32,68,63.0,1024,8,14336,False,37.622785568237305,0.008632260536825866,True
zamba2,a100-sxm4-80gb,1024,1,81,75.0,1024,1,448,False,0.6533119976520538,0.006480841238833049,True
zamba2,a100-sxm4-80gb,1024,4,81,75.0,1024,1,1792,False,0.9354240000247955,0.003553801381921776,True
zamba2,a100-sxm4-80gb,1024,16,81,75.0,1024,1,7168,False,2.1964800357818604,0.005881435346617163,True
zamba2,a100-sxm4-80gb,1024,32,81,75.0,1024,1,14336,False,4.274176120758057,0.00733745965339192,True
zamba2,a100-sxm4-80gb,2048,1,81,75.0,1024,2,448,False,1.1453439593315125,0.010555996927323355,True
zamba2,a100-sxm4-80gb,2048,4,81,75.0,1024,2,1792,False,1.4458880424499512,0.006965211128871736,True
zamba2,a100-sxm4-80gb,2048,16,81,75.0,1024,2,7168,False,4.166143894195557,0.0051720242448259545,True
zamba2,a100-sxm4-80gb,2048,32,81,75.0,1024,2,14336,False,8.340479850769043,0.004445115079946353,True
zamba2,a100-sxm4-80gb,4096,1,81,75.0,1024,4,448,False,2.1304320096969604,0.007479074543358836,True
zamba2,a100-sxm4-80gb,4096,4,81,75.0,1024,4,1792,False,2.476032018661499,0.006615227748538765,True
zamba2,a100-sxm4-80gb,4096,16,81,75.0,1024,4,7168,False,8.10752010345459,0.005136942785457935,True
zamba2,a100-sxm4-80gb,4096,32,81,75.0,1024,4,14336,False,16.478720664978027,0.004631430100648273,True
zamba2,a100-sxm4-80gb,8192,1,81,75.0,1024,8,448,False,4.062720060348511,0.013533290088729458,True
zamba2,a100-sxm4-80gb,8192,4,81,75.0,1024,8,1792,False,4.538879871368408,0.007828378314130687,True
zamba2,a100-sxm4-80gb,8192,16,81,75.0,1024,8,7168,False,15.989759922027588,0.001770298489264489,True
zamba2,a100-sxm4-80gb,8192,32,81,75.0,1024,8,14336,False,32.74803161621094,0.006706130502243021,True
zamba2,a100-sxm4-80gb,1024,1,94,87.0,1024,1,448,False,0.6461439728736877,0.005836706294794828,True
zamba2,a100-sxm4-80gb,1024,4,94,87.0,1024,1,1792,False,0.8924160003662109,0.007555733717217117,True
zamba2,a100-sxm4-80gb,1024,16,94,87.0,1024,1,7168,False,1.9967999458312988,0.002482566329982109,True
zamba2,a100-sxm4-80gb,1024,32,94,87.0,1024,1,14336,False,3.985408067703247,0.0046564078388173225,True
zamba2,a100-sxm4-80gb,2048,1,94,87.0,1024,2,448,False,1.1356159448623657,0.0034064787822675347,True
zamba2,a100-sxm4-80gb,2048,4,94,87.0,1024,2,1792,False,1.3890559673309326,0.011219965377227054,True
zamba2,a100-sxm4-80gb,2048,16,94,87.0,1024,2,7168,False,3.774975895881653,0.0038146957791510973,True
zamba2,a100-sxm4-80gb,2048,32,94,87.0,1024,2,14336,False,7.780864000320435,0.008333789042990047,True
zamba2,a100-sxm4-80gb,4096,1,94,87.0,1024,4,448,False,2.118143916130066,0.008112688279511478,True
zamba2,a100-sxm4-80gb,4096,4,94,87.0,1024,4,1792,False,2.367487907409668,0.006018501900322007,True
zamba2,a100-sxm4-80gb,4096,16,94,87.0,1024,4,7168,False,7.320064067840576,0.006382117983172996,True
zamba2,a100-sxm4-80gb,4096,32,94,87.0,1024,4,14336,False,15.37279987335205,0.005104082998978117,True
zamba2,a100-sxm4-80gb,8192,1,94,87.0,1024,8,448,False,4.0565760135650635,0.016448275575321077,True
zamba2,a100-sxm4-80gb,8192,4,94,87.0,1024,8,1792,False,4.33356785774231,0.016271136358974904,True
zamba2,a100-sxm4-80gb,8192,16,94,87.0,1024,8,7168,False,14.413824081420898,0.00646642184754765,True
zamba2,a100-sxm4-80gb,8192,32,94,87.0,1024,8,14336,False,30.54694366455078,0.01938816136018116,True
zamba2,a100-sxm4-80gb,1024,1,108,100.0,1024,1,448,False,0.6307840049266815,0.008496391160042431,True
zamba2,a100-sxm4-80gb,1024,4,108,100.0,1024,1,1792,False,0.8514559864997864,0.007412516803404973,True
zamba2,a100-sxm4-80gb,1024,16,108,100.0,1024,1,7168,False,1.8350080251693726,0.004590906728784322,True
zamba2,a100-sxm4-80gb,1024,32,108,100.0,1024,1,14336,False,3.8528000116348267,0.006533708300228524,True
zamba2,a100-sxm4-80gb,2048,1,108,100.0,1024,2,448,False,1.1315200328826904,0.008020250513035128,True
zamba2,a100-sxm4-80gb,2048,4,108,100.0,1024,2,1792,False,1.3455359935760498,0.004755484566338765,True
zamba2,a100-sxm4-80gb,2048,16,108,100.0,1024,2,7168,False,3.4396159648895264,0.004759158174122102,True
zamba2,a100-sxm4-80gb,2048,32,108,100.0,1024,2,14336,False,7.515135765075684,0.006461927179510004,True
zamba2,a100-sxm4-80gb,4096,1,108,100.0,1024,4,448,False,2.100224018096924,0.008203376798265001,True
zamba2,a100-sxm4-80gb,4096,4,108,100.0,1024,4,1792,False,2.324992060661316,0.0069291592625973664,True
zamba2,a100-sxm4-80gb,4096,16,108,100.0,1024,4,7168,False,6.6457600593566895,0.007128065637623817,True
zamba2,a100-sxm4-80gb,4096,32,108,100.0,1024,4,14336,False,14.847487926483154,0.00926265159687779,True
zamba2,a100-sxm4-80gb,8192,1,108,100.0,1024,8,448,False,4.05401611328125,0.012674999825013116,True
zamba2,a100-sxm4-80gb,8192,4,108,100.0,1024,8,1792,False,4.279295921325684,0.012280352239603986,True
zamba2,a100-sxm4-80gb,8192,16,108,100.0,1024,8,7168,False,13.06777572631836,0.004927457750021014,True
zamba2,a100-sxm4-80gb,8192,32,108,100.0,1024,8,14336,False,29.742592811584473,0.06708795482306631,True
zamba2,a100-sxm4-80gb,2048,1,14,13.0,2048,1,896,False,1.6532479524612427,0.00563044272464265,True
zamba2,a100-sxm4-80gb,2048,4,14,13.0,2048,1,3584,False,5.381632089614868,0.009791551158035308,True
zamba2,a100-sxm4-80gb,2048,16,14,13.0,2048,1,14336,False,21.15225601196289,0.0045996641777627184,True
zamba2,a100-sxm4-80gb,2048,32,14,13.0,2048,1,28672,False,42.136064529418945,0.008206663997587998,True
zamba2,a100-sxm4-80gb,4096,1,14,13.0,2048,2,896,False,2.9486080408096313,0.004131434018336083,True
zamba2,a100-sxm4-80gb,4096,4,14,13.0,2048,2,3584,False,10.555391788482666,0.004158115105168792,True
zamba2,a100-sxm4-80gb,4096,16,14,13.0,2048,2,14336,False,42.14630317687988,0.004456909639849794,True
zamba2,a100-sxm4-80gb,4096,32,14,13.0,2048,2,28672,False,84.10726547241211,0.008288610798813245,True
zamba2,a100-sxm4-80gb,8192,1,14,13.0,2048,4,896,False,5.574655771255493,0.006622165746755473,True
zamba2,a100-sxm4-80gb,8192,4,14,13.0,2048,4,3584,False,20.90496063232422,0.006102105348630377,True
zamba2,a100-sxm4-80gb,8192,16,14,13.0,2048,4,14336,False,84.12569427490234,0.06789247918124883,True
zamba2,a100-sxm4-80gb,8192,32,14,13.0,2048,4,28672,False,168.0394287109375,0.021712609516216057,True
zamba2,a100-sxm4-80gb,2048,1,27,25.0,2048,1,896,False,1.106943964958191,0.007650743893372273,True
zamba2,a100-sxm4-80gb,2048,4,27,25.0,2048,1,3584,False,2.8528640270233154,0.0032381969810541126,True
zamba2,a100-sxm4-80gb,2048,16,27,25.0,2048,1,14336,False,10.779647827148438,0.005096094255233241,True
zamba2,a100-sxm4-80gb,2048,32,27,25.0,2048,1,28672,False,21.373440742492676,0.005243722816918312,True
zamba2,a100-sxm4-80gb,4096,1,27,25.0,2048,2,896,False,1.7838079929351807,0.0072696834442637645,True
zamba2,a100-sxm4-80gb,4096,4,27,25.0,2048,2,3584,False,5.479935884475708,0.003054760631126289,True
zamba2,a100-sxm4-80gb,4096,16,27,25.0,2048,2,14336,False,21.402112007141113,0.003927353882803416,True
zamba2,a100-sxm4-80gb,4096,32,27,25.0,2048,2,28672,False,42.592254638671875,0.005247927105800717,True
zamba2,a100-sxm4-80gb,8192,1,27,25.0,2048,4,896,False,3.13753604888916,0.0062837340122465675,True
zamba2,a100-sxm4-80gb,8192,4,27,25.0,2048,4,3584,False,10.742783546447754,0.005171894179248573,True
zamba2,a100-sxm4-80gb,8192,16,27,25.0,2048,4,14336,False,42.62860870361328,0.004365702486084647,True
zamba2,a100-sxm4-80gb,8192,32,27,25.0,2048,4,28672,False,85.01708602905273,0.058587509149637104,True
zamba2,a100-sxm4-80gb,2048,1,40,37.0,2048,1,896,False,0.9436160027980804,0.0050673836932936134,True
zamba2,a100-sxm4-80gb,2048,4,40,37.0,2048,1,3584,False,2.096127986907959,0.004242738360766391,True
zamba2,a100-sxm4-80gb,2048,16,40,37.0,2048,1,14336,False,7.714303970336914,0.0055879488788867174,True
zamba2,a100-sxm4-80gb,2048,32,40,37.0,2048,1,28672,False,15.20025634765625,0.0028640298036667114,True
zamba2,a100-sxm4-80gb,4096,1,40,37.0,2048,2,896,False,1.4443520307540894,0.005645945157315913,True
zamba2,a100-sxm4-80gb,4096,4,40,37.0,2048,2,3584,False,3.96236789226532,0.0031283347980156457,True
zamba2,a100-sxm4-80gb,4096,16,40,37.0,2048,2,14336,False,15.244800090789795,0.005881433508999344,True
zamba2,a100-sxm4-80gb,4096,32,40,37.0,2048,2,28672,False,30.248960494995117,0.00464129471383825,True
zamba2,a100-sxm4-80gb,8192,1,40,37.0,2048,4,896,False,2.434559941291809,0.010630757890230484,True
zamba2,a100-sxm4-80gb,8192,4,40,37.0,2048,4,3584,False,7.700992107391357,0.00670951528991728,True
zamba2,a100-sxm4-80gb,8192,16,40,37.0,2048,4,14336,False,30.304767608642578,0.004715733138206858,True
zamba2,a100-sxm4-80gb,8192,32,40,37.0,2048,4,28672,False,60.32588768005371,0.007375855854629861,True
zamba2,a100-sxm4-80gb,2048,1,54,50.0,2048,1,896,False,0.8401919901371002,0.007816466441011357,True
zamba2,a100-sxm4-80gb,2048,4,54,50.0,2048,1,3584,False,1.6957440376281738,0.007730290682841691,True
zamba2,a100-sxm4-80gb,2048,16,54,50.0,2048,1,14336,False,5.885951995849609,0.0043444222219413495,True
zamba2,a100-sxm4-80gb,2048,32,54,50.0,2048,1,28672,False,11.53382396697998,0.006037863238068826,True
zamba2,a100-sxm4-80gb,4096,1,54,50.0,2048,2,896,False,1.3496320247650146,0.007150920568722033,True
zamba2,a100-sxm4-80gb,4096,4,54,50.0,2048,2,3584,False,3.1114240884780884,0.00505006203975226,True
zamba2,a100-sxm4-80gb,4096,16,54,50.0,2048,2,14336,False,11.577856063842773,0.004202764728371722,True
zamba2,a100-sxm4-80gb,4096,32,54,50.0,2048,2,28672,False,22.91148853302002,0.0062229363952401905,True
zamba2,a100-sxm4-80gb,8192,1,54,50.0,2048,4,896,False,2.340351939201355,0.013714648761257673,True
zamba2,a100-sxm4-80gb,8192,4,54,50.0,2048,4,3584,False,5.934592008590698,0.0020734512198196126,True
zamba2,a100-sxm4-80gb,8192,16,54,50.0,2048,4,14336,False,22.953983306884766,0.0031745607190835083,True
zamba2,a100-sxm4-80gb,8192,32,54,50.0,2048,4,28672,False,45.66425704956055,0.007312362631431907,True
zamba2,a100-sxm4-80gb,2048,1,68,63.0,2048,1,896,False,0.7936000227928162,0.006840306508484283,True
zamba2,a100-sxm4-80gb,2048,4,68,63.0,2048,1,3584,False,1.4704639911651611,0.008004960937460543,True
zamba2,a100-sxm4-80gb,2048,16,68,63.0,2048,1,14336,False,4.848128080368042,0.004159477381442401,True
zamba2,a100-sxm4-80gb,2048,32,68,63.0,2048,1,28672,False,9.516032218933105,0.0049804867328122285,True
zamba2,a100-sxm4-80gb,4096,1,68,63.0,2048,2,896,False,1.2840960025787354,0.004846467632475237,True
zamba2,a100-sxm4-80gb,4096,4,68,63.0,2048,2,3584,False,2.620927929878235,0.006265086215571437,True
zamba2,a100-sxm4-80gb,4096,16,68,63.0,2048,2,14336,False,9.49350357055664,0.004290614664157062,True
zamba2,a100-sxm4-80gb,4096,32,68,63.0,2048,2,28672,False,18.86515235900879,0.00582884580259846,True
zamba2,a100-sxm4-80gb,8192,1,68,63.0,2048,4,896,False,2.2691839933395386,0.010233726784372985,True
zamba2,a100-sxm4-80gb,8192,4,68,63.0,2048,4,3584,False,4.922367811203003,0.005908062531589709,True
zamba2,a100-sxm4-80gb,8192,16,68,63.0,2048,4,14336,False,18.785280227661133,0.007276130163379046,True
zamba2,a100-sxm4-80gb,8192,32,68,63.0,2048,4,28672,False,37.56800079345703,0.005248925866715988,True
zamba2,a100-sxm4-80gb,2048,1,81,75.0,2048,1,896,False,0.7500799894332886,0.009015328794607395,True
zamba2,a100-sxm4-80gb,2048,4,81,75.0,2048,1,3584,False,1.3189120292663574,0.005793628644377701,True
zamba2,a100-sxm4-80gb,2048,16,81,75.0,2048,1,14336,False,4.247551918029785,0.004477889016562985,True
zamba2,a100-sxm4-80gb,2048,32,81,75.0,2048,1,28672,False,8.318976402282715,0.005022398783595905,True
zamba2,a100-sxm4-80gb,4096,1,81,75.0,2048,2,896,False,1.240064024925232,0.011359774063290346,True
zamba2,a100-sxm4-80gb,4096,4,81,75.0,2048,2,3584,False,2.3014400005340576,0.00354881339180132,True
zamba2,a100-sxm4-80gb,4096,16,81,75.0,2048,2,14336,False,8.284159660339355,0.0030605144899912345,True
zamba2,a100-sxm4-80gb,4096,32,81,75.0,2048,2,28672,False,16.472575187683105,0.005994199529606614,True
zamba2,a100-sxm4-80gb,8192,1,81,75.0,2048,4,896,False,2.241023898124695,0.010874009537806508,True
zamba2,a100-sxm4-80gb,8192,4,81,75.0,2048,4,3584,False,4.2741758823394775,0.006534668345007928,True
zamba2,a100-sxm4-80gb,8192,16,81,75.0,2048,4,14336,False,16.36403179168701,0.005363577436355707,True
zamba2,a100-sxm4-80gb,8192,32,81,75.0,2048,4,28672,False,32.77056121826172,0.013337920837127927,True
zamba2,a100-sxm4-80gb,2048,1,94,87.0,2048,1,896,False,0.7255039811134338,0.006448405869784994,True
zamba2,a100-sxm4-80gb,2048,4,94,87.0,2048,1,3584,False,1.2216320037841797,0.005613871482215718,True
zamba2,a100-sxm4-80gb,2048,16,94,87.0,2048,1,14336,False,3.96236789226532,0.005428115332898839,True
zamba2,a100-sxm4-80gb,2048,32,94,87.0,2048,1,28672,False,7.910399913787842,0.009477158830462323,True
zamba2,a100-sxm4-80gb,4096,1,94,87.0,2048,2,896,False,1.2231680154800415,0.0038314863386616892,True
zamba2,a100-sxm4-80gb,4096,4,94,87.0,2048,2,3584,False,2.111488103866577,0.00593561165584911,True
zamba2,a100-sxm4-80gb,4096,16,94,87.0,2048,2,14336,False,7.718912124633789,0.005261422580739326,True
zamba2,a100-sxm4-80gb,4096,32,94,87.0,2048,2,28672,False,15.667711734771729,0.009437229522465838,True
zamba2,a100-sxm4-80gb,8192,1,94,87.0,2048,4,896,False,2.1985280513763428,0.008361618542841835,True
zamba2,a100-sxm4-80gb,8192,4,94,87.0,2048,4,3584,False,3.880959987640381,0.005248144025662494,True
zamba2,a100-sxm4-80gb,8192,16,94,87.0,2048,4,14336,False,15.244800090789795,0.01185609098498222,True
zamba2,a100-sxm4-80gb,8192,32,94,87.0,2048,4,28672,False,31.17209529876709,0.010328310626668157,True
zamba2,a100-sxm4-80gb,2048,1,108,100.0,2048,1,896,False,0.7029759883880615,0.011356204841517453,True
zamba2,a100-sxm4-80gb,2048,4,108,100.0,2048,1,3584,False,1.1407359838485718,0.006758054487551706,True
zamba2,a100-sxm4-80gb,2048,16,108,100.0,2048,1,14336,False,3.821568012237549,0.004975783504716668,True
zamba2,a100-sxm4-80gb,2048,32,108,100.0,2048,1,28672,False,7.6917760372161865,0.012316395258143459,True
zamba2,a100-sxm4-80gb,4096,1,108,100.0,2048,2,896,False,1.2047359943389893,0.006513111333118891,True
zamba2,a100-sxm4-80gb,4096,4,108,100.0,2048,2,3584,False,1.9327999949455261,0.007340650434886229,True
zamba2,a100-sxm4-80gb,4096,16,108,100.0,2048,2,14336,False,7.46342396736145,0.00469137189183927,True
zamba2,a100-sxm4-80gb,4096,32,108,100.0,2048,2,28672,False,15.221760272979736,0.0074500375449743144,True
zamba2,a100-sxm4-80gb,8192,1,108,100.0,2048,4,896,False,2.180095911026001,0.01075062634763417,True
zamba2,a100-sxm4-80gb,8192,4,108,100.0,2048,4,3584,False,3.5379199981689453,0.0055502524122138875,True
zamba2,a100-sxm4-80gb,8192,16,108,100.0,2048,4,14336,False,14.726143836975098,0.006637136885305355,True
zamba2,a100-sxm4-80gb,8192,32,108,100.0,2048,4,28672,False,30.287872314453125,0.014331512345256574,True
zamba2,a100-sxm4-80gb,4096,1,14,13.0,4096,1,1792,False,2.8149759769439697,0.0038978112481084662,True
zamba2,a100-sxm4-80gb,4096,4,14,13.0,4096,1,7168,False,10.515456199645996,0.004681277859008371,True
zamba2,a100-sxm4-80gb,4096,16,14,13.0,4096,1,28672,False,42.05516815185547,0.009353471090365592,True
zamba2,a100-sxm4-80gb,4096,32,14,13.0,4096,1,57344,False,83.98540496826172,0.015340640113950735,True
zamba2,a100-sxm4-80gb,8192,1,14,13.0,4096,2,1792,False,5.409280061721802,0.0052000582470709865,True
zamba2,a100-sxm4-80gb,8192,4,14,13.0,4096,2,7168,False,20.86348819732666,0.006965787344994265,True
zamba2,a100-sxm4-80gb,8192,16,14,13.0,4096,2,28672,False,83.9546890258789,0.010537661248368984,True
zamba2,a100-sxm4-80gb,8192,32,14,13.0,4096,2,57344,False,167.78189086914062,0.027807004404763434,True
zamba2,a100-sxm4-80gb,4096,1,27,25.0,4096,1,1792,False,1.6481280326843262,0.005936639632913893,True
zamba2,a100-sxm4-80gb,4096,4,27,25.0,4096,1,7168,False,5.445120096206665,0.004630047271643493,True
zamba2,a100-sxm4-80gb,4096,16,27,25.0,4096,1,28672,False,21.33452796936035,0.005428287777538858,True
zamba2,a100-sxm4-80gb,4096,32,27,25.0,4096,1,57344,False,42.541568756103516,0.007115484559413661,True
zamba2,a100-sxm4-80gb,8192,1,27,25.0,4096,2,1792,False,2.961919903755188,0.004660172937881459,True
zamba2,a100-sxm4-80gb,8192,4,27,25.0,4096,2,7168,False,10.685440063476562,0.004675187931675425,True
zamba2,a100-sxm4-80gb,8192,16,27,25.0,4096,2,28672,False,42.50624084472656,0.006069238642354047,True
zamba2,a100-sxm4-80gb,8192,32,27,25.0,4096,2,57344,False,84.92031860351562,0.010119247435724524,True
zamba2,a100-sxm4-80gb,4096,1,40,37.0,4096,1,1792,False,1.326591968536377,0.006109782769174089,True
zamba2,a100-sxm4-80gb,4096,4,40,37.0,4096,1,7168,False,3.932159900665283,0.0025450701829364585,True
zamba2,a100-sxm4-80gb,4096,16,40,37.0,4096,1,28672,False,15.170047760009766,0.07196553300817873,True
zamba2,a100-sxm4-80gb,4096,32,40,37.0,4096,1,57344,False,30.2673921585083,0.005692034978079107,True
zamba2,a100-sxm4-80gb,8192,1,40,37.0,4096,2,1792,False,2.2804479598999023,0.007296077985867652,True
zamba2,a100-sxm4-80gb,8192,4,40,37.0,4096,2,7168,False,7.651327848434448,0.0047799134441077,True
zamba2,a100-sxm4-80gb,8192,16,40,37.0,4096,2,28672,False,30.1777925491333,0.005109767977859662,True
zamba2,a100-sxm4-80gb,8192,32,40,37.0,4096,2,57344,False,60.37555122375488,0.005103896030076022,True
zamba2,a100-sxm4-80gb,4096,1,54,50.0,4096,1,1792,False,1.1274240016937256,0.004372565253713606,True
zamba2,a100-sxm4-80gb,4096,4,54,50.0,4096,1,7168,False,3.023871898651123,0.005881378615862273,True
zamba2,a100-sxm4-80gb,4096,16,54,50.0,4096,1,28672,False,11.50976037979126,0.0043512369763232545,True
zamba2,a100-sxm4-80gb,4096,32,54,50.0,4096,1,57344,False,23.260672569274902,0.005045167240278609,True
zamba2,a100-sxm4-80gb,8192,1,54,50.0,4096,2,1792,False,1.8539519906044006,0.007843996010422485,True
zamba2,a100-sxm4-80gb,8192,4,54,50.0,4096,2,7168,False,5.8224639892578125,0.003837447317543849,True
zamba2,a100-sxm4-80gb,8192,16,54,50.0,4096,2,28672,False,22.86284828186035,0.002387113375922583,True
zamba2,a100-sxm4-80gb,8192,32,54,50.0,4096,2,57344,False,46.36671829223633,0.005434744347540668,True
zamba2,a100-sxm4-80gb,4096,1,68,63.0,4096,1,1792,False,1.0060800313949585,0.008953756861032284,True
zamba2,a100-sxm4-80gb,4096,4,68,63.0,4096,1,7168,False,2.505728006362915,0.004425535874107288,True
zamba2,a100-sxm4-80gb,4096,16,68,63.0,4096,1,28672,False,9.49401569366455,0.003934871704180163,True
zamba2,a100-sxm4-80gb,4096,32,68,63.0,4096,1,57344,False,19.43142318725586,0.006106928827999813,True
zamba2,a100-sxm4-80gb,8192,1,68,63.0,4096,2,1792,False,1.5979520082473755,0.007558805984270567,True
zamba2,a100-sxm4-80gb,8192,4,68,63.0,4096,2,7168,False,4.785151958465576,0.004798075602296477,True
zamba2,a100-sxm4-80gb,8192,16,68,63.0,4096,2,28672,False,18.82316780090332,0.004881248211130693,True
zamba2,a100-sxm4-80gb,8192,32,68,63.0,4096,2,57344,False,38.70207977294922,0.028794569351128493,True
zamba2,a100-sxm4-80gb,4096,1,81,75.0,4096,1,1792,False,0.9313279986381531,0.004213772089203074,True
zamba2,a100-sxm4-80gb,4096,4,81,75.0,4096,1,7168,False,2.173440098762512,0.003855668954431675,True
zamba2,a100-sxm4-80gb,4096,16,81,75.0,4096,1,28672,False,8.309760093688965,0.004073275835084478,True
zamba2,a100-sxm4-80gb,4096,32,81,75.0,4096,1,57344,False,17.166336059570312,0.005975918598042124,True
zamba2,a100-sxm4-80gb,8192,1,81,75.0,4096,2,1792,False,1.4371839761734009,0.005035094169600806,True
zamba2,a100-sxm4-80gb,8192,4,81,75.0,4096,2,7168,False,4.1205761432647705,0.004894360163514402,True
zamba2,a100-sxm4-80gb,8192,16,81,75.0,4096,2,28672,False,16.450559616088867,0.0043501717599763855,True
zamba2,a100-sxm4-80gb,8192,32,81,75.0,4096,2,57344,False,34.17804718017578,0.012558055628726805,True
zamba2,a100-sxm4-80gb,4096,1,94,87.0,4096,1,1792,False,0.8872960209846497,0.006724366076654166,True
zamba2,a100-sxm4-80gb,4096,4,94,87.0,4096,1,7168,False,1.9783680438995361,0.001806157453208947,True
zamba2,a100-sxm4-80gb,4096,16,94,87.0,4096,1,28672,False,7.896575927734375,0.005955231099249289,True
zamba2,a100-sxm4-80gb,4096,32,94,87.0,4096,1,57344,False,16.289791107177734,0.006265113517468346,True
zamba2,a100-sxm4-80gb,8192,1,94,87.0,4096,2,1792,False,1.397760033607483,0.006679179180661078,True
zamba2,a100-sxm4-80gb,8192,4,94,87.0,4096,2,7168,False,3.730944037437439,0.0036699565785279944,True
zamba2,a100-sxm4-80gb,8192,16,94,87.0,4096,2,28672,False,15.64467191696167,0.021029150396370027,True
zamba2,a100-sxm4-80gb,8192,32,94,87.0,4096,2,57344,False,32.43161582946777,0.011359644931070513,True
zamba2,a100-sxm4-80gb,4096,1,108,100.0,4096,1,1792,False,0.8447999954223633,0.007025159695356817,True
zamba2,a100-sxm4-80gb,4096,4,108,100.0,4096,1,7168,False,1.8124799728393555,0.005209119776008781,True
zamba2,a100-sxm4-80gb,4096,16,108,100.0,4096,1,28672,False,7.691263914108276,0.012668939383842634,True
zamba2,a100-sxm4-80gb,4096,32,108,100.0,4096,1,57344,False,15.88326358795166,0.006999485066670495,True
zamba2,a100-sxm4-80gb,8192,1,108,100.0,4096,2,1792,False,1.3475840091705322,0.004784770361063404,True
zamba2,a100-sxm4-80gb,8192,4,108,100.0,4096,2,7168,False,3.400191903114319,0.005955206500777783,True
zamba2,a100-sxm4-80gb,8192,16,108,100.0,4096,2,28672,False,15.221759796142578,0.0071435027305709765,True
zamba2,a100-sxm4-80gb,8192,32,108,100.0,4096,2,57344,False,31.61497688293457,0.0097601125415223,True
