L,B_req,SM,bs_obs,ntok_obs,n_fwd,per_attn_ms,per_mamba_ms,diffA_cost,diffB_sens,B_collapsed
256,1,8,1,258,256,0.5557,3.8946,0.143,1.421,
256,1,16,1,258,256,0.2883,1.9991,0.144,1.421,
256,1,24,1,258,256,0.2135,1.4213,0.150,1.421,
256,1,44,1,258,256,0.1308,0.8529,0.153,1.421,
256,1,108,1,258,256,0.0934,0.9300,0.100,1.421,
256,2,8,1,258,256,0.5555,3.8947,0.143,1.499,YES
256,2,16,1,258,256,0.2884,1.9997,0.144,1.499,YES
256,2,24,1,258,256,0.2136,1.4213,0.150,1.499,YES
256,2,44,1,258,256,0.1308,0.8508,0.154,1.499,YES
256,2,108,1,258,256,0.0839,0.8819,0.095,1.499,YES
256,4,8,3,774,128,1.1535,6.5942,0.175,1.213,YES
256,4,16,3,774,128,0.5942,3.3588,0.177,1.213,YES
256,4,24,3,774,128,0.4170,2.2987,0.181,1.213,YES
256,4,44,3,774,128,0.2471,1.3286,0.186,1.213,YES
256,4,108,3,774,128,0.1294,0.8972,0.144,1.213,YES
256,8,8,7,1806,64,2.4465,11.7383,0.208,1.061,YES
256,8,16,7,1806,64,1.2567,5.9817,0.210,1.061,YES
256,8,24,7,1806,64,0.8679,4.0720,0.213,1.061,YES
256,8,44,7,1806,64,0.5006,2.2870,0.219,1.061,YES
256,8,108,6,1548,64,0.2473,1.2593,0.196,1.061,YES
256,16,8,13,3354,32,4.9247,22.2334,0.222,1.145,YES
256,16,16,15,3870,32,2.5260,11.2824,0.224,1.145,YES
256,16,24,15,3870,32,1.7177,7.5803,0.227,1.145,YES
256,16,44,15,3870,32,0.9736,4.2599,0.229,1.145,YES
256,16,108,1,258,32,0.4085,2.1125,0.193,1.145,YES
512,1,8,1,514,256,1.4563,6.4804,0.225,1.220,
512,1,16,1,514,256,0.7471,3.3102,0.226,1.220,
512,1,24,1,514,256,0.5255,2.2786,0.231,1.220,
512,1,44,1,514,256,0.3161,1.3021,0.243,1.220,
512,1,108,1,514,256,0.1635,0.8874,0.184,1.220,
512,2,8,1,514,256,1.4563,6.4787,0.225,1.187,YES
512,2,16,1,514,256,0.7469,3.3096,0.226,1.187,YES
512,2,24,1,514,256,0.5255,2.2784,0.231,1.187,YES
512,2,44,1,514,256,0.3162,1.3026,0.243,1.187,YES
512,2,108,1,514,256,0.1630,0.8610,0.189,1.187,YES
512,4,8,3,1542,128,3.1374,11.5887,0.271,1.041,YES
512,4,16,3,1542,128,1.6042,5.9302,0.271,1.041,YES
512,4,24,3,1542,128,1.0912,3.9994,0.273,1.041,YES
512,4,44,3,1542,128,0.6359,2.2858,0.278,1.041,YES
512,4,108,1,514,128,0.2976,1.1446,0.260,1.041,YES
512,8,8,7,3598,64,6.4729,21.8284,0.297,0.959,YES
512,8,16,7,3598,64,3.2989,11.0443,0.299,0.959,YES
512,8,24,7,3598,64,2.2324,7.4616,0.299,0.959,YES
512,8,44,7,3598,64,1.2714,4.1391,0.307,0.959,YES
512,8,108,7,3598,64,0.5912,1.9113,0.309,0.959,YES
512,16,8,15,7710,32,13.0227,42.6203,0.306,1.234,YES
512,16,16,14,7196,32,6.6239,21.4830,0.308,1.234,YES
512,16,24,15,7710,32,4.4672,14.3987,0.310,1.234,YES
512,16,44,15,7710,32,2.5102,7.9699,0.315,1.234,YES
512,16,108,15,7710,32,1.0811,4.3668,0.248,1.234,YES
1024,1,8,1,1026,256,4.4778,11.4135,0.392,0.905,
1024,1,16,1,1026,256,2.2918,5.8014,0.395,0.905,
1024,1,24,1,1026,256,1.5897,3.8937,0.408,0.905,
1024,1,44,1,1026,256,0.9132,2.2816,0.400,0.905,
1024,1,108,1,1026,256,0.4293,0.9905,0.433,0.905,
1024,2,8,1,1026,256,4.4764,11.4094,0.392,0.904,YES
1024,2,16,1,1026,256,2.2941,5.8076,0.395,0.904,YES
1024,2,24,1,1026,256,1.5891,3.8925,0.408,0.904,YES
1024,2,44,1,1026,256,0.9127,2.2816,0.400,0.904,YES
1024,2,108,1,1026,256,0.4296,0.9902,0.434,0.904,YES
1024,4,8,3,3078,128,9.5943,21.4380,0.448,0.954,YES
1024,4,16,3,3078,128,4.8956,10.8776,0.450,0.954,YES
1024,4,24,3,3078,128,3.3114,7.2998,0.454,0.954,YES
1024,4,44,3,3078,128,1.8699,4.0967,0.456,0.954,YES
1024,4,108,3,3078,128,0.8455,1.8025,0.469,0.954,YES
1024,8,8,7,7182,64,19.5329,41.7455,0.468,0.969,YES
1024,8,16,7,7182,64,9.9357,21.1414,0.470,0.969,YES
1024,8,24,7,7182,64,6.6836,14.1560,0.472,0.969,YES
1024,8,44,7,7182,64,3.7364,7.8657,0.475,0.969,YES
1024,8,108,7,7182,64,1.6728,3.4660,0.483,0.969,YES
1024,16,8,15,15390,32,39.2720,81.9632,0.479,0.945,YES
1024,16,16,13,13338,32,19.9750,41.4703,0.482,0.945,YES
1024,16,24,13,13338,32,13.3850,27.6575,0.484,0.945,YES
1024,16,44,15,15390,32,7.4444,15.2242,0.489,0.945,YES
1024,16,108,1,1026,32,3.1075,6.1279,0.507,0.945,YES
2048,1,8,1,2050,128,16.2537,21.4249,0.759,0.990,
2048,1,16,1,2050,128,8.1765,10.7900,0.758,0.990,
2048,1,24,1,2050,128,5.5632,7.3431,0.758,0.990,
2048,1,44,1,2050,128,3.1108,3.9930,0.779,0.990,
2048,1,108,1,2050,128,1.3628,1.7792,0.766,0.990,
2048,2,8,1,2050,128,16.2480,21.4159,0.759,0.990,YES
2048,2,16,1,2050,128,8.1733,10.7827,0.758,0.990,YES
2048,2,24,1,2050,128,5.5621,7.3416,0.758,0.990,YES
2048,2,44,1,2050,128,3.1062,3.9870,0.779,0.990,YES
2048,2,108,1,2050,128,1.3645,1.7804,0.766,0.990,YES
2048,4,8,3,6150,64,33.2348,41.7518,0.796,0.970,YES
2048,4,16,3,6150,64,16.7879,21.0379,0.798,0.970,YES
2048,4,24,3,6150,64,11.2690,14.1199,0.798,0.970,YES
2048,4,44,3,6150,64,6.2767,7.7667,0.808,0.970,YES
2048,4,108,3,6150,64,2.7380,3.3359,0.821,0.970,YES
2048,8,8,7,14350,32,66.8078,81.8859,0.816,0.970,YES
2048,8,16,7,14350,32,33.7309,41.1876,0.819,0.970,YES
2048,8,24,7,14350,32,22.6218,27.6416,0.818,0.970,YES
2048,8,44,7,14350,32,12.5121,15.1157,0.828,0.970,YES
2048,8,108,7,14350,32,5.4608,6.4902,0.841,0.970,YES
2048,16,8,15,30750,16,133.8952,162.4491,0.824,0.960,YES
2048,16,16,14,28700,16,67.6047,81.6912,0.828,0.960,YES
2048,16,24,15,30750,16,45.2470,54.6774,0.828,0.960,YES
2048,16,44,15,30750,16,24.9696,29.8980,0.835,0.960,YES
2048,16,108,15,30750,16,11.0445,12.8606,0.859,0.960,YES
4096,1,8,1,4098,64,60.2720,41.6450,1.447,1.032,
4096,1,16,1,4098,64,30.4910,21.0914,1.446,1.032,
4096,1,24,1,4098,64,20.4951,14.1694,1.446,1.032,
4096,1,44,1,4098,64,11.3336,7.7388,1.465,1.032,
4096,1,108,1,4098,64,4.7891,3.4134,1.403,1.032,
4096,2,8,1,4098,64,60.2639,41.6430,1.447,1.013,YES
4096,2,16,1,4098,64,30.5019,21.0944,1.446,1.013,YES
4096,2,24,1,4098,64,20.4999,14.1698,1.447,1.013,YES
4096,2,44,1,4098,64,11.3325,7.7366,1.465,1.013,YES
4096,2,108,1,4098,64,4.7793,3.3443,1.429,1.013,YES
4096,4,8,3,12294,32,121.3144,81.4376,1.490,0.994,YES
4096,4,16,3,12294,32,61.3395,41.1493,1.491,0.994,YES
4096,4,24,3,12294,32,41.0229,27.5180,1.491,0.994,YES
4096,4,44,3,12294,32,22.6072,15.1006,1.497,0.994,YES
4096,4,108,3,12294,32,9.6279,6.4262,1.498,0.994,YES
4096,8,8,7,28686,16,243.0051,161.1986,1.507,0.992,YES
4096,8,16,7,28686,16,122.7699,81.4047,1.508,0.992,YES
4096,8,24,7,28686,16,82.0375,54.4396,1.507,0.992,YES
4096,8,44,7,28686,16,45.0744,29.7476,1.515,0.992,YES
4096,8,108,7,28686,16,19.5342,12.8589,1.519,0.992,YES
4096,16,8,15,61470,8,486.1818,320.6349,1.516,0.967,YES
4096,16,16,15,61470,8,245.4424,161.6605,1.518,0.967,YES
4096,16,24,15,61470,8,163.9263,108.0413,1.517,0.967,YES
4096,16,44,15,61470,8,90.0440,59.0739,1.524,0.967,YES
4096,16,108,15,61470,8,39.6110,25.2652,1.568,0.967,YES
8192,1,8,1,8194,32,230.8075,81.2863,2.839,1.083,
8192,1,16,1,8194,32,116.6508,41.0720,2.840,1.083,
8192,1,24,1,8194,32,78.0771,27.4834,2.841,1.083,
8192,1,44,1,8194,32,42.8959,15.0440,2.851,1.083,
8192,1,108,1,8194,32,17.6856,6.7436,2.623,1.083,
8192,2,8,1,8194,32,230.8038,81.3011,2.839,1.033,YES
8192,2,16,1,8194,32,116.6417,41.0654,2.840,1.033,YES
8192,2,24,1,8194,32,78.0183,27.4696,2.840,1.033,YES
8192,2,44,1,8194,32,42.9124,15.0387,2.853,1.033,YES
8192,2,108,1,8194,32,17.7429,6.4570,2.748,1.033,YES
8192,4,8,3,24582,16,462.3847,160.8525,2.875,1.001,YES
8192,4,16,3,24582,16,233.4521,81.2347,2.874,1.001,YES
8192,4,24,3,24582,16,155.7404,54.2220,2.872,1.001,YES
8192,4,44,3,24582,16,85.5525,29.7483,2.876,1.001,YES
8192,4,108,3,24582,16,36.1306,12.5843,2.871,1.001,YES
8192,8,8,7,57358,8,926.2848,320.1909,2.893,1.009,YES
8192,8,16,7,57358,8,466.7599,161.3122,2.894,1.009,YES
8192,8,24,7,57358,8,311.4025,107.8278,2.888,1.009,YES
8192,8,44,7,57358,8,170.8185,59.0199,2.894,1.009,YES
8192,8,108,7,57358,8,73.0273,25.4821,2.866,1.009,YES
8192,16,8,1,8194,4,1110.6691,373.1845,2.976,1.000,YES
8192,16,16,1,8194,4,560.5643,188.0084,2.982,1.000,YES
8192,16,24,1,8194,4,373.8275,125.6913,2.974,1.000,YES
8192,16,44,1,8194,4,204.8442,68.7902,2.978,1.000,YES
8192,16,108,1,8194,4,87.5746,29.4255,2.976,1.000,YES
16384,1,8,1,16386,16,901.2378,160.4901,5.616,1.070,
16384,1,16,1,16386,16,455.6951,81.0507,5.622,1.070,
16384,1,24,1,16386,16,303.4412,54.1973,5.599,1.070,
16384,1,44,1,16386,16,166.2711,29.7193,5.595,1.070,
16384,1,108,1,16386,16,69.2704,13.1992,5.248,1.070,
16384,2,8,1,16386,16,901.3140,160.4442,5.618,1.025,YES
16384,2,16,1,16386,16,455.7732,81.0290,5.625,1.025,YES
16384,2,24,1,16386,16,303.4942,54.1309,5.607,1.025,YES
16384,2,44,1,16386,16,166.1939,29.6713,5.601,1.025,YES
16384,2,108,1,16386,16,69.3207,12.6456,5.482,1.025,YES
16384,4,8,3,49158,8,1805.1705,319.5215,5.650,1.018,YES
16384,4,16,3,49158,8,911.7328,161.3249,5.652,1.018,YES
16384,4,24,3,49158,8,606.4871,107.5536,5.639,1.018,YES
16384,4,44,3,49158,8,331.5435,58.9194,5.627,1.018,YES
16384,4,108,3,49158,8,140.2390,25.2651,5.551,1.018,YES
16384,8,8,4,65536,4,3212.9890,505.8576,6.352,1.324,YES
16384,8,16,1,16386,4,1280.4539,195.3460,6.555,1.324,YES
16384,8,24,1,16386,4,853.0375,130.3640,6.544,1.324,YES
16384,8,44,1,16386,4,466.4624,71.4104,6.532,1.324,YES
16384,8,108,1,16386,4,195.4233,40.7240,4.799,1.324,YES
16384,16,8,5,65536,8,3840.5177,567.3743,6.769,1.027,YES
16384,16,16,5,65536,8,1937.3490,285.7853,6.779,1.027,YES
16384,16,24,5,65536,8,1327.5364,197.2530,6.730,1.027,YES
16384,16,44,5,65536,8,704.2351,104.3205,6.751,1.027,YES
16384,16,108,5,65536,8,303.7440,46.0786,6.592,1.027,YES
32768,1,8,1,32770,16,3558.0401,319.2513,11.145,1.017,
32768,1,16,1,32770,16,1795.5550,161.1298,11.144,1.017,
32768,1,24,1,32770,16,1195.9183,107.5913,11.115,1.017,
32768,1,44,1,32770,16,654.6142,58.9510,11.104,1.017,
32768,1,108,1,32770,16,273.4487,24.9488,10.960,1.017,
32768,2,8,1,32770,16,3560.8411,319.4982,11.145,1.019,YES
32768,2,16,1,32770,16,1794.3130,160.9749,11.147,1.019,YES
32768,2,24,1,32770,16,1196.8843,107.7452,11.108,1.019,YES
32768,2,44,1,32770,16,654.2193,58.9206,11.103,1.019,YES
32768,2,108,1,32770,16,273.5512,25.0073,10.939,1.019,YES
32768,4,8,2,32774,12,7433.8243,449.7807,16.528,1.096,YES
32768,4,16,2,32774,12,3748.4264,226.6162,16.541,1.096,YES
32768,4,24,2,32774,12,2498.7139,151.4050,16.504,1.096,YES
32768,4,44,2,32774,12,1365.1849,82.8703,16.474,1.096,YES
32768,4,108,2,32774,12,567.3269,37.6363,15.074,1.096,YES
32768,8,8,3,65536,8,9829.4864,581.7761,16.896,1.078,YES
32768,8,16,3,65536,8,4956.3233,293.0517,16.913,1.078,YES
32768,8,24,3,65536,8,3304.5904,195.8418,16.874,1.078,YES
32768,8,44,3,65536,8,1804.7859,107.2828,16.823,1.078,YES
32768,8,108,3,65536,8,749.1072,47.7809,15.678,1.078,YES
32768,16,8,2,32782,20,10560.5405,590.5425,17.883,1.041,YES
32768,16,16,2,32782,20,5322.5997,297.2036,17.909,1.041,YES
32768,16,24,2,32782,20,3549.3078,198.5406,17.877,1.041,YES
32768,16,44,2,32782,20,1937.2126,108.6242,17.834,1.041,YES
32768,16,108,2,32782,20,803.3291,46.7429,17.186,1.041,YES
